object_id,source_id,source_type,citation,locator,access_url,access_status
IBI-007D77A72CEE,SRC-72D809FB4249,catalogue,"Segal, J. B., with Erica C. D. Hunter. Catalogue of the Aramaic and Mandaic Incantation Bowls in the British Museum. London: British Museum Press, 2000.",text 089M; section pp. 103–146,https://www.britishmuseum.org/collection/term/BIB3908,partial
IBI-013FBB80706C,SRC-943673B56FB8,book,"Montgomery, James A. Aramaic Incantation Texts from Nippur. University Museum, Babylonian Section, Publications 3. Philadelphia, 1913.","p. 322, item 7",https://archive.org/details/aramaicincantati00mont,available
IBI-01B582E3244E,SRC-72D809FB4249,catalogue,"Segal, J. B., with Erica C. D. Hunter. Catalogue of the Aramaic and Mandaic Incantation Bowls in the British Museum. London: British Museum Press, 2000.",text 119ES; section pp. 147–149,https://www.britishmuseum.org/collection/term/BIB3908,partial
IBI-01CFAFC981BF,SRC-AFDBED16E322,book,"Talalay, Lauren E., and Margaret Cool Root, eds. Passionate Curiosities. Kelsey Museum of Archaeology, 2015, p. 38, object KM 19504.","p. 38, object KM 19504",https://lsa.umich.edu/content/dam/kelsey-assets/kelsey-publications/pdfs/passionate-curiosities.pdf,available
IBI-01F4DCFD953A,SRC-72D809FB4249,catalogue,"Segal, J. B., with Erica C. D. Hunter. Catalogue of the Aramaic and Mandaic Incantation Bowls in the British Museum. London: British Museum Press, 2000.",text 130Ps; section pp. 150–162,https://www.britishmuseum.org/collection/term/BIB3908,partial
IBI-021B030E5BF0,SRC-72D809FB4249,catalogue,"Segal, J. B., with Erica C. D. Hunter. Catalogue of the Aramaic and Mandaic Incantation Bowls in the British Museum. London: British Museum Press, 2000.",text 035A; section pp. 43–102,https://www.britishmuseum.org/collection/term/BIB3908,partial
IBI-023E77FA4EA0,SRC-73C44B143A9D,book,"Waller, Daniel James, with contributions by Dorota Molin. The Bible in the Bowls: A Catalogue of Biblical Quotations in Published Jewish Babylonian Aramaic Magic Bowls. Cambridge: Open Book Publishers, 2022. DOI: 10.11647/OBP.0305.","p. 160, distribution table, M 164",https://doi.org/10.11647/OBP.0305,available
IBI-035BA4ABBE6D,SRC-25F456A40523,article,"Martínez Borobio, Emiliano. “A Magical Bowl in Judaeo-Aramaic.” Isimu 6 (2003): 323–336. https://doi.org/10.15366/isimu2003.6.018.","pp. 323–336, bowl AC-MSEF",https://doi.org/10.15366/isimu2003.6.018,available
IBI-035BA4ABBE6D,SRC-25F456A40523,article,"Martínez Borobio, Emiliano. “A Magical Bowl in Judaeo-Aramaic.” Isimu 6 (2003): 323–336. https://doi.org/10.15366/isimu2003.6.018.",pp. 323–336; AC-MSEF,https://doi.org/10.15366/isimu2003.6.018,available
IBI-03DD4136BA32,SRC-EB27DA285DC5,chapter,"Fain, Tatyana, James Nathan Ford, and Alexey Lyavdansky. ‘Aramaic Incantation Bowls at the State Hermitage Museum, St. Petersburg.’ In Babel und Bibel 9 (Winona Lake: Eisenbrauns, 2016), 283–316.","bowl S-446, pp. 283–316",https://publications.hse.ru/en/chapters/211068754,partial
IBI-046C568A20AD,SRC-73C44B143A9D,book,"Waller, Daniel James, with contributions by Dorota Molin. The Bible in the Bowls: A Catalogue of Biblical Quotations in Published Jewish Babylonian Aramaic Magic Bowls. Cambridge: Open Book Publishers, 2022. DOI: 10.11647/OBP.0305.","p. 161, distribution table, A33965",https://doi.org/10.11647/OBP.0305,available
IBI-0486433C4AA1,SRC-73C44B143A9D,book,"Waller, Daniel James, with contributions by Dorota Molin. The Bible in the Bowls: A Catalogue of Biblical Quotations in Published Jewish Babylonian Aramaic Magic Bowls. Cambridge: Open Book Publishers, 2022. DOI: 10.11647/OBP.0305.","p. 156, distribution table, JBA 07",https://doi.org/10.11647/OBP.0305,available
IBI-0585D0CB4219,SRC-73C44B143A9D,book,"Waller, Daniel James, with contributions by Dorota Molin. The Bible in the Bowls: A Catalogue of Biblical Quotations in Published Jewish Babylonian Aramaic Magic Bowls. Cambridge: Open Book Publishers, 2022. DOI: 10.11647/OBP.0305.","p. 160, distribution table, MS 1927/2",https://doi.org/10.11647/OBP.0305,available
IBI-05936B466DF6,SRC-6D313A7AA389,catalogue,"Brand, Mattias, with Alexandra Probst. Working List of Syriac ‘Manichaean’ Incantation Bowls. Version 1, June 2021.","p. 1, item 2",,available
IBI-06712C7D2130,SRC-6D313A7AA389,catalogue,"Brand, Mattias, with Alexandra Probst. Working List of Syriac ‘Manichaean’ Incantation Bowls. Version 1, June 2021.","p. 2, item 26",,available
IBI-070B31F47013,SRC-73C44B143A9D,book,"Waller, Daniel James, with contributions by Dorota Molin. The Bible in the Bowls: A Catalogue of Biblical Quotations in Published Jewish Babylonian Aramaic Magic Bowls. Cambridge: Open Book Publishers, 2022. DOI: 10.11647/OBP.0305.","p. 159, distribution table, Aaron B",https://doi.org/10.11647/OBP.0305,available
IBI-071DAEFA6D11,SRC-73C44B143A9D,book,"Waller, Daniel James, with contributions by Dorota Molin. The Bible in the Bowls: A Catalogue of Biblical Quotations in Published Jewish Babylonian Aramaic Magic Bowls. Cambridge: Open Book Publishers, 2022. DOI: 10.11647/OBP.0305.","p. 156, distribution table, JBA 02",https://doi.org/10.11647/OBP.0305,available
IBI-074BAE1D8DED,SRC-72D809FB4249,catalogue,"Segal, J. B., with Erica C. D. Hunter. Catalogue of the Aramaic and Mandaic Incantation Bowls in the British Museum. London: British Museum Press, 2000.",text 053A; section pp. 43–102,https://www.britishmuseum.org/collection/term/BIB3908,partial
IBI-078201A1B578,SRC-6D313A7AA389,catalogue,"Brand, Mattias, with Alexandra Probst. Working List of Syriac ‘Manichaean’ Incantation Bowls. Version 1, June 2021.","p. 2, item 20",,available
IBI-079F0B82D514,SRC-943673B56FB8,book,"Montgomery, James A. Aramaic Incantation Texts from Nippur. University Museum, Babylonian Section, Publications 3. Philadelphia, 1913.","p. 325, item 31",https://archive.org/details/aramaicincantati00mont,available
IBI-087C6E4D7329,SRC-73C44B143A9D,book,"Waller, Daniel James, with contributions by Dorota Molin. The Bible in the Bowls: A Catalogue of Biblical Quotations in Published Jewish Babylonian Aramaic Magic Bowls. Cambridge: Open Book Publishers, 2022. DOI: 10.11647/OBP.0305.","p. 153, distribution table, Isbell 19",https://doi.org/10.11647/OBP.0305,available
IBI-08E893BAB0D7,SRC-EB27DA285DC5,chapter,"Fain, Tatyana, James Nathan Ford, and Alexey Lyavdansky. ‘Aramaic Incantation Bowls at the State Hermitage Museum, St. Petersburg.’ In Babel und Bibel 9 (Winona Lake: Eisenbrauns, 2016), 283–316.","bowl S-442, pp. 283–316",https://publications.hse.ru/en/chapters/211068754,partial
IBI-09AF8E775E18,SRC-72D809FB4249,catalogue,"Segal, J. B., with Erica C. D. Hunter. Catalogue of the Aramaic and Mandaic Incantation Bowls in the British Museum. London: British Museum Press, 2000.",text 038A; section pp. 43–102,https://www.britishmuseum.org/collection/term/BIB3908,partial
IBI-09B23B2CE047,SRC-A90AB34CA3FE,thesis,"Kedar, Dorit. Who Wrote the Incantation Bowls? PhD dissertation, Freie Universität Berlin, 2019. DOI: 10.17169/refubium-2273.","p. 134, note 546; designation HS 3003",https://doi.org/10.17169/refubium-2273,available
IBI-09C22FFFD031,SRC-A90AB34CA3FE,thesis,"Kedar, Dorit. Who Wrote the Incantation Bowls? PhD dissertation, Freie Universität Berlin, 2019. DOI: 10.17169/refubium-2273.","p. 102, table 6, NFP 1",https://doi.org/10.17169/refubium-2273,available
IBI-0A0808CD163E,SRC-72D809FB4249,catalogue,"Segal, J. B., with Erica C. D. Hunter. Catalogue of the Aramaic and Mandaic Incantation Bowls in the British Museum. London: British Museum Press, 2000.",text 048A; section pp. 43–102,https://www.britishmuseum.org/collection/term/BIB3908,partial
IBI-0A4638EC11A0,SRC-72D809FB4249,catalogue,"Segal, J. B., with Erica C. D. Hunter. Catalogue of the Aramaic and Mandaic Incantation Bowls in the British Museum. London: British Museum Press, 2000.",text 019A; section pp. 43–102,https://www.britishmuseum.org/collection/term/BIB3908,partial
IBI-0B9D7E67D854,SRC-73C44B143A9D,book,"Waller, Daniel James, with contributions by Dorota Molin. The Bible in the Bowls: A Catalogue of Biblical Quotations in Published Jewish Babylonian Aramaic Magic Bowls. Cambridge: Open Book Publishers, 2022. DOI: 10.11647/OBP.0305.","p. 154, distribution table, MSF 22",https://doi.org/10.11647/OBP.0305,available
IBI-0BF39B9EA89F,SRC-73C44B143A9D,book,"Waller, Daniel James, with contributions by Dorota Molin. The Bible in the Bowls: A Catalogue of Biblical Quotations in Published Jewish Babylonian Aramaic Magic Bowls. Cambridge: Open Book Publishers, 2022. DOI: 10.11647/OBP.0305.","p. 158, distribution table, JBA 113",https://doi.org/10.11647/OBP.0305,available
IBI-0C53EA838205,SRC-CA4B122C5F4D,article,"Abudraham, Ohad. ‘Bridging the Gaps: A New Jewish Aramaic Incantation Bowl and Its Parallels.’ JSS 71, no. 1 (2026): 105–134.","NLI Ms. Heb. 9467.163, pp. 105–134",https://doi.org/10.1093/jss/fgaf025,available
IBI-0CDECCBBB862,SRC-73C44B143A9D,book,"Waller, Daniel James, with contributions by Dorota Molin. The Bible in the Bowls: A Catalogue of Biblical Quotations in Published Jewish Babylonian Aramaic Magic Bowls. Cambridge: Open Book Publishers, 2022. DOI: 10.11647/OBP.0305.","p. 155, distribution table, M 117",https://doi.org/10.11647/OBP.0305,available
IBI-0D8026ACFDC0,SRC-A90AB34CA3FE,thesis,"Kedar, Dorit. Who Wrote the Incantation Bowls? PhD dissertation, Freie Universität Berlin, 2019. DOI: 10.17169/refubium-2273.","p. 102, table 6, NFP 10 and note 417",https://doi.org/10.17169/refubium-2273,available
IBI-0EA741BCC672,SRC-73C44B143A9D,book,"Waller, Daniel James, with contributions by Dorota Molin. The Bible in the Bowls: A Catalogue of Biblical Quotations in Published Jewish Babylonian Aramaic Magic Bowls. Cambridge: Open Book Publishers, 2022. DOI: 10.11647/OBP.0305.","p. 155, distribution table, CAMIB 65",https://doi.org/10.11647/OBP.0305,available
IBI-0EC7827D64A8,SRC-73C44B143A9D,book,"Waller, Daniel James, with contributions by Dorota Molin. The Bible in the Bowls: A Catalogue of Biblical Quotations in Published Jewish Babylonian Aramaic Magic Bowls. Cambridge: Open Book Publishers, 2022. DOI: 10.11647/OBP.0305.","p. 154, distribution table, AMB 09",https://doi.org/10.11647/OBP.0305,available
IBI-1096AC7149EC,SRC-73C44B143A9D,book,"Waller, Daniel James, with contributions by Dorota Molin. The Bible in the Bowls: A Catalogue of Biblical Quotations in Published Jewish Babylonian Aramaic Magic Bowls. Cambridge: Open Book Publishers, 2022. DOI: 10.11647/OBP.0305.","p. 157, distribution table, JBA 12",https://doi.org/10.11647/OBP.0305,available
IBI-11735829BDED,SRC-73C44B143A9D,book,"Waller, Daniel James, with contributions by Dorota Molin. The Bible in the Bowls: A Catalogue of Biblical Quotations in Published Jewish Babylonian Aramaic Magic Bowls. Cambridge: Open Book Publishers, 2022. DOI: 10.11647/OBP.0305.","p. 158, distribution table, JBA 87",https://doi.org/10.11647/OBP.0305,available
IBI-11FC2F150C46,SRC-73C44B143A9D,book,"Waller, Daniel James, with contributions by Dorota Molin. The Bible in the Bowls: A Catalogue of Biblical Quotations in Published Jewish Babylonian Aramaic Magic Bowls. Cambridge: Open Book Publishers, 2022. DOI: 10.11647/OBP.0305.","p. 158, distribution table, JBA 73",https://doi.org/10.11647/OBP.0305,available
IBI-1255BB27ADF4,SRC-72D809FB4249,catalogue,"Segal, J. B., with Erica C. D. Hunter. Catalogue of the Aramaic and Mandaic Incantation Bowls in the British Museum. London: British Museum Press, 2000.",text 094M; section pp. 103–146,https://www.britishmuseum.org/collection/term/BIB3908,partial
IBI-12617DC13FC0,SRC-A84A167A5779,article,"Levene, Dan, and Siam Bhayro. ‘Bring to the Gates … upon a Good Smell and upon Good Fragrances.’ Archiv für Orientforschung 51 (2005/2006): 242–246.",pp. 242–246,https://openalex.org/W27568255,partial
IBI-12E9DEF48BE8,SRC-73C44B143A9D,book,"Waller, Daniel James, with contributions by Dorota Molin. The Bible in the Bowls: A Catalogue of Biblical Quotations in Published Jewish Babylonian Aramaic Magic Bowls. Cambridge: Open Book Publishers, 2022. DOI: 10.11647/OBP.0305.","p. 159, distribution table, HS 3027",https://doi.org/10.11647/OBP.0305,available
IBI-131463D92B2C,SRC-6D313A7AA389,catalogue,"Brand, Mattias, with Alexandra Probst. Working List of Syriac ‘Manichaean’ Incantation Bowls. Version 1, June 2021.","p. 2, item 24",,available
IBI-1417A2ECD0F9,SRC-73C44B143A9D,book,"Waller, Daniel James, with contributions by Dorota Molin. The Bible in the Bowls: A Catalogue of Biblical Quotations in Published Jewish Babylonian Aramaic Magic Bowls. Cambridge: Open Book Publishers, 2022. DOI: 10.11647/OBP.0305.","p. 159, distribution table, Aaron F",https://doi.org/10.11647/OBP.0305,available
IBI-1482A1A5029F,SRC-72D809FB4249,catalogue,"Segal, J. B., with Erica C. D. Hunter. Catalogue of the Aramaic and Mandaic Incantation Bowls in the British Museum. London: British Museum Press, 2000.",text 067A; section pp. 43–102,https://www.britishmuseum.org/collection/term/BIB3908,partial
IBI-14DE93A591AB,SRC-72D809FB4249,catalogue,"Segal, J. B., with Erica C. D. Hunter. Catalogue of the Aramaic and Mandaic Incantation Bowls in the British Museum. London: British Museum Press, 2000.",text 032A; section pp. 43–102,https://www.britishmuseum.org/collection/term/BIB3908,partial
IBI-15FA5AB2FD95,SRC-72D809FB4249,catalogue,"Segal, J. B., with Erica C. D. Hunter. Catalogue of the Aramaic and Mandaic Incantation Bowls in the British Museum. London: British Museum Press, 2000.",text 023A; section pp. 43–102,https://www.britishmuseum.org/collection/term/BIB3908,partial
IBI-16003DD63F46,SRC-72D809FB4249,catalogue,"Segal, J. B., with Erica C. D. Hunter. Catalogue of the Aramaic and Mandaic Incantation Bowls in the British Museum. London: British Museum Press, 2000.",text 086M; section pp. 103–146,https://www.britishmuseum.org/collection/term/BIB3908,partial
IBI-160D40AE5C30,SRC-73C44B143A9D,book,"Waller, Daniel James, with contributions by Dorota Molin. The Bible in the Bowls: A Catalogue of Biblical Quotations in Published Jewish Babylonian Aramaic Magic Bowls. Cambridge: Open Book Publishers, 2022. DOI: 10.11647/OBP.0305.","p. 160, distribution table, MS 1927/9",https://doi.org/10.11647/OBP.0305,available
IBI-16895A57D419,SRC-6D313A7AA389,catalogue,"Brand, Mattias, with Alexandra Probst. Working List of Syriac ‘Manichaean’ Incantation Bowls. Version 1, June 2021.","p. 2, item 21",,available
IBI-179214179AA4,SRC-83A3DFDE7924,chapter,"Morgenstern, Matthew. “Mandaic Magic Bowls in the Moussaieff Collection: A Preliminary Survey.” In New Inscriptions and Seals Relating to the Biblical World, 157–170. Society of Biblical Literature, 2012. https://doi.org/10.2307/j.ctt32bzp2.17.","p. 160, M24",https://doi.org/10.2307/j.ctt32bzp2.17,partial
IBI-17B5BAA1746B,SRC-6D313A7AA389,catalogue,"Brand, Mattias, with Alexandra Probst. Working List of Syriac ‘Manichaean’ Incantation Bowls. Version 1, June 2021.","p. 2, item 22",,available
IBI-17BB2C48B051,SRC-F09573688FD1,article,"Šafiʿī, Ibrāhīm. ‘Five Earthenware Mandaic Incantation Bowls in Ābgīne Museum, Tehrān.’ Journal of Semitic Studies 70.1 (2025): 1–30, object 108–S.",abstract; object 109–S,https://doi.org/10.1093/jss/fgae027,paywalled
IBI-17CAC92E4C51,SRC-72D809FB4249,catalogue,"Segal, J. B., with Erica C. D. Hunter. Catalogue of the Aramaic and Mandaic Incantation Bowls in the British Museum. London: British Museum Press, 2000.",text 030A; section pp. 43–102,https://www.britishmuseum.org/collection/term/BIB3908,partial
IBI-17E201FE4602,SRC-72D809FB4249,catalogue,"Segal, J. B., with Erica C. D. Hunter. Catalogue of the Aramaic and Mandaic Incantation Bowls in the British Museum. London: British Museum Press, 2000.",text 071A; section pp. 43–102,https://www.britishmuseum.org/collection/term/BIB3908,partial
IBI-193FF4627DC7,SRC-A90AB34CA3FE,thesis,"Kedar, Dorit. Who Wrote the Incantation Bowls? PhD dissertation, Freie Universität Berlin, 2019. DOI: 10.17169/refubium-2273.","p. 134, note 546; designation JNF 188",https://doi.org/10.17169/refubium-2273,available
IBI-19E101F5D705,SRC-73C44B143A9D,book,"Waller, Daniel James, with contributions by Dorota Molin. The Bible in the Bowls: A Catalogue of Biblical Quotations in Published Jewish Babylonian Aramaic Magic Bowls. Cambridge: Open Book Publishers, 2022. DOI: 10.11647/OBP.0305.","p. 154, distribution table, AMB 11",https://doi.org/10.11647/OBP.0305,available
IBI-1A098436B031,SRC-6D313A7AA389,catalogue,"Brand, Mattias, with Alexandra Probst. Working List of Syriac ‘Manichaean’ Incantation Bowls. Version 1, June 2021.","p. 1, item 6",,available
IBI-1A2C37C1994B,SRC-73C44B143A9D,book,"Waller, Daniel James, with contributions by Dorota Molin. The Bible in the Bowls: A Catalogue of Biblical Quotations in Published Jewish Babylonian Aramaic Magic Bowls. Cambridge: Open Book Publishers, 2022. DOI: 10.11647/OBP.0305.","p. 161, distribution table, VA 3853",https://doi.org/10.11647/OBP.0305,available
IBI-1AAF876317AA,SRC-72D809FB4249,catalogue,"Segal, J. B., with Erica C. D. Hunter. Catalogue of the Aramaic and Mandaic Incantation Bowls in the British Museum. London: British Museum Press, 2000.",text 131Ps; section pp. 150–162,https://www.britishmuseum.org/collection/term/BIB3908,partial
IBI-1B3C1020F7B0,SRC-73C44B143A9D,book,"Waller, Daniel James, with contributions by Dorota Molin. The Bible in the Bowls: A Catalogue of Biblical Quotations in Published Jewish Babylonian Aramaic Magic Bowls. Cambridge: Open Book Publishers, 2022. DOI: 10.11647/OBP.0305.","p. 154, distribution table, AMB 03",https://doi.org/10.11647/OBP.0305,available
IBI-1B4164A69AEB,SRC-72D809FB4249,catalogue,"Segal, J. B., with Erica C. D. Hunter. Catalogue of the Aramaic and Mandaic Incantation Bowls in the British Museum. London: British Museum Press, 2000.",text 087M; section pp. 103–146,https://www.britishmuseum.org/collection/term/BIB3908,partial
IBI-1B7355F5BA43,SRC-73C44B143A9D,book,"Waller, Daniel James, with contributions by Dorota Molin. The Bible in the Bowls: A Catalogue of Biblical Quotations in Published Jewish Babylonian Aramaic Magic Bowls. Cambridge: Open Book Publishers, 2022. DOI: 10.11647/OBP.0305.","p. 162, distribution table, Müller-Kessler 2013",https://doi.org/10.11647/OBP.0305,available
IBI-1DBFD17467EE,SRC-72D809FB4249,catalogue,"Segal, J. B., with Erica C. D. Hunter. Catalogue of the Aramaic and Mandaic Incantation Bowls in the British Museum. London: British Museum Press, 2000.",text 093M; section pp. 103–146,https://www.britishmuseum.org/collection/term/BIB3908,partial
IBI-1E8BC06AF3C4,SRC-A90AB34CA3FE,thesis,"Kedar, Dorit. Who Wrote the Incantation Bowls? PhD dissertation, Freie Universität Berlin, 2019. DOI: 10.17169/refubium-2273.","p. 134, note 546; designation JNF 149",https://doi.org/10.17169/refubium-2273,available
IBI-1EBF3D398990,SRC-F20148C5DA92,catalogue,"Apollo Art Auctions, auction catalogue 10068, lots 270–273, indexed by The Saleroom, 2025.","lot 273, fragment 1 of 5",https://www.the-saleroom.com/en-gb/auction-catalogues/apollo-art/catalogue-id-apollo-art10068/pdfexport,partial
IBI-2037A36226CB,SRC-72D809FB4249,catalogue,"Segal, J. B., with Erica C. D. Hunter. Catalogue of the Aramaic and Mandaic Incantation Bowls in the British Museum. London: British Museum Press, 2000.",text 016A; section pp. 43–102,https://www.britishmuseum.org/collection/term/BIB3908,partial
IBI-208EC97C9987,SRC-83A3DFDE7924,chapter,"Morgenstern, Matthew. “Mandaic Magic Bowls in the Moussaieff Collection: A Preliminary Survey.” In New Inscriptions and Seals Relating to the Biblical World, 157–170. Society of Biblical Literature, 2012. https://doi.org/10.2307/j.ctt32bzp2.17.","p. 160, M25",https://doi.org/10.2307/j.ctt32bzp2.17,partial
IBI-214D07893EE2,SRC-73C44B143A9D,book,"Waller, Daniel James, with contributions by Dorota Molin. The Bible in the Bowls: A Catalogue of Biblical Quotations in Published Jewish Babylonian Aramaic Magic Bowls. Cambridge: Open Book Publishers, 2022. DOI: 10.11647/OBP.0305.","p. 161, distribution table, JNF 124",https://doi.org/10.11647/OBP.0305,available
IBI-21B5ECDA71C3,SRC-A90AB34CA3FE,thesis,"Kedar, Dorit. Who Wrote the Incantation Bowls? PhD dissertation, Freie Universität Berlin, 2019. DOI: 10.17169/refubium-2273.","p. 102, table 6, NFP 4 and note 411",https://doi.org/10.17169/refubium-2273,available
IBI-21F04F566A66,SRC-899462FAA735,chapter,"Hunter, Erica C. D. Discussion of incantation bowls from Nippur Area WG and Tell Baruda, in From Shreds to Landscapes: Studies on the Ancient Near East in Honor of McGuire Gibson, SAOC 71 (Chicago, 2021), 138–139.","p. 138, table 8.1: 18N20",https://isac.uchicago.edu/sites/default/files/uploads/shared/docs/Publications/SAOC/saoc71.pdf,available
IBI-220D24A5C807,SRC-73C44B143A9D,book,"Waller, Daniel James, with contributions by Dorota Molin. The Bible in the Bowls: A Catalogue of Biblical Quotations in Published Jewish Babylonian Aramaic Magic Bowls. Cambridge: Open Book Publishers, 2022. DOI: 10.11647/OBP.0305.","p. 157, distribution table, JBA 56",https://doi.org/10.11647/OBP.0305,available
IBI-2240A84876B0,SRC-73C44B143A9D,book,"Waller, Daniel James, with contributions by Dorota Molin. The Bible in the Bowls: A Catalogue of Biblical Quotations in Published Jewish Babylonian Aramaic Magic Bowls. Cambridge: Open Book Publishers, 2022. DOI: 10.11647/OBP.0305.","p. 157, distribution table, JBA 10",https://doi.org/10.11647/OBP.0305,available
IBI-2422A6BE70E3,SRC-6D313A7AA389,catalogue,"Brand, Mattias, with Alexandra Probst. Working List of Syriac ‘Manichaean’ Incantation Bowls. Version 1, June 2021.","p. 1, item 5",,available
IBI-24554F13A378,SRC-72D809FB4249,catalogue,"Segal, J. B., with Erica C. D. Hunter. Catalogue of the Aramaic and Mandaic Incantation Bowls in the British Museum. London: British Museum Press, 2000.",text 034A; section pp. 43–102,https://www.britishmuseum.org/collection/term/BIB3908,partial
IBI-249B4166F00F,SRC-6D313A7AA389,catalogue,"Brand, Mattias, with Alexandra Probst. Working List of Syriac ‘Manichaean’ Incantation Bowls. Version 1, June 2021.","p. 2, item 40",,available
IBI-25B551BD0779,SRC-C628D3B5E8F9,article,"Hunter, Erica C. D. ‘Two Mandaic Incantation Bowls from Nippur.’ Baghdader Mitteilungen 25 (1994): 605–618, 18N97.",18N19 / Iraq Museum 114981,https://eurekamag.com/research/078/659/078659287.pdf,available
IBI-2607A944A606,SRC-72D809FB4249,catalogue,"Segal, J. B., with Erica C. D. Hunter. Catalogue of the Aramaic and Mandaic Incantation Bowls in the British Museum. London: British Museum Press, 2000.",text 099M; section pp. 103–146,https://www.britishmuseum.org/collection/term/BIB3908,partial
IBI-26BDEA55EA1E,SRC-943673B56FB8,book,"Montgomery, James A. Aramaic Incantation Texts from Nippur. University Museum, Babylonian Section, Publications 3. Philadelphia, 1913.","p. 324, item 21",https://archive.org/details/aramaicincantati00mont,available
IBI-27C6D6615AA5,SRC-72D809FB4249,catalogue,"Segal, J. B., with Erica C. D. Hunter. Catalogue of the Aramaic and Mandaic Incantation Bowls in the British Museum. London: British Museum Press, 2000.",text 045A; section pp. 43–102,https://www.britishmuseum.org/collection/term/BIB3908,partial
IBI-27E625F08E90,SRC-72D809FB4249,catalogue,"Segal, J. B., with Erica C. D. Hunter. Catalogue of the Aramaic and Mandaic Incantation Bowls in the British Museum. London: British Museum Press, 2000.",text 026A; section pp. 43–102,https://www.britishmuseum.org/collection/term/BIB3908,partial
IBI-28AFCD028373,SRC-943673B56FB8,book,"Montgomery, James A. Aramaic Incantation Texts from Nippur. University Museum, Babylonian Section, Publications 3. Philadelphia, 1913.","p. 321, item 3",https://archive.org/details/aramaicincantati00mont,available
IBI-2B02110E6106,SRC-72D809FB4249,catalogue,"Segal, J. B., with Erica C. D. Hunter. Catalogue of the Aramaic and Mandaic Incantation Bowls in the British Museum. London: British Museum Press, 2000.",text 041A; section pp. 43–102,https://www.britishmuseum.org/collection/term/BIB3908,partial
IBI-2B3A9FEDF6B6,SRC-72D809FB4249,catalogue,"Segal, J. B., with Erica C. D. Hunter. Catalogue of the Aramaic and Mandaic Incantation Bowls in the British Museum. London: British Museum Press, 2000.",text 136Ps; section pp. 150–162,https://www.britishmuseum.org/collection/term/BIB3908,partial
IBI-2D80EA4F1D86,SRC-72D809FB4249,catalogue,"Segal, J. B., with Erica C. D. Hunter. Catalogue of the Aramaic and Mandaic Incantation Bowls in the British Museum. London: British Museum Press, 2000.",text 008A; section pp. 43–102,https://www.britishmuseum.org/collection/term/BIB3908,partial
IBI-2DB1150EAABF,SRC-72D809FB4249,catalogue,"Segal, J. B., with Erica C. D. Hunter. Catalogue of the Aramaic and Mandaic Incantation Bowls in the British Museum. London: British Museum Press, 2000.",text 056A; section pp. 43–102,https://www.britishmuseum.org/collection/term/BIB3908,partial
IBI-2E9271010AE9,SRC-72D809FB4249,catalogue,"Segal, J. B., with Erica C. D. Hunter. Catalogue of the Aramaic and Mandaic Incantation Bowls in the British Museum. London: British Museum Press, 2000.",text 021A; section pp. 43–102,https://www.britishmuseum.org/collection/term/BIB3908,partial
IBI-2F865119B495,SRC-17A7CA53F7DB,article,"Faraj, Ali H. ‘Arabic Magic Bowl from the Velyki Kuchugury Hillfort.’ The World of the Orient 2025, no. 2.",article object,https://doi.org/10.15407/orientw2025.02.081,available
IBI-2F9603FC2573,SRC-72D809FB4249,catalogue,"Segal, J. B., with Erica C. D. Hunter. Catalogue of the Aramaic and Mandaic Incantation Bowls in the British Museum. London: British Museum Press, 2000.",text 129Ps; section pp. 150–162,https://www.britishmuseum.org/collection/term/BIB3908,partial
IBI-2FBE00255815,SRC-72D809FB4249,catalogue,"Segal, J. B., with Erica C. D. Hunter. Catalogue of the Aramaic and Mandaic Incantation Bowls in the British Museum. London: British Museum Press, 2000.",text 011A; section pp. 43–102,https://www.britishmuseum.org/collection/term/BIB3908,partial
IBI-303D33EE1BE4,SRC-73C44B143A9D,book,"Waller, Daniel James, with contributions by Dorota Molin. The Bible in the Bowls: A Catalogue of Biblical Quotations in Published Jewish Babylonian Aramaic Magic Bowls. Cambridge: Open Book Publishers, 2022. DOI: 10.11647/OBP.0305.","p. 160, distribution table, S-448",https://doi.org/10.11647/OBP.0305,available
IBI-307462D3FF1E,SRC-72D809FB4249,catalogue,"Segal, J. B., with Erica C. D. Hunter. Catalogue of the Aramaic and Mandaic Incantation Bowls in the British Museum. London: British Museum Press, 2000.",text 054A; section pp. 43–102,https://www.britishmuseum.org/collection/term/BIB3908,partial
IBI-3077C088CF69,SRC-73C44B143A9D,book,"Waller, Daniel James, with contributions by Dorota Molin. The Bible in the Bowls: A Catalogue of Biblical Quotations in Published Jewish Babylonian Aramaic Magic Bowls. Cambridge: Open Book Publishers, 2022. DOI: 10.11647/OBP.0305.","p. 154, distribution table, AMB 13",https://doi.org/10.11647/OBP.0305,available
IBI-30CBF5B8E3C2,SRC-72D809FB4249,catalogue,"Segal, J. B., with Erica C. D. Hunter. Catalogue of the Aramaic and Mandaic Incantation Bowls in the British Museum. London: British Museum Press, 2000.",text 102M; section pp. 103–146,https://www.britishmuseum.org/collection/term/BIB3908,partial
IBI-31618FC3F7AF,SRC-FC77989995C8,catalogue,"Archaeological Center Ltd. Auction 57. Auction catalogue, lots 440–442, accessed 4 September 2026.","catalogue p. 92, lot 442; image p. 93",,available
IBI-3192995163A4,SRC-899462FAA735,chapter,"Hunter, Erica C. D. Discussion of incantation bowls from Nippur Area WG and Tell Baruda, in From Shreds to Landscapes: Studies on the Ancient Near East in Honor of McGuire Gibson, SAOC 71 (Chicago, 2021), 138–139.","p. 138, table 8.1: 18N98",https://isac.uchicago.edu/sites/default/files/uploads/shared/docs/Publications/SAOC/saoc71.pdf,available
IBI-319F3DE276D8,SRC-73C44B143A9D,book,"Waller, Daniel James, with contributions by Dorota Molin. The Bible in the Bowls: A Catalogue of Biblical Quotations in Published Jewish Babylonian Aramaic Magic Bowls. Cambridge: Open Book Publishers, 2022. DOI: 10.11647/OBP.0305.","p. 153, distribution table, Isbell 09",https://doi.org/10.11647/OBP.0305,available
IBI-31C352BFECD2,SRC-72D809FB4249,catalogue,"Segal, J. B., with Erica C. D. Hunter. Catalogue of the Aramaic and Mandaic Incantation Bowls in the British Museum. London: British Museum Press, 2000.",text 060A; section pp. 43–102,https://www.britishmuseum.org/collection/term/BIB3908,partial
IBI-31C3A4F59439,SRC-73C44B143A9D,book,"Waller, Daniel James, with contributions by Dorota Molin. The Bible in the Bowls: A Catalogue of Biblical Quotations in Published Jewish Babylonian Aramaic Magic Bowls. Cambridge: Open Book Publishers, 2022. DOI: 10.11647/OBP.0305.","p. 154, distribution table, Isbell 51",https://doi.org/10.11647/OBP.0305,available
IBI-325647D3DF8D,SRC-943673B56FB8,book,"Montgomery, James A. Aramaic Incantation Texts from Nippur. University Museum, Babylonian Section, Publications 3. Philadelphia, 1913.","p. 325, item 28",https://archive.org/details/aramaicincantati00mont,available
IBI-336EFF7DA93C,SRC-1EE58A703971,article,"Müller-Kessler, ‘Another Look at Mandaic Incantation Bowl BM 91715’ (2002).",bowl BM 91715,https://openalex.org/W2513894189,partial
IBI-34E5A43D4611,SRC-A90AB34CA3FE,thesis,"Kedar, Dorit. Who Wrote the Incantation Bowls? PhD dissertation, Freie Universität Berlin, 2019. DOI: 10.17169/refubium-2273.","p. 102, table 6, NFP 5 and note 412",https://doi.org/10.17169/refubium-2273,available
IBI-358AAAF4ED2B,SRC-73C44B143A9D,book,"Waller, Daniel James, with contributions by Dorota Molin. The Bible in the Bowls: A Catalogue of Biblical Quotations in Published Jewish Babylonian Aramaic Magic Bowls. Cambridge: Open Book Publishers, 2022. DOI: 10.11647/OBP.0305.","p. 161, distribution table, SD 34",https://doi.org/10.11647/OBP.0305,available
IBI-35C11EAAE713,SRC-72D809FB4249,catalogue,"Segal, J. B., with Erica C. D. Hunter. Catalogue of the Aramaic and Mandaic Incantation Bowls in the British Museum. London: British Museum Press, 2000.",text 049A; section pp. 43–102,https://www.britishmuseum.org/collection/term/BIB3908,partial
IBI-35F76F0F9D47,SRC-72D809FB4249,catalogue,"Segal, J. B., with Erica C. D. Hunter. Catalogue of the Aramaic and Mandaic Incantation Bowls in the British Museum. London: British Museum Press, 2000.",text 025A; section pp. 43–102,https://www.britishmuseum.org/collection/term/BIB3908,partial
IBI-362D2E1D6E03,SRC-0D5A017F426B,article,"Harviainen, Tapani. ‘An Aramaic Incantation Bowl from Borsippa.’ Studia Orientalia (1981).",bowl BOR,https://journal.fi/store/article/view/49806,available
IBI-364CBA12A40B,SRC-72D809FB4249,catalogue,"Segal, J. B., with Erica C. D. Hunter. Catalogue of the Aramaic and Mandaic Incantation Bowls in the British Museum. London: British Museum Press, 2000.",text 112M; section pp. 103–146,https://www.britishmuseum.org/collection/term/BIB3908,partial
IBI-3657945A6155,SRC-2471CE31E5D9,article,"Hunter, Erica C. D. ‘Two Incantation Bowls from Babylon.’ Iraq 62 (2000): 139–147.","pp. 139–147, figs. 2 and 4",https://doi.org/10.2307/4200485,available
IBI-390480DC194A,SRC-73C44B143A9D,book,"Waller, Daniel James, with contributions by Dorota Molin. The Bible in the Bowls: A Catalogue of Biblical Quotations in Published Jewish Babylonian Aramaic Magic Bowls. Cambridge: Open Book Publishers, 2022. DOI: 10.11647/OBP.0305.","p. 156, distribution table, VA 2423",https://doi.org/10.11647/OBP.0305,available
IBI-397771B8038D,SRC-6D313A7AA389,catalogue,"Brand, Mattias, with Alexandra Probst. Working List of Syriac ‘Manichaean’ Incantation Bowls. Version 1, June 2021.","p. 1, item 8",,available
IBI-39B896F4912E,SRC-73C44B143A9D,book,"Waller, Daniel James, with contributions by Dorota Molin. The Bible in the Bowls: A Catalogue of Biblical Quotations in Published Jewish Babylonian Aramaic Magic Bowls. Cambridge: Open Book Publishers, 2022. DOI: 10.11647/OBP.0305.","p. 153, distribution table, Isbell 08",https://doi.org/10.11647/OBP.0305,available
IBI-3A55DF064E39,SRC-73C44B143A9D,book,"Waller, Daniel James, with contributions by Dorota Molin. The Bible in the Bowls: A Catalogue of Biblical Quotations in Published Jewish Babylonian Aramaic Magic Bowls. Cambridge: Open Book Publishers, 2022. DOI: 10.11647/OBP.0305.","p. 161, distribution table, T 28001",https://doi.org/10.11647/OBP.0305,available
IBI-3C7C76482C2A,SRC-73C44B143A9D,book,"Waller, Daniel James, with contributions by Dorota Molin. The Bible in the Bowls: A Catalogue of Biblical Quotations in Published Jewish Babylonian Aramaic Magic Bowls. Cambridge: Open Book Publishers, 2022. DOI: 10.11647/OBP.0305.","p. 159, distribution table, IM 141803",https://doi.org/10.11647/OBP.0305,available
IBI-3C9042E76702,SRC-73C44B143A9D,book,"Waller, Daniel James, with contributions by Dorota Molin. The Bible in the Bowls: A Catalogue of Biblical Quotations in Published Jewish Babylonian Aramaic Magic Bowls. Cambridge: Open Book Publishers, 2022. DOI: 10.11647/OBP.0305.","p. 154, distribution table, Isbell 23",https://doi.org/10.11647/OBP.0305,available
IBI-3CC67931DF0F,SRC-73C44B143A9D,book,"Waller, Daniel James, with contributions by Dorota Molin. The Bible in the Bowls: A Catalogue of Biblical Quotations in Published Jewish Babylonian Aramaic Magic Bowls. Cambridge: Open Book Publishers, 2022. DOI: 10.11647/OBP.0305.","p. 160, distribution table, MS 2053/257",https://doi.org/10.11647/OBP.0305,available
IBI-3CCB1D35BD7E,SRC-72D809FB4249,catalogue,"Segal, J. B., with Erica C. D. Hunter. Catalogue of the Aramaic and Mandaic Incantation Bowls in the British Museum. London: British Museum Press, 2000.",text 088M; section pp. 103–146,https://www.britishmuseum.org/collection/term/BIB3908,partial
IBI-3D640F2A8374,SRC-73C44B143A9D,book,"Waller, Daniel James, with contributions by Dorota Molin. The Bible in the Bowls: A Catalogue of Biblical Quotations in Published Jewish Babylonian Aramaic Magic Bowls. Cambridge: Open Book Publishers, 2022. DOI: 10.11647/OBP.0305.","p. 160, distribution table, MS 2053/236",https://doi.org/10.11647/OBP.0305,available
IBI-3E89893C3F16,SRC-73C44B143A9D,book,"Waller, Daniel James, with contributions by Dorota Molin. The Bible in the Bowls: A Catalogue of Biblical Quotations in Published Jewish Babylonian Aramaic Magic Bowls. Cambridge: Open Book Publishers, 2022. DOI: 10.11647/OBP.0305.","p. 158, distribution table, HS 3022",https://doi.org/10.11647/OBP.0305,available
IBI-3E8AF5F84087,SRC-83A3DFDE7924,chapter,"Morgenstern, Matthew. “Mandaic Magic Bowls in the Moussaieff Collection: A Preliminary Survey.” In New Inscriptions and Seals Relating to the Biblical World, 157–170. Society of Biblical Literature, 2012. https://doi.org/10.2307/j.ctt32bzp2.17.","pp. 162–164, unnumbered bowl A",https://doi.org/10.2307/j.ctt32bzp2.17,partial
IBI-3ECE3C33AE7F,SRC-73C44B143A9D,book,"Waller, Daniel James, with contributions by Dorota Molin. The Bible in the Bowls: A Catalogue of Biblical Quotations in Published Jewish Babylonian Aramaic Magic Bowls. Cambridge: Open Book Publishers, 2022. DOI: 10.11647/OBP.0305.","p. 160, distribution table, S-442",https://doi.org/10.11647/OBP.0305,available
IBI-3F9E41863B70,SRC-72D809FB4249,catalogue,"Segal, J. B., with Erica C. D. Hunter. Catalogue of the Aramaic and Mandaic Incantation Bowls in the British Museum. London: British Museum Press, 2000.",text 063A; section pp. 43–102,https://www.britishmuseum.org/collection/term/BIB3908,partial
IBI-4056AFBF0AC8,SRC-83A3DFDE7924,chapter,"Morgenstern, Matthew. “Mandaic Magic Bowls in the Moussaieff Collection: A Preliminary Survey.” In New Inscriptions and Seals Relating to the Biblical World, 157–170. Society of Biblical Literature, 2012. https://doi.org/10.2307/j.ctt32bzp2.17.","pp. 159–160, M23",https://doi.org/10.2307/j.ctt32bzp2.17,partial
IBI-4128C404FC1B,SRC-73C44B143A9D,book,"Waller, Daniel James, with contributions by Dorota Molin. The Bible in the Bowls: A Catalogue of Biblical Quotations in Published Jewish Babylonian Aramaic Magic Bowls. Cambridge: Open Book Publishers, 2022. DOI: 10.11647/OBP.0305.","p. 162, distribution table, Abousamra 2020",https://doi.org/10.11647/OBP.0305,available
IBI-419B3DDFF35E,SRC-72D809FB4249,catalogue,"Segal, J. B., with Erica C. D. Hunter. Catalogue of the Aramaic and Mandaic Incantation Bowls in the British Museum. London: British Museum Press, 2000.",text 076M; section pp. 103–146,https://www.britishmuseum.org/collection/term/BIB3908,partial
IBI-41EF9D3D3B97,SRC-73C44B143A9D,book,"Waller, Daniel James, with contributions by Dorota Molin. The Bible in the Bowls: A Catalogue of Biblical Quotations in Published Jewish Babylonian Aramaic Magic Bowls. Cambridge: Open Book Publishers, 2022. DOI: 10.11647/OBP.0305.","p. 155, distribution table, CAMIB 41",https://doi.org/10.11647/OBP.0305,available
IBI-4361DA43DC7F,SRC-F20148C5DA92,catalogue,"Apollo Art Auctions, auction catalogue 10068, lots 270–273, indexed by The Saleroom, 2025.","lot 273, fragment 2 of 5",https://www.the-saleroom.com/en-gb/auction-catalogues/apollo-art/catalogue-id-apollo-art10068/pdfexport,partial
IBI-43E5EECA50BC,SRC-72D809FB4249,catalogue,"Segal, J. B., with Erica C. D. Hunter. Catalogue of the Aramaic and Mandaic Incantation Bowls in the British Museum. London: British Museum Press, 2000.",text 116M; section pp. 103–146,https://www.britishmuseum.org/collection/term/BIB3908,partial
IBI-44AFA550086A,SRC-73C44B143A9D,book,"Waller, Daniel James, with contributions by Dorota Molin. The Bible in the Bowls: A Catalogue of Biblical Quotations in Published Jewish Babylonian Aramaic Magic Bowls. Cambridge: Open Book Publishers, 2022. DOI: 10.11647/OBP.0305.","p. 158, distribution table, JBA 114",https://doi.org/10.11647/OBP.0305,available
IBI-44BC3FE36601,SRC-943673B56FB8,book,"Montgomery, James A. Aramaic Incantation Texts from Nippur. University Museum, Babylonian Section, Publications 3. Philadelphia, 1913.","p. 326, item 37",https://archive.org/details/aramaicincantati00mont,available
IBI-4500756E262F,SRC-943673B56FB8,book,"Montgomery, James A. Aramaic Incantation Texts from Nippur. University Museum, Babylonian Section, Publications 3. Philadelphia, 1913.","p. 323, item 12",https://archive.org/details/aramaicincantati00mont,available
IBI-46C8C30E20BF,SRC-943673B56FB8,book,"Montgomery, James A. Aramaic Incantation Texts from Nippur. University Museum, Babylonian Section, Publications 3. Philadelphia, 1913.","printed p. 19, bibliography item O",https://archive.org/details/aramaicincantati00mont,available
IBI-46C8C30E20BF,SRC-F42955665921,article,"Schwab, Moïse. ‘Coupes à inscriptions magiques.’ Proceedings of the Society of Biblical Archaeology 13 (1891): 583–595.","printed pp. 590–592, item O",https://archive.org/details/proceedings13soci,available
IBI-47A624FD7A32,SRC-73C44B143A9D,book,"Waller, Daniel James, with contributions by Dorota Molin. The Bible in the Bowls: A Catalogue of Biblical Quotations in Published Jewish Babylonian Aramaic Magic Bowls. Cambridge: Open Book Publishers, 2022. DOI: 10.11647/OBP.0305.","p. 161, distribution table, Moriah 2",https://doi.org/10.11647/OBP.0305,available
IBI-4804CC31F58D,SRC-73C44B143A9D,book,"Waller, Daniel James, with contributions by Dorota Molin. The Bible in the Bowls: A Catalogue of Biblical Quotations in Published Jewish Babylonian Aramaic Magic Bowls. Cambridge: Open Book Publishers, 2022. DOI: 10.11647/OBP.0305.","p. 158, distribution table, JBA 109",https://doi.org/10.11647/OBP.0305,available
IBI-492EBB1E3508,SRC-72D809FB4249,catalogue,"Segal, J. B., with Erica C. D. Hunter. Catalogue of the Aramaic and Mandaic Incantation Bowls in the British Museum. London: British Museum Press, 2000.",text 101M; section pp. 103–146,https://www.britishmuseum.org/collection/term/BIB3908,partial
IBI-49BD92ACF18B,SRC-A90AB34CA3FE,thesis,"Kedar, Dorit. Who Wrote the Incantation Bowls? PhD dissertation, Freie Universität Berlin, 2019. DOI: 10.17169/refubium-2273.","p. 102, table 6, NFP 3 and note 410",https://doi.org/10.17169/refubium-2273,available
IBI-49D1BAB76E01,SRC-943673B56FB8,book,"Montgomery, James A. Aramaic Incantation Texts from Nippur. University Museum, Babylonian Section, Publications 3. Philadelphia, 1913.","p. 322, item 11",https://archive.org/details/aramaicincantati00mont,available
IBI-49D8C1227586,SRC-73C44B143A9D,book,"Waller, Daniel James, with contributions by Dorota Molin. The Bible in the Bowls: A Catalogue of Biblical Quotations in Published Jewish Babylonian Aramaic Magic Bowls. Cambridge: Open Book Publishers, 2022. DOI: 10.11647/OBP.0305.","p. 162, distribution table, Shaked 2015: 109-110",https://doi.org/10.11647/OBP.0305,available
IBI-4AC688F5E515,SRC-589994C2222B,article,"Smelik, Klaas. ‘An Aramaic Incantation Bowl in the Allard Pierson Museum.’ Bibliotheca Orientalis 35 (1978): 174–177.",pp. 174–177,https://biblio.ugent.be/publication/378915,partial
IBI-4AE5624CAB18,SRC-73C44B143A9D,book,"Waller, Daniel James, with contributions by Dorota Molin. The Bible in the Bowls: A Catalogue of Biblical Quotations in Published Jewish Babylonian Aramaic Magic Bowls. Cambridge: Open Book Publishers, 2022. DOI: 10.11647/OBP.0305.","p. 161, distribution table, T 15608",https://doi.org/10.11647/OBP.0305,available
IBI-4B7488D77F24,SRC-6D313A7AA389,catalogue,"Brand, Mattias, with Alexandra Probst. Working List of Syriac ‘Manichaean’ Incantation Bowls. Version 1, June 2021.","p. 1, item 3",,available
IBI-4BE4B69AB2D2,SRC-B1AA93ACD1E1,article,"Geller, Markham J. ‘Two Incantation Bowls Inscribed in Syriac and Aramaic.’ BSOAS 39, no. 2 (1976): 422–427.","pp. 425–427, plate III",https://doi.org/10.1017/S0041977X00050096,partial
IBI-4CD929F055AE,SRC-A90AB34CA3FE,thesis,"Kedar, Dorit. Who Wrote the Incantation Bowls? PhD dissertation, Freie Universität Berlin, 2019. DOI: 10.17169/refubium-2273.","p. 135, note 552",https://doi.org/10.17169/refubium-2273,available
IBI-4CDAFE6C01A3,SRC-73C44B143A9D,book,"Waller, Daniel James, with contributions by Dorota Molin. The Bible in the Bowls: A Catalogue of Biblical Quotations in Published Jewish Babylonian Aramaic Magic Bowls. Cambridge: Open Book Publishers, 2022. DOI: 10.11647/OBP.0305.","p. 158, distribution table, JBA 103",https://doi.org/10.11647/OBP.0305,available
IBI-4D931CBC1484,SRC-73C44B143A9D,book,"Waller, Daniel James, with contributions by Dorota Molin. The Bible in the Bowls: A Catalogue of Biblical Quotations in Published Jewish Babylonian Aramaic Magic Bowls. Cambridge: Open Book Publishers, 2022. DOI: 10.11647/OBP.0305.","p. 161, distribution table, XI-t 5178",https://doi.org/10.11647/OBP.0305,available
IBI-4F06EB79A80F,SRC-72D809FB4249,catalogue,"Segal, J. B., with Erica C. D. Hunter. Catalogue of the Aramaic and Mandaic Incantation Bowls in the British Museum. London: British Museum Press, 2000.",text 066A; section pp. 43–102,https://www.britishmuseum.org/collection/term/BIB3908,partial
IBI-4F498F59E098,SRC-73C44B143A9D,book,"Waller, Daniel James, with contributions by Dorota Molin. The Bible in the Bowls: A Catalogue of Biblical Quotations in Published Jewish Babylonian Aramaic Magic Bowls. Cambridge: Open Book Publishers, 2022. DOI: 10.11647/OBP.0305.","p. 159, distribution table, IM 76752",https://doi.org/10.11647/OBP.0305,available
IBI-4F5841D575F1,SRC-01E58FA07682,article,"Sanzo, Joseph E., and Nils H. Korsvoll. ‘A New Testament Text on a Syriac Incantation Bowl: Eph. 6:10–17 on IBC 3.’ Vigiliae Christianae 71 (2017): 417–432.","IBC 3, pp. 417–432",https://doi.org/10.1163/15700720-12341310,available
IBI-4F8B091D150F,SRC-72D809FB4249,catalogue,"Segal, J. B., with Erica C. D. Hunter. Catalogue of the Aramaic and Mandaic Incantation Bowls in the British Museum. London: British Museum Press, 2000.",text 039A; section pp. 43–102,https://www.britishmuseum.org/collection/term/BIB3908,partial
IBI-5125DDCA6985,SRC-2168D49A8168,article,"1280°C, issue 49 (2025), p. 71, caption to incantation bowl no. 139, National Library of Israel collection.","p. 71, caption: incantation bowl no. 139",,available
IBI-516832F05365,SRC-72D809FB4249,catalogue,"Segal, J. B., with Erica C. D. Hunter. Catalogue of the Aramaic and Mandaic Incantation Bowls in the British Museum. London: British Museum Press, 2000.",text 121Ps; section pp. 150–162,https://www.britishmuseum.org/collection/term/BIB3908,partial
IBI-527704D6B074,SRC-943673B56FB8,book,"Montgomery, James A. Aramaic Incantation Texts from Nippur. University Museum, Babylonian Section, Publications 3. Philadelphia, 1913.","p. 325, item 32",https://archive.org/details/aramaicincantati00mont,available
IBI-5430A0855D0E,SRC-899462FAA735,chapter,"Hunter, Erica C. D. Discussion of incantation bowls from Nippur Area WG and Tell Baruda, in From Shreds to Landscapes: Studies on the Ancient Near East in Honor of McGuire Gibson, SAOC 71 (Chicago, 2021), 138–139.","p. 138, table 8.1: 18N18",https://isac.uchicago.edu/sites/default/files/uploads/shared/docs/Publications/SAOC/saoc71.pdf,available
IBI-544ABA7B7DAA,SRC-943673B56FB8,book,"Montgomery, James A. Aramaic Incantation Texts from Nippur. University Museum, Babylonian Section, Publications 3. Philadelphia, 1913.","p. 326, item 38",https://archive.org/details/aramaicincantati00mont,available
IBI-54F1E266EBCC,SRC-6D313A7AA389,catalogue,"Brand, Mattias, with Alexandra Probst. Working List of Syriac ‘Manichaean’ Incantation Bowls. Version 1, June 2021.","p. 1, item 13",,available
IBI-5632A258703A,SRC-73C44B143A9D,book,"Waller, Daniel James, with contributions by Dorota Molin. The Bible in the Bowls: A Catalogue of Biblical Quotations in Published Jewish Babylonian Aramaic Magic Bowls. Cambridge: Open Book Publishers, 2022. DOI: 10.11647/OBP.0305.","p. 159, distribution table, IM 56544",https://doi.org/10.11647/OBP.0305,available
IBI-56796E0EB0E2,SRC-73C44B143A9D,book,"Waller, Daniel James, with contributions by Dorota Molin. The Bible in the Bowls: A Catalogue of Biblical Quotations in Published Jewish Babylonian Aramaic Magic Bowls. Cambridge: Open Book Publishers, 2022. DOI: 10.11647/OBP.0305.","p. 158, distribution table, HS 3005",https://doi.org/10.11647/OBP.0305,available
IBI-5697CFCCA6A5,SRC-73C44B143A9D,book,"Waller, Daniel James, with contributions by Dorota Molin. The Bible in the Bowls: A Catalogue of Biblical Quotations in Published Jewish Babylonian Aramaic Magic Bowls. Cambridge: Open Book Publishers, 2022. DOI: 10.11647/OBP.0305.","p. 155, distribution table, M 059",https://doi.org/10.11647/OBP.0305,available
IBI-56CB143F21AA,SRC-A90AB34CA3FE,thesis,"Kedar, Dorit. Who Wrote the Incantation Bowls? PhD dissertation, Freie Universität Berlin, 2019. DOI: 10.17169/refubium-2273.","p. 134, note 546",https://doi.org/10.17169/refubium-2273,available
IBI-586A5A88B7DC,SRC-73C44B143A9D,book,"Waller, Daniel James, with contributions by Dorota Molin. The Bible in the Bowls: A Catalogue of Biblical Quotations in Published Jewish Babylonian Aramaic Magic Bowls. Cambridge: Open Book Publishers, 2022. DOI: 10.11647/OBP.0305.","p. 153, distribution table, Isbell 12",https://doi.org/10.11647/OBP.0305,available
IBI-591F2729082B,SRC-73C44B143A9D,book,"Waller, Daniel James, with contributions by Dorota Molin. The Bible in the Bowls: A Catalogue of Biblical Quotations in Published Jewish Babylonian Aramaic Magic Bowls. Cambridge: Open Book Publishers, 2022. DOI: 10.11647/OBP.0305.","p. 161, distribution table, ZRL 48",https://doi.org/10.11647/OBP.0305,available
IBI-5A78EABCD168,SRC-73C44B143A9D,book,"Waller, Daniel James, with contributions by Dorota Molin. The Bible in the Bowls: A Catalogue of Biblical Quotations in Published Jewish Babylonian Aramaic Magic Bowls. Cambridge: Open Book Publishers, 2022. DOI: 10.11647/OBP.0305.","p. 155, distribution table, M 138",https://doi.org/10.11647/OBP.0305,available
IBI-5B1343517775,SRC-943673B56FB8,book,"Montgomery, James A. Aramaic Incantation Texts from Nippur. University Museum, Babylonian Section, Publications 3. Philadelphia, 1913.","p. 321, item 2",https://archive.org/details/aramaicincantati00mont,available
IBI-5B8A457394DA,SRC-72D809FB4249,catalogue,"Segal, J. B., with Erica C. D. Hunter. Catalogue of the Aramaic and Mandaic Incantation Bowls in the British Museum. London: British Museum Press, 2000.",text 079M; section pp. 103–146,https://www.britishmuseum.org/collection/term/BIB3908,partial
IBI-5C355EF43D8D,SRC-943673B56FB8,book,"Montgomery, James A. Aramaic Incantation Texts from Nippur. University Museum, Babylonian Section, Publications 3. Philadelphia, 1913.","p. 322, item 8",https://archive.org/details/aramaicincantati00mont,available
IBI-5C48844F88FB,SRC-72D809FB4249,catalogue,"Segal, J. B., with Erica C. D. Hunter. Catalogue of the Aramaic and Mandaic Incantation Bowls in the British Museum. London: British Museum Press, 2000.",text 040A; section pp. 43–102,https://www.britishmuseum.org/collection/term/BIB3908,partial
IBI-5C86F6265738,SRC-6D313A7AA389,catalogue,"Brand, Mattias, with Alexandra Probst. Working List of Syriac ‘Manichaean’ Incantation Bowls. Version 1, June 2021.","p. 1, item 7",,available
IBI-5CB5A9A5E46E,SRC-943673B56FB8,book,"Montgomery, James A. Aramaic Incantation Texts from Nippur. University Museum, Babylonian Section, Publications 3. Philadelphia, 1913.","p. 325, item 29",https://archive.org/details/aramaicincantati00mont,available
IBI-5D08E0461F30,SRC-C628D3B5E8F9,article,"Hunter, Erica C. D. ‘Two Mandaic Incantation Bowls from Nippur.’ Baghdader Mitteilungen 25 (1994): 605–618, 18N97.",18N97 / Iraq Museum 114986,https://eurekamag.com/research/078/659/078659287.pdf,available
IBI-5F60BF45DDD7,SRC-73C44B143A9D,book,"Waller, Daniel James, with contributions by Dorota Molin. The Bible in the Bowls: A Catalogue of Biblical Quotations in Published Jewish Babylonian Aramaic Magic Bowls. Cambridge: Open Book Publishers, 2022. DOI: 10.11647/OBP.0305.","p. 155, distribution table, CAMIB 71",https://doi.org/10.11647/OBP.0305,available
IBI-5FEA632C514C,SRC-73C44B143A9D,book,"Waller, Daniel James, with contributions by Dorota Molin. The Bible in the Bowls: A Catalogue of Biblical Quotations in Published Jewish Babylonian Aramaic Magic Bowls. Cambridge: Open Book Publishers, 2022. DOI: 10.11647/OBP.0305.","p. 154, distribution table, Isbell 33",https://doi.org/10.11647/OBP.0305,available
IBI-5FF17F04C265,SRC-72D809FB4249,catalogue,"Segal, J. B., with Erica C. D. Hunter. Catalogue of the Aramaic and Mandaic Incantation Bowls in the British Museum. London: British Museum Press, 2000.",text 091M; section pp. 103–146,https://www.britishmuseum.org/collection/term/BIB3908,partial
IBI-601F54AC3BA6,SRC-72D809FB4249,catalogue,"Segal, J. B., with Erica C. D. Hunter. Catalogue of the Aramaic and Mandaic Incantation Bowls in the British Museum. London: British Museum Press, 2000.",text 075A; section pp. 43–102,https://www.britishmuseum.org/collection/term/BIB3908,partial
IBI-60A67A350134,SRC-73C44B143A9D,book,"Waller, Daniel James, with contributions by Dorota Molin. The Bible in the Bowls: A Catalogue of Biblical Quotations in Published Jewish Babylonian Aramaic Magic Bowls. Cambridge: Open Book Publishers, 2022. DOI: 10.11647/OBP.0305.","p. 157, distribution table, JBA 65",https://doi.org/10.11647/OBP.0305,available
IBI-61A96A00B7B1,SRC-73C44B143A9D,book,"Waller, Daniel James, with contributions by Dorota Molin. The Bible in the Bowls: A Catalogue of Biblical Quotations in Published Jewish Babylonian Aramaic Magic Bowls. Cambridge: Open Book Publishers, 2022. DOI: 10.11647/OBP.0305.","p. 157, distribution table, JBA 11",https://doi.org/10.11647/OBP.0305,available
IBI-61CFB166EF10,SRC-2471CE31E5D9,article,"Hunter, Erica C. D. ‘Two Incantation Bowls from Babylon.’ Iraq 62 (2000): 139–147.","pp. 139–147, figs. 1 and 3",https://doi.org/10.2307/4200485,available
IBI-62F5934FB165,SRC-E2797DB92056,chapter,"Faraj, Ali. ‘A New Mandaic Incantation Bowl from Babil (IM 91-100147).’ In Afroasiatica Romana, Quaderni di Vicino Oriente XII (2017): 123–132.","pp. 123–132, IM 91-100147",https://boa.unimib.it/handle/10281/191034,partial
IBI-6364E0AD56A8,SRC-72D809FB4249,catalogue,"Segal, J. B., with Erica C. D. Hunter. Catalogue of the Aramaic and Mandaic Incantation Bowls in the British Museum. London: British Museum Press, 2000.",text 077M; section pp. 103–146,https://www.britishmuseum.org/collection/term/BIB3908,partial
IBI-63D2D8082D09,SRC-73C44B143A9D,book,"Waller, Daniel James, with contributions by Dorota Molin. The Bible in the Bowls: A Catalogue of Biblical Quotations in Published Jewish Babylonian Aramaic Magic Bowls. Cambridge: Open Book Publishers, 2022. DOI: 10.11647/OBP.0305.","p. 161, distribution table, VA 3854",https://doi.org/10.11647/OBP.0305,available
IBI-63D659859D54,SRC-21417589C8F9,article,"Levene, Dan. ‘“… and by the name of Jesus …” An Unpublished Magic Bowl in Jewish Aramaic.’ JSQ 6, no. 4 (1999): 283–308.",pp. 283–308,https://eprints.soton.ac.uk/73174/,partial
IBI-653C0F4DAF6F,SRC-73C44B143A9D,book,"Waller, Daniel James, with contributions by Dorota Molin. The Bible in the Bowls: A Catalogue of Biblical Quotations in Published Jewish Babylonian Aramaic Magic Bowls. Cambridge: Open Book Publishers, 2022. DOI: 10.11647/OBP.0305.","p. 157, distribution table, JBA 42",https://doi.org/10.11647/OBP.0305,available
IBI-66700DA0DFDA,SRC-24B0EC105BC9,article,"Moriggi, Marco. “Relics of Syriac Magic: Another Syriac Bowl for Prwkzʿd br Kwmy and a Syriac Incantation Fragment in the British Museum.” Folia Orientalia 61 (2024): 193–202. https://doi.org/10.24425/for.2024.152391.","text 1, pp. 194–198; Christie’s lot 348",https://doi.org/10.24425/for.2024.152391,available
IBI-66ED0C90B161,SRC-72D809FB4249,catalogue,"Segal, J. B., with Erica C. D. Hunter. Catalogue of the Aramaic and Mandaic Incantation Bowls in the British Museum. London: British Museum Press, 2000.",text 010A; section pp. 43–102,https://www.britishmuseum.org/collection/term/BIB3908,partial
IBI-6788A84FE8CA,SRC-899462FAA735,chapter,"Hunter, Erica C. D. Discussion of incantation bowls from Nippur Area WG and Tell Baruda, in From Shreds to Landscapes: Studies on the Ancient Near East in Honor of McGuire Gibson, SAOC 71 (Chicago, 2021), 138–139.","p. 138, table 8.1: 18N21",https://isac.uchicago.edu/sites/default/files/uploads/shared/docs/Publications/SAOC/saoc71.pdf,available
IBI-67A46456293B,SRC-6D313A7AA389,catalogue,"Brand, Mattias, with Alexandra Probst. Working List of Syriac ‘Manichaean’ Incantation Bowls. Version 1, June 2021.","p. 2, item 29",,available
IBI-683DEE5EB7BA,SRC-72D809FB4249,catalogue,"Segal, J. B., with Erica C. D. Hunter. Catalogue of the Aramaic and Mandaic Incantation Bowls in the British Museum. London: British Museum Press, 2000.",text 122Ps; section pp. 150–162,https://www.britishmuseum.org/collection/term/BIB3908,partial
IBI-68A32545462E,SRC-73C44B143A9D,book,"Waller, Daniel James, with contributions by Dorota Molin. The Bible in the Bowls: A Catalogue of Biblical Quotations in Published Jewish Babylonian Aramaic Magic Bowls. Cambridge: Open Book Publishers, 2022. DOI: 10.11647/OBP.0305.","p. 160, distribution table, M 6",https://doi.org/10.11647/OBP.0305,available
IBI-6918D270707A,SRC-73C44B143A9D,book,"Waller, Daniel James, with contributions by Dorota Molin. The Bible in the Bowls: A Catalogue of Biblical Quotations in Published Jewish Babylonian Aramaic Magic Bowls. Cambridge: Open Book Publishers, 2022. DOI: 10.11647/OBP.0305.","p. 157, distribution table, JBA 09",https://doi.org/10.11647/OBP.0305,available
IBI-69947100356A,SRC-72D809FB4249,catalogue,"Segal, J. B., with Erica C. D. Hunter. Catalogue of the Aramaic and Mandaic Incantation Bowls in the British Museum. London: British Museum Press, 2000.",text 006A; section pp. 43–102,https://www.britishmuseum.org/collection/term/BIB3908,partial
IBI-69CFC1400A1D,SRC-73C44B143A9D,book,"Waller, Daniel James, with contributions by Dorota Molin. The Bible in the Bowls: A Catalogue of Biblical Quotations in Published Jewish Babylonian Aramaic Magic Bowls. Cambridge: Open Book Publishers, 2022. DOI: 10.11647/OBP.0305.","p. 155, distribution table, M 142",https://doi.org/10.11647/OBP.0305,available
IBI-6A5B95130C25,SRC-4071AE0F749A,article,"Ford, James Nathan. “‘My Foes Loved Me’: A New Incantation Bowl for Popularity and Success.” Mehqarim be-Lashon 20 (2023): 215–230 (Hebrew).",pp. 215–230; newly published Davidovitz Collection bowl,https://cris.iucc.ac.il/en/publications/%D7%A9%D7%95%D7%A0%D7%90%D7%99%D7%99-%D7%90%D7%94%D7%91%D7%95%D7%A0%D7%99-%D7%A7%D7%A2%D7%A8%D7%AA-%D7%94%D7%A9%D7%91%D7%A2%D7%94-%D7%97%D7%93%D7%A9%D7%94-%D7%9C%D7%A4%D7%95%D7%A4%D7%95%D7%9C%D7%A8%D7%99%D7%95%D7%AA-%D7%95%D7%94%D7%A6%D7%9C%D7%97%D7%94/,partial
IBI-6AE031E07D30,SRC-72D809FB4249,catalogue,"Segal, J. B., with Erica C. D. Hunter. Catalogue of the Aramaic and Mandaic Incantation Bowls in the British Museum. London: British Museum Press, 2000.",text 100M; section pp. 103–146,https://www.britishmuseum.org/collection/term/BIB3908,partial
IBI-6BEC680B1365,SRC-83A3DFDE7924,chapter,"Morgenstern, Matthew. “Mandaic Magic Bowls in the Moussaieff Collection: A Preliminary Survey.” In New Inscriptions and Seals Relating to the Biblical World, 157–170. Society of Biblical Literature, 2012. https://doi.org/10.2307/j.ctt32bzp2.17.","p. 162, M154",https://doi.org/10.2307/j.ctt32bzp2.17,partial
IBI-6BFAD1AD6664,SRC-A90AB34CA3FE,thesis,"Kedar, Dorit. Who Wrote the Incantation Bowls? PhD dissertation, Freie Universität Berlin, 2019. DOI: 10.17169/refubium-2273.","p. 134, note 546; designation JNF 125",https://doi.org/10.17169/refubium-2273,available
IBI-6C4D8112FFE2,SRC-943673B56FB8,book,"Montgomery, James A. Aramaic Incantation Texts from Nippur. University Museum, Babylonian Section, Publications 3. Philadelphia, 1913.","p. 324, item 22",https://archive.org/details/aramaicincantati00mont,available
IBI-6CD6137EB7E6,SRC-72D809FB4249,catalogue,"Segal, J. B., with Erica C. D. Hunter. Catalogue of the Aramaic and Mandaic Incantation Bowls in the British Museum. London: British Museum Press, 2000.",text 092M; section pp. 103–146,https://www.britishmuseum.org/collection/term/BIB3908,partial
IBI-6E087B8C539F,SRC-943673B56FB8,book,"Montgomery, James A. Aramaic Incantation Texts from Nippur. University Museum, Babylonian Section, Publications 3. Philadelphia, 1913.","p. 326, item 35",https://archive.org/details/aramaicincantati00mont,available
IBI-6E39509C0A3D,SRC-72D809FB4249,catalogue,"Segal, J. B., with Erica C. D. Hunter. Catalogue of the Aramaic and Mandaic Incantation Bowls in the British Museum. London: British Museum Press, 2000.",text 132Ps; section pp. 150–162,https://www.britishmuseum.org/collection/term/BIB3908,partial
IBI-6E4DCD510E4B,SRC-A90AB34CA3FE,thesis,"Kedar, Dorit. Who Wrote the Incantation Bowls? PhD dissertation, Freie Universität Berlin, 2019. DOI: 10.17169/refubium-2273.","p. 134, note 546; designation JNF 152",https://doi.org/10.17169/refubium-2273,available
IBI-6EDBD224265D,SRC-A90AB34CA3FE,thesis,"Kedar, Dorit. Who Wrote the Incantation Bowls? PhD dissertation, Freie Universität Berlin, 2019. DOI: 10.17169/refubium-2273.","p. 102, table 6, NFP 7 and note 414",https://doi.org/10.17169/refubium-2273,available
IBI-6F7988CFF562,SRC-72D809FB4249,catalogue,"Segal, J. B., with Erica C. D. Hunter. Catalogue of the Aramaic and Mandaic Incantation Bowls in the British Museum. London: British Museum Press, 2000.",text 083M; section pp. 103–146,https://www.britishmuseum.org/collection/term/BIB3908,partial
IBI-6F82CB1B2935,SRC-72D809FB4249,catalogue,"Segal, J. B., with Erica C. D. Hunter. Catalogue of the Aramaic and Mandaic Incantation Bowls in the British Museum. London: British Museum Press, 2000.",text 047A; section pp. 43–102,https://www.britishmuseum.org/collection/term/BIB3908,partial
IBI-6F98412BF44D,SRC-73C44B143A9D,book,"Waller, Daniel James, with contributions by Dorota Molin. The Bible in the Bowls: A Catalogue of Biblical Quotations in Published Jewish Babylonian Aramaic Magic Bowls. Cambridge: Open Book Publishers, 2022. DOI: 10.11647/OBP.0305.","p. 156, distribution table, VA 2416",https://doi.org/10.11647/OBP.0305,available
IBI-724AC11312AB,SRC-539BB677443B,book,"McCullough, W. S. Jewish and Mandaean Incantation Bowls in the Royal Ontario Museum. Toronto: University of Toronto Press, 1967, DA 5.","DA 4, first Mandaean bowl",https://www.markfoster.net/rn/texts/two_mandaean_incantation_bowls.pdf,available
IBI-72847F594F9C,SRC-6D313A7AA389,catalogue,"Brand, Mattias, with Alexandra Probst. Working List of Syriac ‘Manichaean’ Incantation Bowls. Version 1, June 2021.","p. 2, item 36",,available
IBI-73933652D077,SRC-72D809FB4249,catalogue,"Segal, J. B., with Erica C. D. Hunter. Catalogue of the Aramaic and Mandaic Incantation Bowls in the British Museum. London: British Museum Press, 2000.",text 002A; section pp. 43–102,https://www.britishmuseum.org/collection/term/BIB3908,partial
IBI-7394BFD7A73B,SRC-9D7F88975731,article,"Ford, James Nathan. ‘A New Parallel to the Jewish Babylonian Aramaic Magic Bowl IM 76106 (Nippur 11 N78).’ Aramaic Studies 9 (2011).",bowl IM 76106,https://doi.org/10.1163/147783511X619845,partial
IBI-73D2DAE13663,SRC-72D809FB4249,catalogue,"Segal, J. B., with Erica C. D. Hunter. Catalogue of the Aramaic and Mandaic Incantation Bowls in the British Museum. London: British Museum Press, 2000.",text 069A; section pp. 43–102,https://www.britishmuseum.org/collection/term/BIB3908,partial
IBI-74625165CE1F,SRC-943673B56FB8,book,"Montgomery, James A. Aramaic Incantation Texts from Nippur. University Museum, Babylonian Section, Publications 3. Philadelphia, 1913.","p. 325, item 25",https://archive.org/details/aramaicincantati00mont,available
IBI-761FF5C3F057,SRC-72D809FB4249,catalogue,"Segal, J. B., with Erica C. D. Hunter. Catalogue of the Aramaic and Mandaic Incantation Bowls in the British Museum. London: British Museum Press, 2000.",text 020A; section pp. 43–102,https://www.britishmuseum.org/collection/term/BIB3908,partial
IBI-766C8AAE7C05,SRC-72D809FB4249,catalogue,"Segal, J. B., with Erica C. D. Hunter. Catalogue of the Aramaic and Mandaic Incantation Bowls in the British Museum. London: British Museum Press, 2000.",text 135Ps; section pp. 150–162,https://www.britishmuseum.org/collection/term/BIB3908,partial
IBI-7680B927BB2F,SRC-943673B56FB8,book,"Montgomery, James A. Aramaic Incantation Texts from Nippur. University Museum, Babylonian Section, Publications 3. Philadelphia, 1913.","p. 321, item 1",https://archive.org/details/aramaicincantati00mont,available
IBI-76B1288C73F4,SRC-6D313A7AA389,catalogue,"Brand, Mattias, with Alexandra Probst. Working List of Syriac ‘Manichaean’ Incantation Bowls. Version 1, June 2021.","p. 1, item 1",,available
IBI-76DD89B4A04F,SRC-6D313A7AA389,catalogue,"Brand, Mattias, with Alexandra Probst. Working List of Syriac ‘Manichaean’ Incantation Bowls. Version 1, June 2021.","p. 2, designation CBS 16014",,available
IBI-7705A74EC455,SRC-73C44B143A9D,book,"Waller, Daniel James, with contributions by Dorota Molin. The Bible in the Bowls: A Catalogue of Biblical Quotations in Published Jewish Babylonian Aramaic Magic Bowls. Cambridge: Open Book Publishers, 2022. DOI: 10.11647/OBP.0305.","p. 155, distribution table, CAMIB 72",https://doi.org/10.11647/OBP.0305,available
IBI-770EFE0D1A29,SRC-72D809FB4249,catalogue,"Segal, J. B., with Erica C. D. Hunter. Catalogue of the Aramaic and Mandaic Incantation Bowls in the British Museum. London: British Museum Press, 2000.",text 017A; section pp. 43–102,https://www.britishmuseum.org/collection/term/BIB3908,partial
IBI-77314E5A3199,SRC-73C44B143A9D,book,"Waller, Daniel James, with contributions by Dorota Molin. The Bible in the Bowls: A Catalogue of Biblical Quotations in Published Jewish Babylonian Aramaic Magic Bowls. Cambridge: Open Book Publishers, 2022. DOI: 10.11647/OBP.0305.","p. 159, distribution table, IM 9736",https://doi.org/10.11647/OBP.0305,available
IBI-7736310A8752,SRC-A90AB34CA3FE,thesis,"Kedar, Dorit. Who Wrote the Incantation Bowls? PhD dissertation, Freie Universität Berlin, 2019. DOI: 10.17169/refubium-2273.","p. 106, note 435",https://doi.org/10.17169/refubium-2273,available
IBI-7884182D0362,SRC-73C44B143A9D,book,"Waller, Daniel James, with contributions by Dorota Molin. The Bible in the Bowls: A Catalogue of Biblical Quotations in Published Jewish Babylonian Aramaic Magic Bowls. Cambridge: Open Book Publishers, 2022. DOI: 10.11647/OBP.0305.","p. 158, distribution table, JBA 90",https://doi.org/10.11647/OBP.0305,available
IBI-7895CC72B849,SRC-EB27DA285DC5,chapter,"Fain, Tatyana, James Nathan Ford, and Alexey Lyavdansky. ‘Aramaic Incantation Bowls at the State Hermitage Museum, St. Petersburg.’ In Babel und Bibel 9 (Winona Lake: Eisenbrauns, 2016), 283–316.","bowl S-448, especially pp. 300–302",https://publications.hse.ru/en/chapters/211068754,partial
IBI-790A43FE121F,SRC-4C44E5816E4F,article,"Faraj, Ali H. ‘A New Incantation Bowl with Arabic Inscription.’ Quaderni di Studi Arabi 11 (2016): 207–220.",pp. 207–220,https://hdl.handle.net/10281/200518,partial
IBI-799AE236CDBB,SRC-FC77989995C8,catalogue,"Archaeological Center Ltd. Auction 57. Auction catalogue, lots 440–442, accessed 4 September 2026.","catalogue p. 92, lot 441; image p. 93",,available
IBI-7A65D1FE72ED,SRC-A90AB34CA3FE,thesis,"Kedar, Dorit. Who Wrote the Incantation Bowls? PhD dissertation, Freie Universität Berlin, 2019. DOI: 10.17169/refubium-2273.","p. 134, note 546; designation JNF 18",https://doi.org/10.17169/refubium-2273,available
IBI-7A94ED1805A5,SRC-72D809FB4249,catalogue,"Segal, J. B., with Erica C. D. Hunter. Catalogue of the Aramaic and Mandaic Incantation Bowls in the British Museum. London: British Museum Press, 2000.",text 114M; section pp. 103–146,https://www.britishmuseum.org/collection/term/BIB3908,partial
IBI-7AB2CDFBCADC,SRC-73C44B143A9D,book,"Waller, Daniel James, with contributions by Dorota Molin. The Bible in the Bowls: A Catalogue of Biblical Quotations in Published Jewish Babylonian Aramaic Magic Bowls. Cambridge: Open Book Publishers, 2022. DOI: 10.11647/OBP.0305.","p. 155, distribution table, M 123",https://doi.org/10.11647/OBP.0305,available
IBI-7B7F91559A1C,SRC-27D35A24C6BC,article,"Marcus, Alexander. ‘Body and Mind … in an Aramaic Incantation Bowl (MC 77.233).’ JSS 68, no. 2 (2023): 415–471.","MC 77.233, pp. 415–471",https://doi.org/10.1093/jss/fgad005,paywalled
IBI-7B9A81135B29,SRC-73C44B143A9D,book,"Waller, Daniel James, with contributions by Dorota Molin. The Bible in the Bowls: A Catalogue of Biblical Quotations in Published Jewish Babylonian Aramaic Magic Bowls. Cambridge: Open Book Publishers, 2022. DOI: 10.11647/OBP.0305.","p. 156, distribution table, JBA 01",https://doi.org/10.11647/OBP.0305,available
IBI-7BFAF3E1718C,SRC-73C44B143A9D,book,"Waller, Daniel James, with contributions by Dorota Molin. The Bible in the Bowls: A Catalogue of Biblical Quotations in Published Jewish Babylonian Aramaic Magic Bowls. Cambridge: Open Book Publishers, 2022. DOI: 10.11647/OBP.0305.","p. 155, distribution table, CAMIB 43",https://doi.org/10.11647/OBP.0305,available
IBI-7C446F6E0A21,SRC-72D809FB4249,catalogue,"Segal, J. B., with Erica C. D. Hunter. Catalogue of the Aramaic and Mandaic Incantation Bowls in the British Museum. London: British Museum Press, 2000.",text 085M; section pp. 103–146,https://www.britishmuseum.org/collection/term/BIB3908,partial
IBI-7C6E06AF5A4D,SRC-943673B56FB8,book,"Montgomery, James A. Aramaic Incantation Texts from Nippur. University Museum, Babylonian Section, Publications 3. Philadelphia, 1913.","Appendix no. 42, printed pp. 258-259; PDF pp. 264-265",https://archive.org/details/aramaicincantati00mont,available
IBI-7F04261178CB,SRC-943673B56FB8,book,"Montgomery, James A. Aramaic Incantation Texts from Nippur. University Museum, Babylonian Section, Publications 3. Philadelphia, 1913.","p. 323, item 15",https://archive.org/details/aramaicincantati00mont,available
IBI-7F45E9808B4D,SRC-A90AB34CA3FE,thesis,"Kedar, Dorit. Who Wrote the Incantation Bowls? PhD dissertation, Freie Universität Berlin, 2019. DOI: 10.17169/refubium-2273.","p. 105, note 434; designation CBS 85-48-914",https://doi.org/10.17169/refubium-2273,available
IBI-8059813DF1C5,SRC-73C44B143A9D,book,"Waller, Daniel James, with contributions by Dorota Molin. The Bible in the Bowls: A Catalogue of Biblical Quotations in Published Jewish Babylonian Aramaic Magic Bowls. Cambridge: Open Book Publishers, 2022. DOI: 10.11647/OBP.0305.","p. 154, distribution table, Isbell 52",https://doi.org/10.11647/OBP.0305,available
IBI-80A2CB091A04,SRC-73C44B143A9D,book,"Waller, Daniel James, with contributions by Dorota Molin. The Bible in the Bowls: A Catalogue of Biblical Quotations in Published Jewish Babylonian Aramaic Magic Bowls. Cambridge: Open Book Publishers, 2022. DOI: 10.11647/OBP.0305.","p. 157, distribution table, JBA 31",https://doi.org/10.11647/OBP.0305,available
IBI-82E0C40BE6C7,SRC-72D809FB4249,catalogue,"Segal, J. B., with Erica C. D. Hunter. Catalogue of the Aramaic and Mandaic Incantation Bowls in the British Museum. London: British Museum Press, 2000.",text 015A; section pp. 43–102,https://www.britishmuseum.org/collection/term/BIB3908,partial
IBI-83474AFCE4F8,SRC-6D313A7AA389,catalogue,"Brand, Mattias, with Alexandra Probst. Working List of Syriac ‘Manichaean’ Incantation Bowls. Version 1, June 2021.","p. 2, item 37",,available
IBI-83915232010B,SRC-73C44B143A9D,book,"Waller, Daniel James, with contributions by Dorota Molin. The Bible in the Bowls: A Catalogue of Biblical Quotations in Published Jewish Babylonian Aramaic Magic Bowls. Cambridge: Open Book Publishers, 2022. DOI: 10.11647/OBP.0305.","p. 155, distribution table, CAMIB 73",https://doi.org/10.11647/OBP.0305,available
IBI-83A0A347B7C4,SRC-A08F75BDD59C,article,"Levene, Dan. ‘If You Appear as a Pig: Another Incantation Bowl (Moussaieff 164).’ JSS 52 (2007): 59–70.",pp. 59–70,https://doi.org/10.1093/jss/fgl037,partial
IBI-83EFA38D9260,SRC-F20148C5DA92,catalogue,"Apollo Art Auctions, auction catalogue 10068, lots 270–273, indexed by The Saleroom, 2025.","lot 270, fragment 1 of 3",https://www.the-saleroom.com/en-gb/auction-catalogues/apollo-art/catalogue-id-apollo-art10068/pdfexport,partial
IBI-84068198E4A7,SRC-73C44B143A9D,book,"Waller, Daniel James, with contributions by Dorota Molin. The Bible in the Bowls: A Catalogue of Biblical Quotations in Published Jewish Babylonian Aramaic Magic Bowls. Cambridge: Open Book Publishers, 2022. DOI: 10.11647/OBP.0305.","p. 153, distribution table, Isbell 10",https://doi.org/10.11647/OBP.0305,available
IBI-843CFCE02D20,SRC-EB27DA285DC5,chapter,"Fain, Tatyana, James Nathan Ford, and Alexey Lyavdansky. ‘Aramaic Incantation Bowls at the State Hermitage Museum, St. Petersburg.’ In Babel und Bibel 9 (Winona Lake: Eisenbrauns, 2016), 283–316.","bowl S-447, pp. 283–316",https://publications.hse.ru/en/chapters/211068754,partial
IBI-844F7374DC37,SRC-F20148C5DA92,catalogue,"Apollo Art Auctions, auction catalogue 10068, lots 270–273, indexed by The Saleroom, 2025.","lot 270, fragment 2 of 3",https://www.the-saleroom.com/en-gb/auction-catalogues/apollo-art/catalogue-id-apollo-art10068/pdfexport,partial
IBI-84598A59426E,SRC-6D313A7AA389,catalogue,"Brand, Mattias, with Alexandra Probst. Working List of Syriac ‘Manichaean’ Incantation Bowls. Version 1, June 2021.","p. 2, item 39",,available
IBI-847BA478D9ED,SRC-73C44B143A9D,book,"Waller, Daniel James, with contributions by Dorota Molin. The Bible in the Bowls: A Catalogue of Biblical Quotations in Published Jewish Babylonian Aramaic Magic Bowls. Cambridge: Open Book Publishers, 2022. DOI: 10.11647/OBP.0305.","p. 156, distribution table, JBA 06",https://doi.org/10.11647/OBP.0305,available
IBI-84940DBA48F7,SRC-73C44B143A9D,book,"Waller, Daniel James, with contributions by Dorota Molin. The Bible in the Bowls: A Catalogue of Biblical Quotations in Published Jewish Babylonian Aramaic Magic Bowls. Cambridge: Open Book Publishers, 2022. DOI: 10.11647/OBP.0305.","p. 160, distribution table, S-447",https://doi.org/10.11647/OBP.0305,available
IBI-84F6B8FD30B3,SRC-943673B56FB8,book,"Montgomery, James A. Aramaic Incantation Texts from Nippur. University Museum, Babylonian Section, Publications 3. Philadelphia, 1913.","p. 324, item 19",https://archive.org/details/aramaicincantati00mont,available
IBI-85A9ED12421A,SRC-73C44B143A9D,book,"Waller, Daniel James, with contributions by Dorota Molin. The Bible in the Bowls: A Catalogue of Biblical Quotations in Published Jewish Babylonian Aramaic Magic Bowls. Cambridge: Open Book Publishers, 2022. DOI: 10.11647/OBP.0305.","p. 157, distribution table, JBA 55",https://doi.org/10.11647/OBP.0305,available
IBI-85C8219A7F74,SRC-73C44B143A9D,book,"Waller, Daniel James, with contributions by Dorota Molin. The Bible in the Bowls: A Catalogue of Biblical Quotations in Published Jewish Babylonian Aramaic Magic Bowls. Cambridge: Open Book Publishers, 2022. DOI: 10.11647/OBP.0305.","p. 158, distribution table, JBA 95",https://doi.org/10.11647/OBP.0305,available
IBI-86CA10424E8F,SRC-72D809FB4249,catalogue,"Segal, J. B., with Erica C. D. Hunter. Catalogue of the Aramaic and Mandaic Incantation Bowls in the British Museum. London: British Museum Press, 2000.",text 126Ps; section pp. 150–162,https://www.britishmuseum.org/collection/term/BIB3908,partial
IBI-8746509B00D1,SRC-73C44B143A9D,book,"Waller, Daniel James, with contributions by Dorota Molin. The Bible in the Bowls: A Catalogue of Biblical Quotations in Published Jewish Babylonian Aramaic Magic Bowls. Cambridge: Open Book Publishers, 2022. DOI: 10.11647/OBP.0305.","p. 156, distribution table, JBA 04",https://doi.org/10.11647/OBP.0305,available
IBI-874E34F7B3B5,SRC-B47F6370B1D0,article,"Levene, Dan, and Gideon Bohak. ‘A Babylonian Jewish Aramaic Incantation Bowl with a List of Deities and Toponyms.’ JSQ 19 (2012): 56–72.",pp. 56–72,https://doi.org/10.1628/094457012799440203,partial
IBI-8750B6F61AFD,SRC-72D809FB4249,catalogue,"Segal, J. B., with Erica C. D. Hunter. Catalogue of the Aramaic and Mandaic Incantation Bowls in the British Museum. London: British Museum Press, 2000.",text 111M; section pp. 103–146,https://www.britishmuseum.org/collection/term/BIB3908,partial
IBI-88103E2EB680,SRC-943673B56FB8,book,"Montgomery, James A. Aramaic Incantation Texts from Nippur. University Museum, Babylonian Section, Publications 3. Philadelphia, 1913.","p. 323, item 13",https://archive.org/details/aramaicincantati00mont,available
IBI-884C0EC644E9,SRC-72D809FB4249,catalogue,"Segal, J. B., with Erica C. D. Hunter. Catalogue of the Aramaic and Mandaic Incantation Bowls in the British Museum. London: British Museum Press, 2000.",text 110M; section pp. 103–146,https://www.britishmuseum.org/collection/term/BIB3908,partial
IBI-88505642BE2E,SRC-72D809FB4249,catalogue,"Segal, J. B., with Erica C. D. Hunter. Catalogue of the Aramaic and Mandaic Incantation Bowls in the British Museum. London: British Museum Press, 2000.",text 044A; section pp. 43–102,https://www.britishmuseum.org/collection/term/BIB3908,partial
IBI-88D53AE086DE,SRC-72D809FB4249,catalogue,"Segal, J. B., with Erica C. D. Hunter. Catalogue of the Aramaic and Mandaic Incantation Bowls in the British Museum. London: British Museum Press, 2000.",text 118ES; section pp. 147–149,https://www.britishmuseum.org/collection/term/BIB3908,partial
IBI-890CF7818665,SRC-6D313A7AA389,catalogue,"Brand, Mattias, with Alexandra Probst. Working List of Syriac ‘Manichaean’ Incantation Bowls. Version 1, June 2021.","p. 1, item 10",,available
IBI-8A3BAEA23243,SRC-73C44B143A9D,book,"Waller, Daniel James, with contributions by Dorota Molin. The Bible in the Bowls: A Catalogue of Biblical Quotations in Published Jewish Babylonian Aramaic Magic Bowls. Cambridge: Open Book Publishers, 2022. DOI: 10.11647/OBP.0305.","p. 155, distribution table, M 108",https://doi.org/10.11647/OBP.0305,available
IBI-8ADDEA9CC8CC,SRC-72D809FB4249,catalogue,"Segal, J. B., with Erica C. D. Hunter. Catalogue of the Aramaic and Mandaic Incantation Bowls in the British Museum. London: British Museum Press, 2000.",text 036A; section pp. 43–102,https://www.britishmuseum.org/collection/term/BIB3908,partial
IBI-8BD97D622B48,SRC-6D313A7AA389,catalogue,"Brand, Mattias, with Alexandra Probst. Working List of Syriac ‘Manichaean’ Incantation Bowls. Version 1, June 2021.","p. 2, item 41",,available
IBI-8C00422B6E33,SRC-72D809FB4249,catalogue,"Segal, J. B., with Erica C. D. Hunter. Catalogue of the Aramaic and Mandaic Incantation Bowls in the British Museum. London: British Museum Press, 2000.",text 138Ps; section pp. 150–162,https://www.britishmuseum.org/collection/term/BIB3908,partial
IBI-8C0AC5D39D04,SRC-72D809FB4249,catalogue,"Segal, J. B., with Erica C. D. Hunter. Catalogue of the Aramaic and Mandaic Incantation Bowls in the British Museum. London: British Museum Press, 2000.",text 115M; section pp. 103–146,https://www.britishmuseum.org/collection/term/BIB3908,partial
IBI-8CE840CF9115,SRC-72D809FB4249,catalogue,"Segal, J. B., with Erica C. D. Hunter. Catalogue of the Aramaic and Mandaic Incantation Bowls in the British Museum. London: British Museum Press, 2000.",text 109M; section pp. 103–146,https://www.britishmuseum.org/collection/term/BIB3908,partial
IBI-8D435836FB42,SRC-83A3DFDE7924,chapter,"Morgenstern, Matthew. “Mandaic Magic Bowls in the Moussaieff Collection: A Preliminary Survey.” In New Inscriptions and Seals Relating to the Biblical World, 157–170. Society of Biblical Literature, 2012. https://doi.org/10.2307/j.ctt32bzp2.17.","pp. 164–165, unnumbered bowl B",https://doi.org/10.2307/j.ctt32bzp2.17,partial
IBI-8D512FDF86E0,SRC-72D809FB4249,catalogue,"Segal, J. B., with Erica C. D. Hunter. Catalogue of the Aramaic and Mandaic Incantation Bowls in the British Museum. London: British Museum Press, 2000.",text 061A; section pp. 43–102,https://www.britishmuseum.org/collection/term/BIB3908,partial
IBI-8DA204C6914A,SRC-FC77989995C8,catalogue,"Archaeological Center Ltd. Auction 57. Auction catalogue, lots 440–442, accessed 4 September 2026.","catalogue p. 92, lot 440; image p. 93",,available
IBI-9025903BB357,SRC-8F8BA58FAE9F,article,"Ford, James Nathan, and Alon Ten-Ami. ‘An Incantation Bowl for Rav Mešaršia Son of Qaqay’ [Hebrew]. Tarbiz 80, no. 2 (2012): 219–230. JSTOR 23607828.",pp. 219–230 / JSTOR 23607828,https://www.jstor.org/stable/23607828,partial
IBI-90A3DFF32458,SRC-A90AB34CA3FE,thesis,"Kedar, Dorit. Who Wrote the Incantation Bowls? PhD dissertation, Freie Universität Berlin, 2019. DOI: 10.17169/refubium-2273.","p. 105, note 434; designation MS 2053/132",https://doi.org/10.17169/refubium-2273,available
IBI-90B88EACB9FB,SRC-72D809FB4249,catalogue,"Segal, J. B., with Erica C. D. Hunter. Catalogue of the Aramaic and Mandaic Incantation Bowls in the British Museum. London: British Museum Press, 2000.",text 018A; section pp. 43–102,https://www.britishmuseum.org/collection/term/BIB3908,partial
IBI-90C14612734A,SRC-73C44B143A9D,book,"Waller, Daniel James, with contributions by Dorota Molin. The Bible in the Bowls: A Catalogue of Biblical Quotations in Published Jewish Babylonian Aramaic Magic Bowls. Cambridge: Open Book Publishers, 2022. DOI: 10.11647/OBP.0305.","p. 161, distribution table, Müller-Kessler 1994: B2",https://doi.org/10.11647/OBP.0305,available
IBI-90E4425BBD7D,SRC-73C44B143A9D,book,"Waller, Daniel James, with contributions by Dorota Molin. The Bible in the Bowls: A Catalogue of Biblical Quotations in Published Jewish Babylonian Aramaic Magic Bowls. Cambridge: Open Book Publishers, 2022. DOI: 10.11647/OBP.0305.","p. 159, distribution table, IM 212093",https://doi.org/10.11647/OBP.0305,available
IBI-917276249B87,SRC-943673B56FB8,book,"Montgomery, James A. Aramaic Incantation Texts from Nippur. University Museum, Babylonian Section, Publications 3. Philadelphia, 1913.","p. 321, item 4",https://archive.org/details/aramaicincantati00mont,available
IBI-917397575566,SRC-A90AB34CA3FE,thesis,"Kedar, Dorit. Who Wrote the Incantation Bowls? PhD dissertation, Freie Universität Berlin, 2019. DOI: 10.17169/refubium-2273.","p. 102, table 6, NFP 6 and note 413",https://doi.org/10.17169/refubium-2273,available
IBI-924B5252E5D5,SRC-6D313A7AA389,catalogue,"Brand, Mattias, with Alexandra Probst. Working List of Syriac ‘Manichaean’ Incantation Bowls. Version 1, June 2021.","p. 1, item 15",,available
IBI-93D8D01109BC,SRC-6D313A7AA389,catalogue,"Brand, Mattias, with Alexandra Probst. Working List of Syriac ‘Manichaean’ Incantation Bowls. Version 1, June 2021.","p. 2, item 27",,available
IBI-95409522D6EC,SRC-4B0CEB2BE96C,catalogue,"Bonhams, Antiquities, 101 New Bond Street, London, catalogue bonham10350, lot 58.","lot 58, larger fragment",https://www.the-saleroom.com/en-gb/auction-catalogues/bonhams/catalogue-id-bonham10350/pdfexport,partial
IBI-967FFF92E37F,SRC-73C44B143A9D,book,"Waller, Daniel James, with contributions by Dorota Molin. The Bible in the Bowls: A Catalogue of Biblical Quotations in Published Jewish Babylonian Aramaic Magic Bowls. Cambridge: Open Book Publishers, 2022. DOI: 10.11647/OBP.0305.","p. 158, distribution table, JBA 116",https://doi.org/10.11647/OBP.0305,available
IBI-96BF25574EC7,SRC-72D809FB4249,catalogue,"Segal, J. B., with Erica C. D. Hunter. Catalogue of the Aramaic and Mandaic Incantation Bowls in the British Museum. London: British Museum Press, 2000.",text 133Ps; section pp. 150–162,https://www.britishmuseum.org/collection/term/BIB3908,partial
IBI-974F2B5B0B55,SRC-6D313A7AA389,catalogue,"Brand, Mattias, with Alexandra Probst. Working List of Syriac ‘Manichaean’ Incantation Bowls. Version 1, June 2021.","p. 1, item 4",,available
IBI-9864B55DD2CF,SRC-73C44B143A9D,book,"Waller, Daniel James, with contributions by Dorota Molin. The Bible in the Bowls: A Catalogue of Biblical Quotations in Published Jewish Babylonian Aramaic Magic Bowls. Cambridge: Open Book Publishers, 2022. DOI: 10.11647/OBP.0305.","p. 154, distribution table, Isbell 55",https://doi.org/10.11647/OBP.0305,available
IBI-99CA1DB9C484,SRC-83A3DFDE7924,chapter,"Morgenstern, Matthew. “Mandaic Magic Bowls in the Moussaieff Collection: A Preliminary Survey.” In New Inscriptions and Seals Relating to the Biblical World, 157–170. Society of Biblical Literature, 2012. https://doi.org/10.2307/j.ctt32bzp2.17.","pp. 161–162, M139",https://doi.org/10.2307/j.ctt32bzp2.17,partial
IBI-9A362DCF2CFA,SRC-0B9E40B67D88,article,"Abousamra, Gaby. ‘An Incantation Bowl from the Matenadaran.’ Semitica 61 (2019): 139–146. DOI: 10.2143/SE.61.0.3286687.",Matenadaran MS 132; pp. 139–146,https://doi.org/10.2143/SE.61.0.3286687,partial
IBI-9A53997D1CD3,SRC-A90AB34CA3FE,thesis,"Kedar, Dorit. Who Wrote the Incantation Bowls? PhD dissertation, Freie Universität Berlin, 2019. DOI: 10.17169/refubium-2273.","p. 105, note 434; designation Wolf 69",https://doi.org/10.17169/refubium-2273,available
IBI-9AB5883DFA15,SRC-73C44B143A9D,book,"Waller, Daniel James, with contributions by Dorota Molin. The Bible in the Bowls: A Catalogue of Biblical Quotations in Published Jewish Babylonian Aramaic Magic Bowls. Cambridge: Open Book Publishers, 2022. DOI: 10.11647/OBP.0305.","p. 154, distribution table, Isbell 42",https://doi.org/10.11647/OBP.0305,available
IBI-9B6BD36CC471,SRC-F20148C5DA92,catalogue,"Apollo Art Auctions, auction catalogue 10068, lots 270–273, indexed by The Saleroom, 2025.",lot 272,https://www.the-saleroom.com/en-gb/auction-catalogues/apollo-art/catalogue-id-apollo-art10068/pdfexport,partial
IBI-9BF942623298,SRC-73C44B143A9D,book,"Waller, Daniel James, with contributions by Dorota Molin. The Bible in the Bowls: A Catalogue of Biblical Quotations in Published Jewish Babylonian Aramaic Magic Bowls. Cambridge: Open Book Publishers, 2022. DOI: 10.11647/OBP.0305.","p. 156, distribution table, JBA 03",https://doi.org/10.11647/OBP.0305,available
IBI-9D21947B0388,SRC-943673B56FB8,book,"Montgomery, James A. Aramaic Incantation Texts from Nippur. University Museum, Babylonian Section, Publications 3. Philadelphia, 1913.","printed p. 19, bibliography item N",https://archive.org/details/aramaicincantati00mont,available
IBI-9D21947B0388,SRC-F42955665921,article,"Schwab, Moïse. ‘Coupes à inscriptions magiques.’ Proceedings of the Society of Biblical Archaeology 13 (1891): 583–595.","printed pp. 590–591, item N",https://archive.org/details/proceedings13soci,available
IBI-9D7CBB46A6A3,SRC-72D809FB4249,catalogue,"Segal, J. B., with Erica C. D. Hunter. Catalogue of the Aramaic and Mandaic Incantation Bowls in the British Museum. London: British Museum Press, 2000.",text 078M; section pp. 103–146,https://www.britishmuseum.org/collection/term/BIB3908,partial
IBI-9E632A3F0295,SRC-73C44B143A9D,book,"Waller, Daniel James, with contributions by Dorota Molin. The Bible in the Bowls: A Catalogue of Biblical Quotations in Published Jewish Babylonian Aramaic Magic Bowls. Cambridge: Open Book Publishers, 2022. DOI: 10.11647/OBP.0305.","p. 155, distribution table, M 102",https://doi.org/10.11647/OBP.0305,available
IBI-A08C17F9599F,SRC-72D809FB4249,catalogue,"Segal, J. B., with Erica C. D. Hunter. Catalogue of the Aramaic and Mandaic Incantation Bowls in the British Museum. London: British Museum Press, 2000.",text 123Ps; section pp. 150–162,https://www.britishmuseum.org/collection/term/BIB3908,partial
IBI-A0C31C78E234,SRC-72D809FB4249,catalogue,"Segal, J. B., with Erica C. D. Hunter. Catalogue of the Aramaic and Mandaic Incantation Bowls in the British Museum. London: British Museum Press, 2000.",text 141Ps; section pp. 150–162,https://www.britishmuseum.org/collection/term/BIB3908,partial
IBI-A11621D03F66,SRC-73C44B143A9D,book,"Waller, Daniel James, with contributions by Dorota Molin. The Bible in the Bowls: A Catalogue of Biblical Quotations in Published Jewish Babylonian Aramaic Magic Bowls. Cambridge: Open Book Publishers, 2022. DOI: 10.11647/OBP.0305.","p. 157, distribution table, JBA 67",https://doi.org/10.11647/OBP.0305,available
IBI-A19B58EBBBA9,SRC-72D809FB4249,catalogue,"Segal, J. B., with Erica C. D. Hunter. Catalogue of the Aramaic and Mandaic Incantation Bowls in the British Museum. London: British Museum Press, 2000.",text 031A; section pp. 43–102,https://www.britishmuseum.org/collection/term/BIB3908,partial
IBI-A2115A007A05,SRC-72D809FB4249,catalogue,"Segal, J. B., with Erica C. D. Hunter. Catalogue of the Aramaic and Mandaic Incantation Bowls in the British Museum. London: British Museum Press, 2000.",text 124Ps; section pp. 150–162,https://www.britishmuseum.org/collection/term/BIB3908,partial
IBI-A28AB07607CC,SRC-72D809FB4249,catalogue,"Segal, J. B., with Erica C. D. Hunter. Catalogue of the Aramaic and Mandaic Incantation Bowls in the British Museum. London: British Museum Press, 2000.",text 108M; section pp. 103–146,https://www.britishmuseum.org/collection/term/BIB3908,partial
IBI-A2C514D5D255,SRC-B1AA93ACD1E1,article,"Geller, Markham J. ‘Two Incantation Bowls Inscribed in Syriac and Aramaic.’ BSOAS 39, no. 2 (1976): 422–427.",pp. 422–425,https://doi.org/10.1017/S0041977X00050096,partial
IBI-A2DAA0BC88B6,SRC-73C44B143A9D,book,"Waller, Daniel James, with contributions by Dorota Molin. The Bible in the Bowls: A Catalogue of Biblical Quotations in Published Jewish Babylonian Aramaic Magic Bowls. Cambridge: Open Book Publishers, 2022. DOI: 10.11647/OBP.0305.","p. 161, distribution table, C10-116",https://doi.org/10.11647/OBP.0305,available
IBI-A2E775143F9F,SRC-943673B56FB8,book,"Montgomery, James A. Aramaic Incantation Texts from Nippur. University Museum, Babylonian Section, Publications 3. Philadelphia, 1913.","p. 323, item 17",https://archive.org/details/aramaicincantati00mont,available
IBI-A3736CD7D997,SRC-943673B56FB8,book,"Montgomery, James A. Aramaic Incantation Texts from Nippur. University Museum, Babylonian Section, Publications 3. Philadelphia, 1913.","p. 326, item 40",https://archive.org/details/aramaicincantati00mont,available
IBI-A40CFF8CFA46,SRC-73C44B143A9D,book,"Waller, Daniel James, with contributions by Dorota Molin. The Bible in the Bowls: A Catalogue of Biblical Quotations in Published Jewish Babylonian Aramaic Magic Bowls. Cambridge: Open Book Publishers, 2022. DOI: 10.11647/OBP.0305.","p. 160, distribution table, MS 2053/159",https://doi.org/10.11647/OBP.0305,available
IBI-A47920BF4C4D,SRC-73C44B143A9D,book,"Waller, Daniel James, with contributions by Dorota Molin. The Bible in the Bowls: A Catalogue of Biblical Quotations in Published Jewish Babylonian Aramaic Magic Bowls. Cambridge: Open Book Publishers, 2022. DOI: 10.11647/OBP.0305.","p. 159, distribution table, M 4",https://doi.org/10.11647/OBP.0305,available
IBI-A4D8C4C956A2,SRC-72D809FB4249,catalogue,"Segal, J. B., with Erica C. D. Hunter. Catalogue of the Aramaic and Mandaic Incantation Bowls in the British Museum. London: British Museum Press, 2000.",text 107M; section pp. 103–146,https://www.britishmuseum.org/collection/term/BIB3908,partial
IBI-A5148211C7F0,SRC-72D809FB4249,catalogue,"Segal, J. B., with Erica C. D. Hunter. Catalogue of the Aramaic and Mandaic Incantation Bowls in the British Museum. London: British Museum Press, 2000.",text 059A; section pp. 43–102,https://www.britishmuseum.org/collection/term/BIB3908,partial
IBI-A5833D9EAB52,SRC-A90AB34CA3FE,thesis,"Kedar, Dorit. Who Wrote the Incantation Bowls? PhD dissertation, Freie Universität Berlin, 2019. DOI: 10.17169/refubium-2273.","p. 134, note 546; designation IM 114987",https://doi.org/10.17169/refubium-2273,available
IBI-A58C2D4572FF,SRC-72D809FB4249,catalogue,"Segal, J. B., with Erica C. D. Hunter. Catalogue of the Aramaic and Mandaic Incantation Bowls in the British Museum. London: British Museum Press, 2000.",text 113M; section pp. 103–146,https://www.britishmuseum.org/collection/term/BIB3908,partial
IBI-A5EA35FED093,SRC-72D809FB4249,catalogue,"Segal, J. B., with Erica C. D. Hunter. Catalogue of the Aramaic and Mandaic Incantation Bowls in the British Museum. London: British Museum Press, 2000.",text 055A; section pp. 43–102,https://www.britishmuseum.org/collection/term/BIB3908,partial
IBI-A6D92692DBC3,SRC-30F5C3AD388A,article,"Saar, Ortal-Paz. ‘An Incantation Bowl for Sowing Discord.’ JSS 58, no. 2 (2013): 241–256.",pp. 241–256,https://doi.org/10.1093/jss/fgt002,partial
IBI-A7A540CDFF87,SRC-73C44B143A9D,book,"Waller, Daniel James, with contributions by Dorota Molin. The Bible in the Bowls: A Catalogue of Biblical Quotations in Published Jewish Babylonian Aramaic Magic Bowls. Cambridge: Open Book Publishers, 2022. DOI: 10.11647/OBP.0305.","p. 154, distribution table, Isbell 66",https://doi.org/10.11647/OBP.0305,available
IBI-A82799547494,SRC-72D809FB4249,catalogue,"Segal, J. B., with Erica C. D. Hunter. Catalogue of the Aramaic and Mandaic Incantation Bowls in the British Museum. London: British Museum Press, 2000.",text 120SY; section pp. 147–149,https://www.britishmuseum.org/collection/term/BIB3908,partial
IBI-A9F0F3BFB1CC,SRC-73C44B143A9D,book,"Waller, Daniel James, with contributions by Dorota Molin. The Bible in the Bowls: A Catalogue of Biblical Quotations in Published Jewish Babylonian Aramaic Magic Bowls. Cambridge: Open Book Publishers, 2022. DOI: 10.11647/OBP.0305.","p. 154, distribution table, AMB 12b",https://doi.org/10.11647/OBP.0305,available
IBI-AA3FC953DA0F,SRC-72D809FB4249,catalogue,"Segal, J. B., with Erica C. D. Hunter. Catalogue of the Aramaic and Mandaic Incantation Bowls in the British Museum. London: British Museum Press, 2000.",text 028A; section pp. 43–102,https://www.britishmuseum.org/collection/term/BIB3908,partial
IBI-AA67AEE8E98C,SRC-943673B56FB8,book,"Montgomery, James A. Aramaic Incantation Texts from Nippur. University Museum, Babylonian Section, Publications 3. Philadelphia, 1913.","printed p. 19, bibliography item P",https://archive.org/details/aramaicincantati00mont,available
IBI-AA67AEE8E98C,SRC-F42955665921,article,"Schwab, Moïse. ‘Coupes à inscriptions magiques.’ Proceedings of the Society of Biblical Archaeology 13 (1891): 583–595.","printed pp. 590, 592–593, item P",https://archive.org/details/proceedings13soci,available
IBI-AA8DEF952E20,SRC-73C44B143A9D,book,"Waller, Daniel James, with contributions by Dorota Molin. The Bible in the Bowls: A Catalogue of Biblical Quotations in Published Jewish Babylonian Aramaic Magic Bowls. Cambridge: Open Book Publishers, 2022. DOI: 10.11647/OBP.0305.","p. 162, distribution table, Herman 2021",https://doi.org/10.11647/OBP.0305,available
IBI-AB9C12C9719A,SRC-73C44B143A9D,book,"Waller, Daniel James, with contributions by Dorota Molin. The Bible in the Bowls: A Catalogue of Biblical Quotations in Published Jewish Babylonian Aramaic Magic Bowls. Cambridge: Open Book Publishers, 2022. DOI: 10.11647/OBP.0305.","p. 158, distribution table, HS 3003",https://doi.org/10.11647/OBP.0305,available
IBI-ABBE8A2E6E8E,SRC-72D809FB4249,catalogue,"Segal, J. B., with Erica C. D. Hunter. Catalogue of the Aramaic and Mandaic Incantation Bowls in the British Museum. London: British Museum Press, 2000.",text 106M; section pp. 103–146,https://www.britishmuseum.org/collection/term/BIB3908,partial
IBI-ABDE8A973358,SRC-943673B56FB8,book,"Montgomery, James A. Aramaic Incantation Texts from Nippur. University Museum, Babylonian Section, Publications 3. Philadelphia, 1913.","p. 324, item 20",https://archive.org/details/aramaicincantati00mont,available
IBI-AC5D219BD84B,SRC-6D313A7AA389,catalogue,"Brand, Mattias, with Alexandra Probst. Working List of Syriac ‘Manichaean’ Incantation Bowls. Version 1, June 2021.","p. 1, item 16",,available
IBI-AD36E9223E31,SRC-72D809FB4249,catalogue,"Segal, J. B., with Erica C. D. Hunter. Catalogue of the Aramaic and Mandaic Incantation Bowls in the British Museum. London: British Museum Press, 2000.",text 072A; section pp. 43–102,https://www.britishmuseum.org/collection/term/BIB3908,partial
IBI-AE52679A7DB6,SRC-72D809FB4249,catalogue,"Segal, J. B., with Erica C. D. Hunter. Catalogue of the Aramaic and Mandaic Incantation Bowls in the British Museum. London: British Museum Press, 2000.",text 042A; section pp. 43–102,https://www.britishmuseum.org/collection/term/BIB3908,partial
IBI-AE853E6EB337,SRC-73C44B143A9D,book,"Waller, Daniel James, with contributions by Dorota Molin. The Bible in the Bowls: A Catalogue of Biblical Quotations in Published Jewish Babylonian Aramaic Magic Bowls. Cambridge: Open Book Publishers, 2022. DOI: 10.11647/OBP.0305.","p. 156, distribution table, VA 2509",https://doi.org/10.11647/OBP.0305,available
IBI-AEB653AF5AB5,SRC-72D809FB4249,catalogue,"Segal, J. B., with Erica C. D. Hunter. Catalogue of the Aramaic and Mandaic Incantation Bowls in the British Museum. London: British Museum Press, 2000.",text 137Ps; section pp. 150–162,https://www.britishmuseum.org/collection/term/BIB3908,partial
IBI-AF04A429BAE6,SRC-73C44B143A9D,book,"Waller, Daniel James, with contributions by Dorota Molin. The Bible in the Bowls: A Catalogue of Biblical Quotations in Published Jewish Babylonian Aramaic Magic Bowls. Cambridge: Open Book Publishers, 2022. DOI: 10.11647/OBP.0305.","p. 159, distribution table, Aaron E",https://doi.org/10.11647/OBP.0305,available
IBI-B05ED8D498A4,SRC-72D809FB4249,catalogue,"Segal, J. B., with Erica C. D. Hunter. Catalogue of the Aramaic and Mandaic Incantation Bowls in the British Museum. London: British Museum Press, 2000.",text 082M; section pp. 103–146,https://www.britishmuseum.org/collection/term/BIB3908,partial
IBI-B0F71190A97E,SRC-72D809FB4249,catalogue,"Segal, J. B., with Erica C. D. Hunter. Catalogue of the Aramaic and Mandaic Incantation Bowls in the British Museum. London: British Museum Press, 2000.",text 090M; section pp. 103–146,https://www.britishmuseum.org/collection/term/BIB3908,partial
IBI-B169DA581974,SRC-72D809FB4249,catalogue,"Segal, J. B., with Erica C. D. Hunter. Catalogue of the Aramaic and Mandaic Incantation Bowls in the British Museum. London: British Museum Press, 2000.",text 058A; section pp. 43–102,https://www.britishmuseum.org/collection/term/BIB3908,partial
IBI-B16BA47EFA4E,SRC-73C44B143A9D,book,"Waller, Daniel James, with contributions by Dorota Molin. The Bible in the Bowls: A Catalogue of Biblical Quotations in Published Jewish Babylonian Aramaic Magic Bowls. Cambridge: Open Book Publishers, 2022. DOI: 10.11647/OBP.0305.","p. 158, distribution table, JBA 108",https://doi.org/10.11647/OBP.0305,available
IBI-B19BB6350226,SRC-6D313A7AA389,catalogue,"Brand, Mattias, with Alexandra Probst. Working List of Syriac ‘Manichaean’ Incantation Bowls. Version 1, June 2021.","p. 2, item 23",,available
IBI-B1DFAA8ED8D6,SRC-72D809FB4249,catalogue,"Segal, J. B., with Erica C. D. Hunter. Catalogue of the Aramaic and Mandaic Incantation Bowls in the British Museum. London: British Museum Press, 2000.",text 007A; section pp. 43–102,https://www.britishmuseum.org/collection/term/BIB3908,partial
IBI-B205D4EC9A30,SRC-73C44B143A9D,book,"Waller, Daniel James, with contributions by Dorota Molin. The Bible in the Bowls: A Catalogue of Biblical Quotations in Published Jewish Babylonian Aramaic Magic Bowls. Cambridge: Open Book Publishers, 2022. DOI: 10.11647/OBP.0305.","p. 157, distribution table, JBA 15",https://doi.org/10.11647/OBP.0305,available
IBI-B26C2EDB70C1,SRC-6D313A7AA389,catalogue,"Brand, Mattias, with Alexandra Probst. Working List of Syriac ‘Manichaean’ Incantation Bowls. Version 1, June 2021.","p. 2, item 25",,available
IBI-B43401C954BF,SRC-72D809FB4249,catalogue,"Segal, J. B., with Erica C. D. Hunter. Catalogue of the Aramaic and Mandaic Incantation Bowls in the British Museum. London: British Museum Press, 2000.",text 105M; section pp. 103–146,https://www.britishmuseum.org/collection/term/BIB3908,partial
IBI-B49080BDD117,SRC-72D809FB4249,catalogue,"Segal, J. B., with Erica C. D. Hunter. Catalogue of the Aramaic and Mandaic Incantation Bowls in the British Museum. London: British Museum Press, 2000.",text 014A; section pp. 43–102,https://www.britishmuseum.org/collection/term/BIB3908,partial
IBI-B54D497CC676,SRC-943673B56FB8,book,"Montgomery, James A. Aramaic Incantation Texts from Nippur. University Museum, Babylonian Section, Publications 3. Philadelphia, 1913.","p. 322, item 9",https://archive.org/details/aramaicincantati00mont,available
IBI-B5772A1804A9,SRC-A90AB34CA3FE,thesis,"Kedar, Dorit. Who Wrote the Incantation Bowls? PhD dissertation, Freie Universität Berlin, 2019. DOI: 10.17169/refubium-2273.","p. 134, note 546; designation JNF 153",https://doi.org/10.17169/refubium-2273,available
IBI-B57A039113F9,SRC-72D809FB4249,catalogue,"Segal, J. B., with Erica C. D. Hunter. Catalogue of the Aramaic and Mandaic Incantation Bowls in the British Museum. London: British Museum Press, 2000.",text 139Ps; section pp. 150–162,https://www.britishmuseum.org/collection/term/BIB3908,partial
IBI-B6246E14776E,SRC-943673B56FB8,book,"Montgomery, James A. Aramaic Incantation Texts from Nippur. University Museum, Babylonian Section, Publications 3. Philadelphia, 1913.","p. 322, item 6",https://archive.org/details/aramaicincantati00mont,available
IBI-B6711673FBFD,SRC-72D809FB4249,catalogue,"Segal, J. B., with Erica C. D. Hunter. Catalogue of the Aramaic and Mandaic Incantation Bowls in the British Museum. London: British Museum Press, 2000.",text 012A; section pp. 43–102,https://www.britishmuseum.org/collection/term/BIB3908,partial
IBI-B72C2B4661EE,SRC-72D809FB4249,catalogue,"Segal, J. B., with Erica C. D. Hunter. Catalogue of the Aramaic and Mandaic Incantation Bowls in the British Museum. London: British Museum Press, 2000.",text 097M; section pp. 103–146,https://www.britishmuseum.org/collection/term/BIB3908,partial
IBI-B74372055B1B,SRC-73C44B143A9D,book,"Waller, Daniel James, with contributions by Dorota Molin. The Bible in the Bowls: A Catalogue of Biblical Quotations in Published Jewish Babylonian Aramaic Magic Bowls. Cambridge: Open Book Publishers, 2022. DOI: 10.11647/OBP.0305.","p. 159, distribution table, M 5",https://doi.org/10.11647/OBP.0305,available
IBI-B75AF2D8983C,SRC-F09573688FD1,article,"Šafiʿī, Ibrāhīm. ‘Five Earthenware Mandaic Incantation Bowls in Ābgīne Museum, Tehrān.’ Journal of Semitic Studies 70.1 (2025): 1–30, object 108–S.",abstract; object 110–S,https://doi.org/10.1093/jss/fgae027,paywalled
IBI-B7981E70CCE1,SRC-F09573688FD1,article,"Šafiʿī, Ibrāhīm. ‘Five Earthenware Mandaic Incantation Bowls in Ābgīne Museum, Tehrān.’ Journal of Semitic Studies 70.1 (2025): 1–30, object 108–S.",abstract; object 627–S,https://doi.org/10.1093/jss/fgae027,paywalled
IBI-B7DE88C662A8,SRC-1A922C3F041F,article,"Müller-Kessler, ‘The Jewish Babylonian Aramaic Magic Bowl BM 91767 Reconsidered,’ Le Muséon 120 (2007).",bowl BM 91767,https://doi.org/10.2143/MUS.120.1.2020266,partial
IBI-B8152163710F,SRC-0D8C4983AED9,article,"Bhayro et al. ‘An Aramaic Magic Bowl for Fertility and Success in Childbirth: Lisboa, Museu da Farmácia, Inv. No. 10895.’ Aramaic Studies 15 (2017).",bowl MFL 10895,https://doi.org/10.1163/17455227-01501002,partial
IBI-B860E80111E3,SRC-F168D061C401,catalogue,"The Morgan Library & Museum. ‘Incantation Bowls,’ large-print exhibition label for Penn Museum B2923, accessed 4 September 2026.",Incantation Bowls label: Penn B2923,https://www.themorgan.org/sites/default/files/pdf/exhibitions/PsalmsLargePrintLabels.pdf,available
IBI-B8793C833977,SRC-72D809FB4249,catalogue,"Segal, J. B., with Erica C. D. Hunter. Catalogue of the Aramaic and Mandaic Incantation Bowls in the British Museum. London: British Museum Press, 2000.",text 046A; section pp. 43–102,https://www.britishmuseum.org/collection/term/BIB3908,partial
IBI-B8B09844C8B9,SRC-FF4308945F0F,article,"Cook, Edward M. ‘An Aramaic Incantation Bowl from Khafaje.’ BASOR 285 (1992): 79–81.",pp. 79–81,https://doi.org/10.2307/1357216,partial
IBI-BA91CB9E218A,SRC-72D809FB4249,catalogue,"Segal, J. B., with Erica C. D. Hunter. Catalogue of the Aramaic and Mandaic Incantation Bowls in the British Museum. London: British Museum Press, 2000.",text 073A; section pp. 43–102,https://www.britishmuseum.org/collection/term/BIB3908,partial
IBI-BBAD14924234,SRC-72D809FB4249,catalogue,"Segal, J. B., with Erica C. D. Hunter. Catalogue of the Aramaic and Mandaic Incantation Bowls in the British Museum. London: British Museum Press, 2000.",text 074A; section pp. 43–102,https://www.britishmuseum.org/collection/term/BIB3908,partial
IBI-BBB46EF28115,SRC-F09573688FD1,article,"Šafiʿī, Ibrāhīm. ‘Five Earthenware Mandaic Incantation Bowls in Ābgīne Museum, Tehrān.’ Journal of Semitic Studies 70.1 (2025): 1–30, object 108–S.",abstract; object 626–S,https://doi.org/10.1093/jss/fgae027,paywalled
IBI-BCA2A671CAFF,SRC-AB306F0110B7,article,Remarks on a New Aramaic Incantation Bowl IM 77781 (2022). Repository location indexed by OpenAlex W4312000420.,title and abstract,https://doi.org/10.1093/jss/fgac026,available
IBI-BCF1D44D0968,SRC-72D809FB4249,catalogue,"Segal, J. B., with Erica C. D. Hunter. Catalogue of the Aramaic and Mandaic Incantation Bowls in the British Museum. London: British Museum Press, 2000.",text 064A; section pp. 43–102,https://www.britishmuseum.org/collection/term/BIB3908,partial
IBI-BF1E6329F91D,SRC-73C44B143A9D,book,"Waller, Daniel James, with contributions by Dorota Molin. The Bible in the Bowls: A Catalogue of Biblical Quotations in Published Jewish Babylonian Aramaic Magic Bowls. Cambridge: Open Book Publishers, 2022. DOI: 10.11647/OBP.0305.","p. 157, distribution table, JBA 60",https://doi.org/10.11647/OBP.0305,available
IBI-BF211A4B72F7,SRC-A90AB34CA3FE,thesis,"Kedar, Dorit. Who Wrote the Incantation Bowls? PhD dissertation, Freie Universität Berlin, 2019. DOI: 10.17169/refubium-2273.","p. 105, note 434; designation MS 2053/150",https://doi.org/10.17169/refubium-2273,available
IBI-BFAC7CA37B96,SRC-A90AB34CA3FE,thesis,"Kedar, Dorit. Who Wrote the Incantation Bowls? PhD dissertation, Freie Universität Berlin, 2019. DOI: 10.17169/refubium-2273.","p. 102, table 6, NFP 9 and note 416",https://doi.org/10.17169/refubium-2273,available
IBI-C01989E5879E,SRC-72D809FB4249,catalogue,"Segal, J. B., with Erica C. D. Hunter. Catalogue of the Aramaic and Mandaic Incantation Bowls in the British Museum. London: British Museum Press, 2000.",text 050A; section pp. 43–102,https://www.britishmuseum.org/collection/term/BIB3908,partial
IBI-C06FF61EAB69,SRC-73C44B143A9D,book,"Waller, Daniel James, with contributions by Dorota Molin. The Bible in the Bowls: A Catalogue of Biblical Quotations in Published Jewish Babylonian Aramaic Magic Bowls. Cambridge: Open Book Publishers, 2022. DOI: 10.11647/OBP.0305.","p. 160, distribution table, MS 2053/216",https://doi.org/10.11647/OBP.0305,available
IBI-C0936EFE772B,SRC-A90AB34CA3FE,thesis,"Kedar, Dorit. Who Wrote the Incantation Bowls? PhD dissertation, Freie Universität Berlin, 2019. DOI: 10.17169/refubium-2273.","p. 134, note 546; designation Berlin XI-t 5178",https://doi.org/10.17169/refubium-2273,available
IBI-C0CEB7F095BD,SRC-72D809FB4249,catalogue,"Segal, J. B., with Erica C. D. Hunter. Catalogue of the Aramaic and Mandaic Incantation Bowls in the British Museum. London: British Museum Press, 2000.",text 117ES; section pp. 147–149,https://www.britishmuseum.org/collection/term/BIB3908,partial
IBI-C2906E4D88F3,SRC-73C44B143A9D,book,"Waller, Daniel James, with contributions by Dorota Molin. The Bible in the Bowls: A Catalogue of Biblical Quotations in Published Jewish Babylonian Aramaic Magic Bowls. Cambridge: Open Book Publishers, 2022. DOI: 10.11647/OBP.0305.","p. 155, distribution table, CAMIB 40",https://doi.org/10.11647/OBP.0305,available
IBI-C2E332F154A0,SRC-943673B56FB8,book,"Montgomery, James A. Aramaic Incantation Texts from Nippur. University Museum, Babylonian Section, Publications 3. Philadelphia, 1913.","p. 324, item 24",https://archive.org/details/aramaicincantati00mont,available
IBI-C30A015175D7,SRC-73C44B143A9D,book,"Waller, Daniel James, with contributions by Dorota Molin. The Bible in the Bowls: A Catalogue of Biblical Quotations in Published Jewish Babylonian Aramaic Magic Bowls. Cambridge: Open Book Publishers, 2022. DOI: 10.11647/OBP.0305.","p. 159, distribution table, IM 114987",https://doi.org/10.11647/OBP.0305,available
IBI-C3A694B7B3C5,SRC-73C44B143A9D,book,"Waller, Daniel James, with contributions by Dorota Molin. The Bible in the Bowls: A Catalogue of Biblical Quotations in Published Jewish Babylonian Aramaic Magic Bowls. Cambridge: Open Book Publishers, 2022. DOI: 10.11647/OBP.0305.","p. 156, distribution table, JBA 05",https://doi.org/10.11647/OBP.0305,available
IBI-C3B04E20C369,SRC-943673B56FB8,book,"Montgomery, James A. Aramaic Incantation Texts from Nippur. University Museum, Babylonian Section, Publications 3. Philadelphia, 1913.","p. 322, item 10",https://archive.org/details/aramaicincantati00mont,available
IBI-C478C77AFCC6,SRC-24B0EC105BC9,article,"Moriggi, Marco. “Relics of Syriac Magic: Another Syriac Bowl for Prwkzʿd br Kwmy and a Syriac Incantation Fragment in the British Museum.” Folia Orientalia 61 (2024): 193–202. https://doi.org/10.24425/for.2024.152391.","text 2, pp. 198–201; BM 117877",https://doi.org/10.24425/for.2024.152391,available
IBI-C489B8F60488,SRC-72D809FB4249,catalogue,"Segal, J. B., with Erica C. D. Hunter. Catalogue of the Aramaic and Mandaic Incantation Bowls in the British Museum. London: British Museum Press, 2000.",text 128Ps; section pp. 150–162,https://www.britishmuseum.org/collection/term/BIB3908,partial
IBI-C4D30211498C,SRC-73C44B143A9D,book,"Waller, Daniel James, with contributions by Dorota Molin. The Bible in the Bowls: A Catalogue of Biblical Quotations in Published Jewish Babylonian Aramaic Magic Bowls. Cambridge: Open Book Publishers, 2022. DOI: 10.11647/OBP.0305.","p. 159, distribution table, IM 212103",https://doi.org/10.11647/OBP.0305,available
IBI-C50CABFE3DBA,SRC-72D809FB4249,catalogue,"Segal, J. B., with Erica C. D. Hunter. Catalogue of the Aramaic and Mandaic Incantation Bowls in the British Museum. London: British Museum Press, 2000.",text 004A; section pp. 43–102,https://www.britishmuseum.org/collection/term/BIB3908,partial
IBI-C64F25E8FE6E,SRC-72D809FB4249,catalogue,"Segal, J. B., with Erica C. D. Hunter. Catalogue of the Aramaic and Mandaic Incantation Bowls in the British Museum. London: British Museum Press, 2000.",text 080M; section pp. 103–146,https://www.britishmuseum.org/collection/term/BIB3908,partial
IBI-C66B96611012,SRC-72D809FB4249,catalogue,"Segal, J. B., with Erica C. D. Hunter. Catalogue of the Aramaic and Mandaic Incantation Bowls in the British Museum. London: British Museum Press, 2000.",text 142Ps; section pp. 150–162,https://www.britishmuseum.org/collection/term/BIB3908,partial
IBI-C6D59D673FF8,SRC-72D809FB4249,catalogue,"Segal, J. B., with Erica C. D. Hunter. Catalogue of the Aramaic and Mandaic Incantation Bowls in the British Museum. London: British Museum Press, 2000.",text 029A; section pp. 43–102,https://www.britishmuseum.org/collection/term/BIB3908,partial
IBI-C6E5B1BD164C,SRC-72D809FB4249,catalogue,"Segal, J. B., with Erica C. D. Hunter. Catalogue of the Aramaic and Mandaic Incantation Bowls in the British Museum. London: British Museum Press, 2000.",text 062A; section pp. 43–102,https://www.britishmuseum.org/collection/term/BIB3908,partial
IBI-C73FC32015BC,SRC-83A3DFDE7924,chapter,"Morgenstern, Matthew. “Mandaic Magic Bowls in the Moussaieff Collection: A Preliminary Survey.” In New Inscriptions and Seals Relating to the Biblical World, 157–170. Society of Biblical Literature, 2012. https://doi.org/10.2307/j.ctt32bzp2.17.","p. 161, M45",https://doi.org/10.2307/j.ctt32bzp2.17,partial
IBI-C8B0B8A4E26E,SRC-73C44B143A9D,book,"Waller, Daniel James, with contributions by Dorota Molin. The Bible in the Bowls: A Catalogue of Biblical Quotations in Published Jewish Babylonian Aramaic Magic Bowls. Cambridge: Open Book Publishers, 2022. DOI: 10.11647/OBP.0305.","p. 162, distribution table, Schwab 1891: 592",https://doi.org/10.11647/OBP.0305,available
IBI-C9CBD8EB2190,SRC-195B6B6E19A1,article,"Müller-Kessler, Christa, and Theodore Kwasman. ‘A Unique Talmudic Aramaic Incantation Bowl.’ JAOS 120 (2000): 159–165.",pp. 159–165,https://doi.org/10.2307/605019,partial
IBI-CC392D32764E,SRC-73C44B143A9D,book,"Waller, Daniel James, with contributions by Dorota Molin. The Bible in the Bowls: A Catalogue of Biblical Quotations in Published Jewish Babylonian Aramaic Magic Bowls. Cambridge: Open Book Publishers, 2022. DOI: 10.11647/OBP.0305.","p. 155, distribution table, M 155",https://doi.org/10.11647/OBP.0305,available
IBI-CCF48C90D565,SRC-72D809FB4249,catalogue,"Segal, J. B., with Erica C. D. Hunter. Catalogue of the Aramaic and Mandaic Incantation Bowls in the British Museum. London: British Museum Press, 2000.",text 043A; section pp. 43–102,https://www.britishmuseum.org/collection/term/BIB3908,partial
IBI-CD3CA4C7B203,SRC-73C44B143A9D,book,"Waller, Daniel James, with contributions by Dorota Molin. The Bible in the Bowls: A Catalogue of Biblical Quotations in Published Jewish Babylonian Aramaic Magic Bowls. Cambridge: Open Book Publishers, 2022. DOI: 10.11647/OBP.0305.","p. 154, distribution table, Isbell 50",https://doi.org/10.11647/OBP.0305,available
IBI-CD3E783556B1,SRC-943673B56FB8,book,"Montgomery, James A. Aramaic Incantation Texts from Nippur. University Museum, Babylonian Section, Publications 3. Philadelphia, 1913.","p. 326, item 36",https://archive.org/details/aramaicincantati00mont,available
IBI-CD463292B7B0,SRC-73C44B143A9D,book,"Waller, Daniel James, with contributions by Dorota Molin. The Bible in the Bowls: A Catalogue of Biblical Quotations in Published Jewish Babylonian Aramaic Magic Bowls. Cambridge: Open Book Publishers, 2022. DOI: 10.11647/OBP.0305.","p. 161, distribution table, MFL 10895",https://doi.org/10.11647/OBP.0305,available
IBI-CD52D742D131,SRC-72D809FB4249,catalogue,"Segal, J. B., with Erica C. D. Hunter. Catalogue of the Aramaic and Mandaic Incantation Bowls in the British Museum. London: British Museum Press, 2000.",text 022A; section pp. 43–102,https://www.britishmuseum.org/collection/term/BIB3908,partial
IBI-CDCC7E23EA8D,SRC-73C44B143A9D,book,"Waller, Daniel James, with contributions by Dorota Molin. The Bible in the Bowls: A Catalogue of Biblical Quotations in Published Jewish Babylonian Aramaic Magic Bowls. Cambridge: Open Book Publishers, 2022. DOI: 10.11647/OBP.0305.","p. 161, distribution table, T 27987",https://doi.org/10.11647/OBP.0305,available
IBI-CE40E1962442,SRC-6D313A7AA389,catalogue,"Brand, Mattias, with Alexandra Probst. Working List of Syriac ‘Manichaean’ Incantation Bowls. Version 1, June 2021.","p. 1, item 18",,available
IBI-CE55DA25E681,SRC-F20148C5DA92,catalogue,"Apollo Art Auctions, auction catalogue 10068, lots 270–273, indexed by The Saleroom, 2025.","lot 273, fragment 4 of 5",https://www.the-saleroom.com/en-gb/auction-catalogues/apollo-art/catalogue-id-apollo-art10068/pdfexport,partial
IBI-CE5BA931384D,SRC-72D809FB4249,catalogue,"Segal, J. B., with Erica C. D. Hunter. Catalogue of the Aramaic and Mandaic Incantation Bowls in the British Museum. London: British Museum Press, 2000.",text 057A; section pp. 43–102,https://www.britishmuseum.org/collection/term/BIB3908,partial
IBI-CEC11D2DBB44,SRC-943673B56FB8,book,"Montgomery, James A. Aramaic Incantation Texts from Nippur. University Museum, Babylonian Section, Publications 3. Philadelphia, 1913.","p. 323, item 18",https://archive.org/details/aramaicincantati00mont,available
IBI-CF631FD80A2E,SRC-6D313A7AA389,catalogue,"Brand, Mattias, with Alexandra Probst. Working List of Syriac ‘Manichaean’ Incantation Bowls. Version 1, June 2021.","p. 2, item 30",,available
IBI-CF7556423B9D,SRC-943673B56FB8,book,"Montgomery, James A. Aramaic Incantation Texts from Nippur. University Museum, Babylonian Section, Publications 3. Philadelphia, 1913.","p. 323, item 14",https://archive.org/details/aramaicincantati00mont,available
IBI-CF9476A6E303,SRC-72D809FB4249,catalogue,"Segal, J. B., with Erica C. D. Hunter. Catalogue of the Aramaic and Mandaic Incantation Bowls in the British Museum. London: British Museum Press, 2000.",text 037A; section pp. 43–102,https://www.britishmuseum.org/collection/term/BIB3908,partial
IBI-D0F8CD2771DB,SRC-6D313A7AA389,catalogue,"Brand, Mattias, with Alexandra Probst. Working List of Syriac ‘Manichaean’ Incantation Bowls. Version 1, June 2021.","p. 2, item 28",,available
IBI-D2691E26D2CB,SRC-72D809FB4249,catalogue,"Segal, J. B., with Erica C. D. Hunter. Catalogue of the Aramaic and Mandaic Incantation Bowls in the British Museum. London: British Museum Press, 2000.",text 095M; section pp. 103–146,https://www.britishmuseum.org/collection/term/BIB3908,partial
IBI-D2935A468C4F,SRC-72D809FB4249,catalogue,"Segal, J. B., with Erica C. D. Hunter. Catalogue of the Aramaic and Mandaic Incantation Bowls in the British Museum. London: British Museum Press, 2000.",text 070A; section pp. 43–102,https://www.britishmuseum.org/collection/term/BIB3908,partial
IBI-D2D12615DAA7,SRC-73C44B143A9D,book,"Waller, Daniel James, with contributions by Dorota Molin. The Bible in the Bowls: A Catalogue of Biblical Quotations in Published Jewish Babylonian Aramaic Magic Bowls. Cambridge: Open Book Publishers, 2022. DOI: 10.11647/OBP.0305.","p. 156, distribution table, VA 2484",https://doi.org/10.11647/OBP.0305,available
IBI-D53390041C26,SRC-72D809FB4249,catalogue,"Segal, J. B., with Erica C. D. Hunter. Catalogue of the Aramaic and Mandaic Incantation Bowls in the British Museum. London: British Museum Press, 2000.",text 051A; section pp. 43–102,https://www.britishmuseum.org/collection/term/BIB3908,partial
IBI-D598DA57FA0E,SRC-72D809FB4249,catalogue,"Segal, J. B., with Erica C. D. Hunter. Catalogue of the Aramaic and Mandaic Incantation Bowls in the British Museum. London: British Museum Press, 2000.",text 033A; section pp. 43–102,https://www.britishmuseum.org/collection/term/BIB3908,partial
IBI-D6CC347287A4,SRC-6D313A7AA389,catalogue,"Brand, Mattias, with Alexandra Probst. Working List of Syriac ‘Manichaean’ Incantation Bowls. Version 1, June 2021.","p. 2, item 34",,available
IBI-D7459063D2FE,SRC-72D809FB4249,catalogue,"Segal, J. B., with Erica C. D. Hunter. Catalogue of the Aramaic and Mandaic Incantation Bowls in the British Museum. London: British Museum Press, 2000.",text 084M; section pp. 103–146,https://www.britishmuseum.org/collection/term/BIB3908,partial
IBI-D8319A094023,SRC-943673B56FB8,book,"Montgomery, James A. Aramaic Incantation Texts from Nippur. University Museum, Babylonian Section, Publications 3. Philadelphia, 1913.","p. 325, item 30",https://archive.org/details/aramaicincantati00mont,available
IBI-D88FF8FE4FCB,SRC-72D809FB4249,catalogue,"Segal, J. B., with Erica C. D. Hunter. Catalogue of the Aramaic and Mandaic Incantation Bowls in the British Museum. London: British Museum Press, 2000.",text 065A; section pp. 43–102,https://www.britishmuseum.org/collection/term/BIB3908,partial
IBI-D8C1FFD3FBED,SRC-73C44B143A9D,book,"Waller, Daniel James, with contributions by Dorota Molin. The Bible in the Bowls: A Catalogue of Biblical Quotations in Published Jewish Babylonian Aramaic Magic Bowls. Cambridge: Open Book Publishers, 2022. DOI: 10.11647/OBP.0305.","p. 155, distribution table, CAMIB 26",https://doi.org/10.11647/OBP.0305,available
IBI-D94C8C12F3AD,SRC-72D809FB4249,catalogue,"Segal, J. B., with Erica C. D. Hunter. Catalogue of the Aramaic and Mandaic Incantation Bowls in the British Museum. London: British Museum Press, 2000.",text 005A; section pp. 43–102,https://www.britishmuseum.org/collection/term/BIB3908,partial
IBI-D97F4DC17DD3,SRC-73C44B143A9D,book,"Waller, Daniel James, with contributions by Dorota Molin. The Bible in the Bowls: A Catalogue of Biblical Quotations in Published Jewish Babylonian Aramaic Magic Bowls. Cambridge: Open Book Publishers, 2022. DOI: 10.11647/OBP.0305.","p. 162, distribution table, Ford/Ten-Ami 2012",https://doi.org/10.11647/OBP.0305,available
IBI-DAA9CA20E17D,SRC-72D809FB4249,catalogue,"Segal, J. B., with Erica C. D. Hunter. Catalogue of the Aramaic and Mandaic Incantation Bowls in the British Museum. London: British Museum Press, 2000.",text 104M; section pp. 103–146,https://www.britishmuseum.org/collection/term/BIB3908,partial
IBI-DC36E80A1951,SRC-943673B56FB8,book,"Montgomery, James A. Aramaic Incantation Texts from Nippur. University Museum, Babylonian Section, Publications 3. Philadelphia, 1913.","p. 326, item 39",https://archive.org/details/aramaicincantati00mont,available
IBI-DC69D2C0C3B3,SRC-6D313A7AA389,catalogue,"Brand, Mattias, with Alexandra Probst. Working List of Syriac ‘Manichaean’ Incantation Bowls. Version 1, June 2021.","p. 1, item 19",,available
IBI-DCA253EBA01A,SRC-6D313A7AA389,catalogue,"Brand, Mattias, with Alexandra Probst. Working List of Syriac ‘Manichaean’ Incantation Bowls. Version 1, June 2021.","p. 1, item 14",,available
IBI-DE76B61B6C76,SRC-73C44B143A9D,book,"Waller, Daniel James, with contributions by Dorota Molin. The Bible in the Bowls: A Catalogue of Biblical Quotations in Published Jewish Babylonian Aramaic Magic Bowls. Cambridge: Open Book Publishers, 2022. DOI: 10.11647/OBP.0305.","p. 160, distribution table, MS 2053/130",https://doi.org/10.11647/OBP.0305,available
IBI-DEBC8A1B560A,SRC-72D809FB4249,catalogue,"Segal, J. B., with Erica C. D. Hunter. Catalogue of the Aramaic and Mandaic Incantation Bowls in the British Museum. London: British Museum Press, 2000.",text 027A; section pp. 43–102,https://www.britishmuseum.org/collection/term/BIB3908,partial
IBI-DEDC98D3F366,SRC-943673B56FB8,book,"Montgomery, James A. Aramaic Incantation Texts from Nippur. University Museum, Babylonian Section, Publications 3. Philadelphia, 1913.","p. 323, item 16",https://archive.org/details/aramaicincantati00mont,available
IBI-DF04AC9DDBFB,SRC-943673B56FB8,book,"Montgomery, James A. Aramaic Incantation Texts from Nippur. University Museum, Babylonian Section, Publications 3. Philadelphia, 1913.","p. 324, item 23",https://archive.org/details/aramaicincantati00mont,available
IBI-DF07D8BFA2A2,SRC-73C44B143A9D,book,"Waller, Daniel James, with contributions by Dorota Molin. The Bible in the Bowls: A Catalogue of Biblical Quotations in Published Jewish Babylonian Aramaic Magic Bowls. Cambridge: Open Book Publishers, 2022. DOI: 10.11647/OBP.0305.","p. 160, distribution table, S-446",https://doi.org/10.11647/OBP.0305,available
IBI-E10F6716C2C1,SRC-943673B56FB8,book,"Montgomery, James A. Aramaic Incantation Texts from Nippur. University Museum, Babylonian Section, Publications 3. Philadelphia, 1913.","p. 326, item 33",https://archive.org/details/aramaicincantati00mont,available
IBI-E135C0EA9CED,SRC-943673B56FB8,book,"Montgomery, James A. Aramaic Incantation Texts from Nippur. University Museum, Babylonian Section, Publications 3. Philadelphia, 1913.","p. 322, item 5",https://archive.org/details/aramaicincantati00mont,available
IBI-E18000741DAB,SRC-73C44B143A9D,book,"Waller, Daniel James, with contributions by Dorota Molin. The Bible in the Bowls: A Catalogue of Biblical Quotations in Published Jewish Babylonian Aramaic Magic Bowls. Cambridge: Open Book Publishers, 2022. DOI: 10.11647/OBP.0305.","p. 159, distribution table, HS 3030",https://doi.org/10.11647/OBP.0305,available
IBI-E20EB1F7EAB4,SRC-6D313A7AA389,catalogue,"Brand, Mattias, with Alexandra Probst. Working List of Syriac ‘Manichaean’ Incantation Bowls. Version 1, June 2021.","p. 2, item 33",,available
IBI-E23B46226CD2,SRC-F20148C5DA92,catalogue,"Apollo Art Auctions, auction catalogue 10068, lots 270–273, indexed by The Saleroom, 2025.","lot 270, fragment 3 of 3",https://www.the-saleroom.com/en-gb/auction-catalogues/apollo-art/catalogue-id-apollo-art10068/pdfexport,partial
IBI-E24EF470E162,SRC-4B0CEB2BE96C,catalogue,"Bonhams, Antiquities, 101 New Bond Street, London, catalogue bonham10350, lot 58.","lot 58, whole bowl",https://www.the-saleroom.com/en-gb/auction-catalogues/bonhams/catalogue-id-bonham10350/pdfexport,partial
IBI-E2E80DC27E79,SRC-73C44B143A9D,book,"Waller, Daniel James, with contributions by Dorota Molin. The Bible in the Bowls: A Catalogue of Biblical Quotations in Published Jewish Babylonian Aramaic Magic Bowls. Cambridge: Open Book Publishers, 2022. DOI: 10.11647/OBP.0305.","p. 154, distribution table, Isbell 35",https://doi.org/10.11647/OBP.0305,available
IBI-E3B2B21257C2,SRC-72D809FB4249,catalogue,"Segal, J. B., with Erica C. D. Hunter. Catalogue of the Aramaic and Mandaic Incantation Bowls in the British Museum. London: British Museum Press, 2000.",text 125Ps; section pp. 150–162,https://www.britishmuseum.org/collection/term/BIB3908,partial
IBI-E4602FCF2E34,SRC-A90AB34CA3FE,thesis,"Kedar, Dorit. Who Wrote the Incantation Bowls? PhD dissertation, Freie Universität Berlin, 2019. DOI: 10.17169/refubium-2273.","p. 102, table 6, NFP 8 and note 415",https://doi.org/10.17169/refubium-2273,available
IBI-E494B531A0F1,SRC-F20148C5DA92,catalogue,"Apollo Art Auctions, auction catalogue 10068, lots 270–273, indexed by The Saleroom, 2025.","lot 273, fragment 5 of 5",https://www.the-saleroom.com/en-gb/auction-catalogues/apollo-art/catalogue-id-apollo-art10068/pdfexport,partial
IBI-E501E80DA715,SRC-73C44B143A9D,book,"Waller, Daniel James, with contributions by Dorota Molin. The Bible in the Bowls: A Catalogue of Biblical Quotations in Published Jewish Babylonian Aramaic Magic Bowls. Cambridge: Open Book Publishers, 2022. DOI: 10.11647/OBP.0305.","p. 158, distribution table, JBA 104",https://doi.org/10.11647/OBP.0305,available
IBI-E50FA737EDB0,SRC-73C44B143A9D,book,"Waller, Daniel James, with contributions by Dorota Molin. The Bible in the Bowls: A Catalogue of Biblical Quotations in Published Jewish Babylonian Aramaic Magic Bowls. Cambridge: Open Book Publishers, 2022. DOI: 10.11647/OBP.0305.","p. 159, distribution table, M 1",https://doi.org/10.11647/OBP.0305,available
IBI-E6782748AAC0,SRC-72D809FB4249,catalogue,"Segal, J. B., with Erica C. D. Hunter. Catalogue of the Aramaic and Mandaic Incantation Bowls in the British Museum. London: British Museum Press, 2000.",text 052A; section pp. 43–102,https://www.britishmuseum.org/collection/term/BIB3908,partial
IBI-E71CB0A6665B,SRC-73C44B143A9D,book,"Waller, Daniel James, with contributions by Dorota Molin. The Bible in the Bowls: A Catalogue of Biblical Quotations in Published Jewish Babylonian Aramaic Magic Bowls. Cambridge: Open Book Publishers, 2022. DOI: 10.11647/OBP.0305.","p. 157, distribution table, JBA 46",https://doi.org/10.11647/OBP.0305,available
IBI-E74F7ED591BD,SRC-943673B56FB8,book,"Montgomery, James A. Aramaic Incantation Texts from Nippur. University Museum, Babylonian Section, Publications 3. Philadelphia, 1913.","p. 325, item 27",https://archive.org/details/aramaicincantati00mont,available
IBI-E775936CD191,SRC-A90AB34CA3FE,thesis,"Kedar, Dorit. Who Wrote the Incantation Bowls? PhD dissertation, Freie Universität Berlin, 2019. DOI: 10.17169/refubium-2273.","p. 105, note 434; designation Moussaieff 11 (A/2)",https://doi.org/10.17169/refubium-2273,available
IBI-E79DBD4D7298,SRC-899462FAA735,chapter,"Hunter, Erica C. D. Discussion of incantation bowls from Nippur Area WG and Tell Baruda, in From Shreds to Landscapes: Studies on the Ancient Near East in Honor of McGuire Gibson, SAOC 71 (Chicago, 2021), 138–139.",p. 138: C10-117,https://isac.uchicago.edu/sites/default/files/uploads/shared/docs/Publications/SAOC/saoc71.pdf,available
IBI-E7EC27018B71,SRC-73C44B143A9D,book,"Waller, Daniel James, with contributions by Dorota Molin. The Bible in the Bowls: A Catalogue of Biblical Quotations in Published Jewish Babylonian Aramaic Magic Bowls. Cambridge: Open Book Publishers, 2022. DOI: 10.11647/OBP.0305.","p. 160, distribution table, MS 2053/7",https://doi.org/10.11647/OBP.0305,available
IBI-E8943A27A06D,SRC-6D313A7AA389,catalogue,"Brand, Mattias, with Alexandra Probst. Working List of Syriac ‘Manichaean’ Incantation Bowls. Version 1, June 2021.","p. 1, item 12",,available
IBI-E8D5C937721A,SRC-73C44B143A9D,book,"Waller, Daniel James, with contributions by Dorota Molin. The Bible in the Bowls: A Catalogue of Biblical Quotations in Published Jewish Babylonian Aramaic Magic Bowls. Cambridge: Open Book Publishers, 2022. DOI: 10.11647/OBP.0305.","p. 155, distribution table, CAMIB 23",https://doi.org/10.11647/OBP.0305,available
IBI-EA02F6D6DE6D,SRC-D4CF2125EF21,article,"Montgomery, James A. ‘A Syriac Incantation Bowl with Christian Formula.’ AJSL 34 (1918): 137–139.",pp. 137–139,https://doi.org/10.1086/369853,partial
IBI-EA7636538267,SRC-73C44B143A9D,book,"Waller, Daniel James, with contributions by Dorota Molin. The Bible in the Bowls: A Catalogue of Biblical Quotations in Published Jewish Babylonian Aramaic Magic Bowls. Cambridge: Open Book Publishers, 2022. DOI: 10.11647/OBP.0305.","p. 154, distribution table, AMB 12a",https://doi.org/10.11647/OBP.0305,available
IBI-EAC93F99B3EE,SRC-72D809FB4249,catalogue,"Segal, J. B., with Erica C. D. Hunter. Catalogue of the Aramaic and Mandaic Incantation Bowls in the British Museum. London: British Museum Press, 2000.",text 068A; section pp. 43–102,https://www.britishmuseum.org/collection/term/BIB3908,partial
IBI-EAD314664C90,SRC-73C44B143A9D,book,"Waller, Daniel James, with contributions by Dorota Molin. The Bible in the Bowls: A Catalogue of Biblical Quotations in Published Jewish Babylonian Aramaic Magic Bowls. Cambridge: Open Book Publishers, 2022. DOI: 10.11647/OBP.0305.","p. 158, distribution table, JBA 101",https://doi.org/10.11647/OBP.0305,available
IBI-EADE8579FC26,SRC-73C44B143A9D,book,"Waller, Daniel James, with contributions by Dorota Molin. The Bible in the Bowls: A Catalogue of Biblical Quotations in Published Jewish Babylonian Aramaic Magic Bowls. Cambridge: Open Book Publishers, 2022. DOI: 10.11647/OBP.0305.","p. 155, distribution table, M 156",https://doi.org/10.11647/OBP.0305,available
IBI-EB3CA24423AE,SRC-73C44B143A9D,book,"Waller, Daniel James, with contributions by Dorota Molin. The Bible in the Bowls: A Catalogue of Biblical Quotations in Published Jewish Babylonian Aramaic Magic Bowls. Cambridge: Open Book Publishers, 2022. DOI: 10.11647/OBP.0305.","p. 159, distribution table, IM 212092",https://doi.org/10.11647/OBP.0305,available
IBI-EB5FA4903D0B,SRC-6D313A7AA389,catalogue,"Brand, Mattias, with Alexandra Probst. Working List of Syriac ‘Manichaean’ Incantation Bowls. Version 1, June 2021.","p. 2, item 32",,available
IBI-EC0E16D4FA07,SRC-899462FAA735,chapter,"Hunter, Erica C. D. Discussion of incantation bowls from Nippur Area WG and Tell Baruda, in From Shreds to Landscapes: Studies on the Ancient Near East in Honor of McGuire Gibson, SAOC 71 (Chicago, 2021), 138–139.",p. 138: fourth Area 21 bowl under northwest threshold,https://isac.uchicago.edu/sites/default/files/uploads/shared/docs/Publications/SAOC/saoc71.pdf,available
IBI-EC5763E4FB05,SRC-83A3DFDE7924,chapter,"Morgenstern, Matthew. “Mandaic Magic Bowls in the Moussaieff Collection: A Preliminary Survey.” In New Inscriptions and Seals Relating to the Biblical World, 157–170. Society of Biblical Literature, 2012. https://doi.org/10.2307/j.ctt32bzp2.17.","pp. 160–161, M26",https://doi.org/10.2307/j.ctt32bzp2.17,partial
IBI-EC715AA4A6F2,SRC-72D809FB4249,catalogue,"Segal, J. B., with Erica C. D. Hunter. Catalogue of the Aramaic and Mandaic Incantation Bowls in the British Museum. London: British Museum Press, 2000.",text 140Ps; section pp. 150–162,https://www.britishmuseum.org/collection/term/BIB3908,partial
IBI-EEFD60F2F08B,SRC-F20148C5DA92,catalogue,"Apollo Art Auctions, auction catalogue 10068, lots 270–273, indexed by The Saleroom, 2025.",lot 271,https://www.the-saleroom.com/en-gb/auction-catalogues/apollo-art/catalogue-id-apollo-art10068/pdfexport,partial
IBI-EF1FDA96620B,SRC-72D809FB4249,catalogue,"Segal, J. B., with Erica C. D. Hunter. Catalogue of the Aramaic and Mandaic Incantation Bowls in the British Museum. London: British Museum Press, 2000.",text 081M; section pp. 103–146,https://www.britishmuseum.org/collection/term/BIB3908,partial
IBI-F094DE6A4112,SRC-943673B56FB8,book,"Montgomery, James A. Aramaic Incantation Texts from Nippur. University Museum, Babylonian Section, Publications 3. Philadelphia, 1913.","p. 326, item 34",https://archive.org/details/aramaicincantati00mont,available
IBI-F11690D2FBFA,SRC-73C44B143A9D,book,"Waller, Daniel James, with contributions by Dorota Molin. The Bible in the Bowls: A Catalogue of Biblical Quotations in Published Jewish Babylonian Aramaic Magic Bowls. Cambridge: Open Book Publishers, 2022. DOI: 10.11647/OBP.0305.","p. 161, distribution table, De Menil",https://doi.org/10.11647/OBP.0305,available
IBI-F1591D764E61,SRC-72D809FB4249,catalogue,"Segal, J. B., with Erica C. D. Hunter. Catalogue of the Aramaic and Mandaic Incantation Bowls in the British Museum. London: British Museum Press, 2000.",text 013A; section pp. 43–102,https://www.britishmuseum.org/collection/term/BIB3908,partial
IBI-F15D0338AECB,SRC-72D809FB4249,catalogue,"Segal, J. B., with Erica C. D. Hunter. Catalogue of the Aramaic and Mandaic Incantation Bowls in the British Museum. London: British Museum Press, 2000.",text 096M; section pp. 103–146,https://www.britishmuseum.org/collection/term/BIB3908,partial
IBI-F1AD825B3715,SRC-72D809FB4249,catalogue,"Segal, J. B., with Erica C. D. Hunter. Catalogue of the Aramaic and Mandaic Incantation Bowls in the British Museum. London: British Museum Press, 2000.",text 103M; section pp. 103–146,https://www.britishmuseum.org/collection/term/BIB3908,partial
IBI-F1D484247D42,SRC-77BC594D2166,book,"Harviainen, Tapani. A Syriac Incantation Bowl in the Finnish National Museum, Helsinki. Studia Orientalia 51:1. Helsinki, 1978.","monograph, 29 pages",https://kansalliskirjasto.finna.fi/Record/helka.9914865583506253,partial
IBI-F244D3894172,SRC-6D313A7AA389,catalogue,"Brand, Mattias, with Alexandra Probst. Working List of Syriac ‘Manichaean’ Incantation Bowls. Version 1, June 2021.","p. 2, designation MS 2055/16",,available
IBI-F2B52FC0533E,SRC-6D313A7AA389,catalogue,"Brand, Mattias, with Alexandra Probst. Working List of Syriac ‘Manichaean’ Incantation Bowls. Version 1, June 2021.","p. 1, item 11",,available
IBI-F2B94432A053,SRC-72D809FB4249,catalogue,"Segal, J. B., with Erica C. D. Hunter. Catalogue of the Aramaic and Mandaic Incantation Bowls in the British Museum. London: British Museum Press, 2000.",text 127Ps; section pp. 150–162,https://www.britishmuseum.org/collection/term/BIB3908,partial
IBI-F30A83910A20,SRC-19F191B3F5C5,chapter,"Waller, Daniel J. ‘The Study of the Jewish Babylonian Aramaic Magic Bowls: State of the Art: With a List of JBA Bowl Publications (1853–2024) and a Map of Known Excavation Sites.’ In Aramaic Incantation Bowls in Their Late Antique Jewish Contexts, 3–48, 2025. DOI: 10.2307/jj.32831083.5.","printed p. 13, BM 91711 discussion",https://doi.org/10.2307/jj.32831083.5,partial
IBI-F34C9BA54074,SRC-6D313A7AA389,catalogue,"Brand, Mattias, with Alexandra Probst. Working List of Syriac ‘Manichaean’ Incantation Bowls. Version 1, June 2021.","p. 2, item 31",,available
IBI-F36B9EC67F96,SRC-73C44B143A9D,book,"Waller, Daniel James, with contributions by Dorota Molin. The Bible in the Bowls: A Catalogue of Biblical Quotations in Published Jewish Babylonian Aramaic Magic Bowls. Cambridge: Open Book Publishers, 2022. DOI: 10.11647/OBP.0305.","p. 156, distribution table, JBA 08",https://doi.org/10.11647/OBP.0305,available
IBI-F3A1502F1715,SRC-72D809FB4249,catalogue,"Segal, J. B., with Erica C. D. Hunter. Catalogue of the Aramaic and Mandaic Incantation Bowls in the British Museum. London: British Museum Press, 2000.",text 001A; section pp. 43–102,https://www.britishmuseum.org/collection/term/BIB3908,partial
IBI-F49584A8B7FB,SRC-539BB677443B,book,"McCullough, W. S. Jewish and Mandaean Incantation Bowls in the Royal Ontario Museum. Toronto: University of Toronto Press, 1967, DA 5.","DA 5, second Mandaean bowl",https://www.markfoster.net/rn/texts/two_mandaean_incantation_bowls.pdf,available
IBI-F4BAF2DE2A59,SRC-6D313A7AA389,catalogue,"Brand, Mattias, with Alexandra Probst. Working List of Syriac ‘Manichaean’ Incantation Bowls. Version 1, June 2021.","p. 1, item 9",,available
IBI-F504A461BD0B,SRC-73C44B143A9D,book,"Waller, Daniel James, with contributions by Dorota Molin. The Bible in the Bowls: A Catalogue of Biblical Quotations in Published Jewish Babylonian Aramaic Magic Bowls. Cambridge: Open Book Publishers, 2022. DOI: 10.11647/OBP.0305.","p. 155, distribution table, CAMIB 35",https://doi.org/10.11647/OBP.0305,available
IBI-F5189CBA8227,SRC-A90AB34CA3FE,thesis,"Kedar, Dorit. Who Wrote the Incantation Bowls? PhD dissertation, Freie Universität Berlin, 2019. DOI: 10.17169/refubium-2273.","p. 106, note 438",https://doi.org/10.17169/refubium-2273,available
IBI-F51D33F280A7,SRC-F09573688FD1,article,"Šafiʿī, Ibrāhīm. ‘Five Earthenware Mandaic Incantation Bowls in Ābgīne Museum, Tehrān.’ Journal of Semitic Studies 70.1 (2025): 1–30, object 108–S.",abstract; object 108–S,https://doi.org/10.1093/jss/fgae027,paywalled
IBI-F54E7E649DE1,SRC-72D809FB4249,catalogue,"Segal, J. B., with Erica C. D. Hunter. Catalogue of the Aramaic and Mandaic Incantation Bowls in the British Museum. London: British Museum Press, 2000.",text 024A; section pp. 43–102,https://www.britishmuseum.org/collection/term/BIB3908,partial
IBI-F6520BBAE95D,SRC-6D313A7AA389,catalogue,"Brand, Mattias, with Alexandra Probst. Working List of Syriac ‘Manichaean’ Incantation Bowls. Version 1, June 2021.","p. 2, item 35",,available
IBI-F660717BBCBB,SRC-72D809FB4249,catalogue,"Segal, J. B., with Erica C. D. Hunter. Catalogue of the Aramaic and Mandaic Incantation Bowls in the British Museum. London: British Museum Press, 2000.",text 098M; section pp. 103–146,https://www.britishmuseum.org/collection/term/BIB3908,partial
IBI-F6ED61BF3D88,SRC-943673B56FB8,book,"Montgomery, James A. Aramaic Incantation Texts from Nippur. University Museum, Babylonian Section, Publications 3. Philadelphia, 1913.","p. 325, item 26",https://archive.org/details/aramaicincantati00mont,available
IBI-F901D66AA611,SRC-72D809FB4249,catalogue,"Segal, J. B., with Erica C. D. Hunter. Catalogue of the Aramaic and Mandaic Incantation Bowls in the British Museum. London: British Museum Press, 2000.",text 134Ps; section pp. 150–162,https://www.britishmuseum.org/collection/term/BIB3908,partial
IBI-F919AA6121E3,SRC-72D809FB4249,catalogue,"Segal, J. B., with Erica C. D. Hunter. Catalogue of the Aramaic and Mandaic Incantation Bowls in the British Museum. London: British Museum Press, 2000.",text 009A; section pp. 43–102,https://www.britishmuseum.org/collection/term/BIB3908,partial
IBI-F95732BB308E,SRC-72D809FB4249,catalogue,"Segal, J. B., with Erica C. D. Hunter. Catalogue of the Aramaic and Mandaic Incantation Bowls in the British Museum. London: British Museum Press, 2000.",text 003A; section pp. 43–102,https://www.britishmuseum.org/collection/term/BIB3908,partial
IBI-F9FFC9C1FCD8,SRC-6D313A7AA389,catalogue,"Brand, Mattias, with Alexandra Probst. Working List of Syriac ‘Manichaean’ Incantation Bowls. Version 1, June 2021.","p. 2, designation MS 2055/25",,available
IBI-FAA4FDD745DD,SRC-73C44B143A9D,book,"Waller, Daniel James, with contributions by Dorota Molin. The Bible in the Bowls: A Catalogue of Biblical Quotations in Published Jewish Babylonian Aramaic Magic Bowls. Cambridge: Open Book Publishers, 2022. DOI: 10.11647/OBP.0305.","p. 154, distribution table, Isbell 24",https://doi.org/10.11647/OBP.0305,available
IBI-FB27FC73F393,SRC-6D313A7AA389,catalogue,"Brand, Mattias, with Alexandra Probst. Working List of Syriac ‘Manichaean’ Incantation Bowls. Version 1, June 2021.","p. 1, item 17",,available
IBI-FB4728FAE732,SRC-73C44B143A9D,book,"Waller, Daniel James, with contributions by Dorota Molin. The Bible in the Bowls: A Catalogue of Biblical Quotations in Published Jewish Babylonian Aramaic Magic Bowls. Cambridge: Open Book Publishers, 2022. DOI: 10.11647/OBP.0305.","p. 158, distribution table, JBA 75",https://doi.org/10.11647/OBP.0305,available
IBI-FC231B673E0D,SRC-F20148C5DA92,catalogue,"Apollo Art Auctions, auction catalogue 10068, lots 270–273, indexed by The Saleroom, 2025.","lot 273, fragment 3 of 5",https://www.the-saleroom.com/en-gb/auction-catalogues/apollo-art/catalogue-id-apollo-art10068/pdfexport,partial
IBI-FC756E58C80D,SRC-73C44B143A9D,book,"Waller, Daniel James, with contributions by Dorota Molin. The Bible in the Bowls: A Catalogue of Biblical Quotations in Published Jewish Babylonian Aramaic Magic Bowls. Cambridge: Open Book Publishers, 2022. DOI: 10.11647/OBP.0305.","p. 158, distribution table, JBA 98",https://doi.org/10.11647/OBP.0305,available
IBI-FD3729E6B891,SRC-A90AB34CA3FE,thesis,"Kedar, Dorit. Who Wrote the Incantation Bowls? PhD dissertation, Freie Universität Berlin, 2019. DOI: 10.17169/refubium-2273.","p. 102, table 6, NFP 2",https://doi.org/10.17169/refubium-2273,available
IBI-FEAC2F4016A5,SRC-A90AB34CA3FE,thesis,"Kedar, Dorit. Who Wrote the Incantation Bowls? PhD dissertation, Freie Universität Berlin, 2019. DOI: 10.17169/refubium-2273.","p. 105, note 434",https://doi.org/10.17169/refubium-2273,available
IBI-FF406F1D7BF5,SRC-6D313A7AA389,catalogue,"Brand, Mattias, with Alexandra Probst. Working List of Syriac ‘Manichaean’ Incantation Bowls. Version 1, June 2021.","p. 2, item 38",,available
