object_id,field,field_group,value,certainty,source_id,locator
IBI-007D77A72CEE,inscription_language,language,Mandaic,reported,SRC-72D809FB4249,text 089M; section pp. 103–146
IBI-009B8B1331CF,dimensions,dimensions,16.32 cm,reported,SRC-344728DC5548,DOI 10.25549/inscriptifact-ouc15259838
IBI-009B8B1331CF,material,material,Clay,reported,SRC-344728DC5548,DOI 10.25549/inscriptifact-ouc15259838
IBI-009B8B1331CF,provenance_summary,provenance,Unprovenanced,reported,SRC-344728DC5548,DOI 10.25549/inscriptifact-ouc15259838
IBI-009B8B1331CF,script_or_language,language,Syriac,reported,SRC-344728DC5548,DOI 10.25549/inscriptifact-ouc15259838
IBI-009F4BEB848B,current_location,location,Penn Museum,reported,SRC-469EB92E7F79,https://collections.penn.museum/collections/object/85195
IBI-009F4BEB848B,material,material,Ceramic; Ink,reported,SRC-469EB92E7F79,https://collections.penn.museum/collections/object/85195
IBI-00AF5AE402AB,catalogue_language_codes,language,heb,reported,SRC-168BAEA3242C,MMS 997008712547105171
IBI-00AF5AE402AB,current_location,location,"National Library of Israel, Jerusalem",reported,SRC-168BAEA3242C,MMS 997008712547105171
IBI-00AF5AE402AB,dating,dating,400–899 CE,reported,SRC-168BAEA3242C,MMS 997008712547105171
IBI-00AF5AE402AB,dimensions,dimensions,Height 52 mm; source field ‘הקף’ 170 mm,reported,SRC-168BAEA3242C,MMS 997008712547105171
IBI-00D5EF90085E,catalogue_language_codes,language,heb,reported,SRC-CFD877FFC7B9,MMS 997008712407605171
IBI-00D5EF90085E,current_location,location,"National Library of Israel, Jerusalem",reported,SRC-CFD877FFC7B9,MMS 997008712407605171
IBI-00D5EF90085E,dating,dating,400–899 CE,reported,SRC-CFD877FFC7B9,MMS 997008712407605171
IBI-00D5EF90085E,dimensions,dimensions,Height 51 mm; source field ‘הקף’ 160 mm,reported,SRC-CFD877FFC7B9,MMS 997008712407605171
IBI-00E095201103,current_location,location,Penn Museum,reported,SRC-172CBC220078,https://collections.penn.museum/collections/object/107954
IBI-00E095201103,material,material,Ceramic; Ink,reported,SRC-172CBC220078,https://collections.penn.museum/collections/object/107954
IBI-013FBB80706C,condition,condition,Broken and mended; a square fragment of text missing.,reported,SRC-943673B56FB8,"Catalogue, text 7, printed p. 322; PDF p. 328; description column"
IBI-013FBB80706C,current_or_reported_collection,location,Penn Museum,reported,SRC-943673B56FB8,"p. 322, item 7"
IBI-013FBB80706C,dimensions,dimensions,height 5.6 cm; diameter 15.7 cm,reported,SRC-943673B56FB8,"Catalogue, text 7, printed p. 322; PDF p. 328; size column (height by diameter)"
IBI-013FBB80706C,dimensions,dimensions,height 5.6 cm; diameter 15.7 cm,reported,SRC-943673B56FB8,"p. 322, item 7"
IBI-013FBB80706C,findspot,provenance,Nippur,reported,SRC-943673B56FB8,"p. 322, item 7"
IBI-013FBB80706C,inscription_language,language,Jewish Babylonian Aramaic,reported,SRC-943673B56FB8,"p. 322, item 7"
IBI-013FBB80706C,publication_register_identifier,publication,CBS 16007,reported,SRC-943673B56FB8,"Catalogue, text 7, printed p. 322; PDF p. 328; catalogue number column"
IBI-0169FFC4DF9F,biblical_quotation,biblical_intertexts,Zechariah 3:2,reported,SRC-C54888E36130,MS 2053/196 context: MS 2053/176
IBI-0169FFC4DF9F,current_location,location,The Schøyen Collection,reported,SRC-C54888E36130,MS 2053/196 context: MS 2053/176
IBI-01B582E3244E,inscription_language,language,Syriac?,uncertain,SRC-72D809FB4249,text 119ES; section pp. 147–149
IBI-01CFAFC981BF,client,client,Ngray,reported,SRC-AFDBED16E322,"p. 38, object KM 19504"
IBI-01CFAFC981BF,current_location,location,"Kelsey Museum of Archaeology, University of Michigan",reported,SRC-AFDBED16E322,"p. 38, object KM 19504"
IBI-01CFAFC981BF,dating,dating,circa 3rd century CE,reported,SRC-AFDBED16E322,"p. 38, object KM 19504"
IBI-01CFAFC981BF,excavation_context,provenance,American excavations at Seleucia,reported,SRC-AFDBED16E322,"p. 38, object KM 19504"
IBI-01CFAFC981BF,findspot,provenance,"Seleucia, Iraq",reported,SRC-AFDBED16E322,"p. 38, object KM 19504"
IBI-01CFAFC981BF,iconography,visual,Figure wearing an amulet and a key pendant,reported,SRC-AFDBED16E322,"p. 38, object KM 19504"
IBI-01CFAFC981BF,inscription_language,language,Aramaic,reported,SRC-AFDBED16E322,"p. 38, object KM 19504"
IBI-01CFAFC981BF,text_purpose,ritual,Protection from illness,reported,SRC-AFDBED16E322,"p. 38, object KM 19504"
IBI-01E84A54F778,condition,condition,fragmentary,reported,SRC-3A8095B6D794,index entry BM066A
IBI-01F4DCFD953A,script,script,Pseudo-script,reported,SRC-72D809FB4249,text 130Ps; section pp. 150–162
IBI-01F91982BC30,current_location,location,Penn Museum,reported,SRC-69724CEA37F1,https://collections.penn.museum/collections/object/313325
IBI-01F91982BC30,material,material,Ceramic Ink,reported,SRC-69724CEA37F1,https://collections.penn.museum/collections/object/313325
IBI-021B030E5BF0,inscription_language,language,Aramaic,reported,SRC-72D809FB4249,text 035A; section pp. 43–102
IBI-021C540426A3,client,client,Abdrahman son of Mishya and Bashnira daughter of Shahafrid,reported,SRC-7DC4EF76EB0C,object W_1980-0415-27
IBI-021C540426A3,condition,condition,Fair; repaired and incomplete,reported,SRC-7DC4EF76EB0C,object W_1980-0415-27
IBI-021C540426A3,current_location,location,The British Museum,reported,SRC-3D4B57D27A24,Related objects: 1980-0415-27
IBI-021C540426A3,current_location,location,The British Museum,reported,SRC-7DC4EF76EB0C,object W_1980-0415-27
IBI-021C540426A3,dating,dating,6thC-8thC,reported,SRC-3D4B57D27A24,Related objects: 1980-0415-27
IBI-021C540426A3,dating,dating,6thC–8thC,reported,SRC-7DC4EF76EB0C,object W_1980-0415-27
IBI-021C540426A3,dimensions,dimensions,Diameter 16.80 cm; depth 4.10 cm,reported,SRC-7DC4EF76EB0C,object W_1980-0415-27
IBI-021C540426A3,findspot,provenance,Tell Ibrahim (Kutha),reported,SRC-7DC4EF76EB0C,object W_1980-0415-27
IBI-021C540426A3,findspot,provenance,Excavated/Findspot: Tell Ibrahim (Kutha),reported,SRC-3D4B57D27A24,Related objects: 1980-0415-27
IBI-021C540426A3,inscription_language,language,Mandaic,reported,SRC-7DC4EF76EB0C,object W_1980-0415-27
IBI-021C540426A3,material,material,pottery,reported,SRC-7DC4EF76EB0C,object W_1980-0415-27
IBI-021C540426A3,period,dating,Late-Post Sasanian,reported,SRC-3D4B57D27A24,Related objects: 1980-0415-27
IBI-021C540426A3,production_place,provenance,Made in: Iraq,reported,SRC-3D4B57D27A24,Related objects: 1980-0415-27
IBI-023E358F613C,current_location,location,The British Museum,reported,SRC-3D4B57D27A24,Related objects: 1980-0415-22
IBI-023E358F613C,dating,dating,6thC-8thC,reported,SRC-3D4B57D27A24,Related objects: 1980-0415-22
IBI-023E358F613C,period,dating,Late-Post Sasanian,reported,SRC-3D4B57D27A24,Related objects: 1980-0415-22
IBI-023E358F613C,production_place,provenance,Made in: Iraq,reported,SRC-3D4B57D27A24,Related objects: 1980-0415-22
IBI-023E77FA4EA0,biblical_quotations,biblical_intertexts,"[""Exod. 23.21"", ""Isa. 50.11"", ""Ps. 91.11"", ""Ps. 116.6"", ""Dan. 7.11""]",reported,SRC-73C44B143A9D,"p. 160, distribution table, M 164"
IBI-023E77FA4EA0,current_or_reported_collection,location,Moussaieff Collection,reported,SRC-73C44B143A9D,"p. 160, distribution table, M 164"
IBI-023E77FA4EA0,inscription_language,language,Jewish Babylonian Aramaic,reported,SRC-73C44B143A9D,"p. 160, distribution table, M 164"
IBI-025E789F4093,catalogue_language_codes,language,heb,reported,SRC-A56992E5AE90,MMS 997008712395605171
IBI-025E789F4093,current_location,location,"National Library of Israel, Jerusalem",reported,SRC-A56992E5AE90,MMS 997008712395605171
IBI-025E789F4093,dating,dating,400–899 CE,reported,SRC-A56992E5AE90,MMS 997008712395605171
IBI-025E789F4093,dimensions,dimensions,Height 73 mm; source field ‘הקף’ 180 mm,reported,SRC-A56992E5AE90,MMS 997008712395605171
IBI-02C3017F6BC7,current_location,location,Penn Museum,reported,SRC-09283C43A93B,https://collections.penn.museum/collections/object/14388
IBI-02C3017F6BC7,material,material,Ceramic; Ink,reported,SRC-09283C43A93B,https://collections.penn.museum/collections/object/14388
IBI-035BA4ABBE6D,bibliography,publication,"Ford 2014, Aula Orientalis 32/2: 235–263; p. 256; figures 25–26, pp. 259–260",reported,SRC-FORD2014-AUOR,"p. 256; figures 25–26, pp. 259–260"
IBI-035BA4ABBE6D,catalogue_concordance,publication,Museo Sefardí 1073 is the bowl designated ac-msef by Martínez Borobio 2003,reported,SRC-FORD2014-AUOR,p. 253 and n. 56
IBI-035BA4ABBE6D,clients,client,"Aspa son of Hoba and his wife, daughter of Immi",reported,SRC-25F456A40523,pp. 323–336; AC-MSEF
IBI-035BA4ABBE6D,current_location,location,Museo Sefardí de Toledo,reported,SRC-25F456A40523,pp. 323–336; AC-MSEF
IBI-035BA4ABBE6D,current_location,location,"Museo Sefardí de Toledo, Spain",reported,SRC-25F456A40523,"pp. 323–336, bowl AC-MSEF"
IBI-035BA4ABBE6D,dating,dating,About the 6th century CE,reported,SRC-25F456A40523,"pp. 323–336, bowl AC-MSEF"
IBI-035BA4ABBE6D,dating,dating,circa 6th century CE,reported,SRC-25F456A40523,pp. 323–336; AC-MSEF
IBI-035BA4ABBE6D,dimensions,dimensions,Opening diameter 15 cm; depth 5.6 cm,reported,SRC-25F456A40523,"pp. 323–336, bowl AC-MSEF"
IBI-035BA4ABBE6D,dimensions,dimensions,15 cm diameter × 5.6 cm depth,reported,SRC-25F456A40523,pp. 323–336; AC-MSEF
IBI-035BA4ABBE6D,inscription_extent,text_form,10 lines,reported,SRC-25F456A40523,"pp. 323–336, bowl AC-MSEF"
IBI-035BA4ABBE6D,inscription_language,language,Jewish Babylonian Aramaic,reported,SRC-25F456A40523,pp. 323–336; AC-MSEF
IBI-035BA4ABBE6D,inscription_language,language,Jewish Babylonian Aramaic,reported,SRC-25F456A40523,"pp. 323–336, bowl AC-MSEF"
IBI-035BA4ABBE6D,line_count,text_form,10,reported,SRC-25F456A40523,pp. 323–336; AC-MSEF
IBI-035BA4ABBE6D,material,material,Yellowish baked clay,reported,SRC-25F456A40523,"pp. 323–336, bowl AC-MSEF"
IBI-035BA4ABBE6D,origin,provenance,Southern Iraq or bordering Iran,reported,SRC-25F456A40523,"pp. 323–336, bowl AC-MSEF"
IBI-035BA4ABBE6D,text_purpose,ritual,"Protection of named beneficiaries from harmful spirits, including the expulsion of Lilith Hablas",reported,SRC-25F456A40523,"pp. 323–336, bowl AC-MSEF"
IBI-03DD4136BA32,current_location,location,"State Hermitage Museum, St. Petersburg",reported,SRC-EB27DA285DC5,"bowl S-446, pp. 283–316"
IBI-046C568A20AD,biblical_quotations,biblical_intertexts,"[""Jer. 2.1"", ""Jer. 2.2"", ""Jer. 2.3"", ""Ezek. 21.21-22""]",reported,SRC-73C44B143A9D,"p. 161, distribution table, A33965"
IBI-046C568A20AD,inscription_language,language,Jewish Babylonian Aramaic,reported,SRC-73C44B143A9D,"p. 161, distribution table, A33965"
IBI-0486433C4AA1,biblical_quotations,biblical_intertexts,"[""Exod. 15.3"", ""Ps. 24.8"", ""Ps. 104.20"", ""Ps. 10.16"", ""Ps. 93.1"", ""Exod. 15.18""]",reported,SRC-73C44B143A9D,"p. 156, distribution table, JBA 07"
IBI-0486433C4AA1,current_or_reported_collection,location,The Schøyen Collection,reported,SRC-73C44B143A9D,"p. 156, distribution table, JBA 07"
IBI-0486433C4AA1,inscription_language,language,Jewish Babylonian Aramaic,reported,SRC-73C44B143A9D,"p. 156, distribution table, JBA 07"
IBI-0491BFEF65A7,biblical_quotation,biblical_intertexts,Zechariah 3:2,reported,SRC-C54888E36130,MS 2053/196 context: MS 2053/243
IBI-0491BFEF65A7,current_location,location,The Schøyen Collection,reported,SRC-C54888E36130,MS 2053/196 context: MS 2053/243
IBI-04E65150CB94,client,client,Ḥušaʾa son of Šīlta,reported,SRC-8EBCA8FEF9B5,"Auction 32, lot 153"
IBI-04E65150CB94,dating,dating,5th–7th century CE,reported,SRC-8EBCA8FEF9B5,"Auction 32, lot 153"
IBI-04E65150CB94,dimensions,dimensions,Diameter 17.5 cm; height 7.5 cm,reported,SRC-8EBCA8FEF9B5,"Auction 32, lot 153"
IBI-04E65150CB94,inscription_language,language,Jewish Babylonian Aramaic,reported,SRC-8EBCA8FEF9B5,"Auction 32, lot 153"
IBI-04E65150CB94,material,material,Pottery,reported,SRC-8EBCA8FEF9B5,"Auction 32, lot 153"
IBI-04E65150CB94,text_purpose,ritual,"Protection and prosperity for the client's house, threshold, and shop",reported,SRC-8EBCA8FEF9B5,"Auction 32, lot 153"
IBI-04F3BDA44F08,current_location,location,Penn Museum,reported,SRC-4A369F5B1473,https://collections.penn.museum/collections/object/166401
IBI-04F3BDA44F08,material,material,Ceramic Ink,reported,SRC-4A369F5B1473,https://collections.penn.museum/collections/object/166401
IBI-0585D0CB4219,biblical_quotations,biblical_intertexts,"[""Prov. 3.4""]",reported,SRC-73C44B143A9D,"p. 160, distribution table, MS 1927/2"
IBI-0585D0CB4219,current_or_reported_collection,location,The Schøyen Collection,reported,SRC-73C44B143A9D,"p. 160, distribution table, MS 1927/2"
IBI-0585D0CB4219,inscription_language,language,Jewish Babylonian Aramaic,reported,SRC-73C44B143A9D,"p. 160, distribution table, MS 1927/2"
IBI-05936B466DF6,inscription_language,language,Syriac,reported,SRC-6D313A7AA389,"p. 1, item 2"
IBI-05936B466DF6,script,script,Syriac ‘Manichaean’ script,reported,SRC-6D313A7AA389,"p. 1, item 2"
IBI-05947CF402DF,catalogue_language_codes,language,heb,reported,SRC-BD180D70F5A2,MMS 997008712545605171
IBI-05947CF402DF,current_location,location,"National Library of Israel, Jerusalem",reported,SRC-BD180D70F5A2,MMS 997008712545605171
IBI-05947CF402DF,dating,dating,400–899 CE,reported,SRC-BD180D70F5A2,MMS 997008712545605171
IBI-05947CF402DF,dimensions,dimensions,Height 76 mm; source field ‘הקף’ 158 mm,reported,SRC-BD180D70F5A2,MMS 997008712545605171
IBI-05D1CD7549AE,current_location,location,Penn Museum,reported,SRC-4546F3685418,https://collections.penn.museum/collections/object/223847
IBI-05D1CD7549AE,material,material,Ceramic,reported,SRC-4546F3685418,https://collections.penn.museum/collections/object/223847
IBI-05F37B54B501,catalogue_language_codes,language,heb,reported,SRC-F1C5AEABA349,MMS 997008712400405171
IBI-05F37B54B501,current_location,location,"National Library of Israel, Jerusalem",reported,SRC-F1C5AEABA349,MMS 997008712400405171
IBI-05F37B54B501,dating,dating,400–899 CE,reported,SRC-F1C5AEABA349,MMS 997008712400405171
IBI-05F37B54B501,dimensions,dimensions,Height 66 mm; source field ‘הקף’ 158 mm,reported,SRC-F1C5AEABA349,MMS 997008712400405171
IBI-05FC5CD699B5,catalogue_language_codes,language,heb,reported,SRC-2CD1B5E5420D,MMS 997008712409605171
IBI-05FC5CD699B5,current_location,location,"National Library of Israel, Jerusalem",reported,SRC-2CD1B5E5420D,MMS 997008712409605171
IBI-05FC5CD699B5,dating,dating,400–899 CE,reported,SRC-2CD1B5E5420D,MMS 997008712409605171
IBI-05FC5CD699B5,dimensions,dimensions,Height 74 mm; source field ‘הקף’ 148 mm,reported,SRC-2CD1B5E5420D,MMS 997008712409605171
IBI-06712C7D2130,current_or_reported_collection,location,"Frau Professor Hilprecht Collection, Jena",reported,SRC-6D313A7AA389,"p. 2, item 26"
IBI-06712C7D2130,inscription_language,language,Syriac,reported,SRC-6D313A7AA389,"p. 2, item 26"
IBI-06712C7D2130,script,script,Syriac ‘Manichaean’ script,reported,SRC-6D313A7AA389,"p. 2, item 26"
IBI-06BD95937A55,current_location,location,Penn Museum,reported,SRC-BB8D18967A1E,https://collections.penn.museum/collections/object/132910
IBI-06BD95937A55,material,material,Ceramic; Ink,reported,SRC-BB8D18967A1E,https://collections.penn.museum/collections/object/132910
IBI-06D9A3E90FA7,current_location,location,The British Museum,reported,SRC-3D4B57D27A24,Related objects: 1851-1009-102
IBI-06D9A3E90FA7,dating,dating,6thC-8thC,reported,SRC-3D4B57D27A24,Related objects: 1851-1009-102
IBI-06D9A3E90FA7,findspot,provenance,Found/Acquired: Babylon (historic - Iraq),reported,SRC-3D4B57D27A24,Related objects: 1851-1009-102
IBI-06D9A3E90FA7,period,dating,Late-Post Sasanian,reported,SRC-3D4B57D27A24,Related objects: 1851-1009-102
IBI-06D9A3E90FA7,production_place,provenance,"Made in: Iraq, South",reported,SRC-3D4B57D27A24,Related objects: 1851-1009-102
IBI-06DF28395D0E,current_location,location,The British Museum,reported,SRC-3D4B57D27A24,Related objects: 1980-0415-31-n
IBI-06DF28395D0E,dating,dating,6thC-8thC,reported,SRC-3D4B57D27A24,Related objects: 1980-0415-31-n
IBI-06DF28395D0E,findspot,provenance,Found/Acquired: Iraq,reported,SRC-3D4B57D27A24,Related objects: 1980-0415-31-n
IBI-06DF28395D0E,period,dating,Late-Post Sasanian,reported,SRC-3D4B57D27A24,Related objects: 1980-0415-31-n
IBI-06DF28395D0E,production_place,provenance,Made in: Iraq,reported,SRC-3D4B57D27A24,Related objects: 1980-0415-31-n
IBI-070B31F47013,biblical_quotations,biblical_intertexts,"[""Num. 9.23"", ""Deut. 6.4"", ""Zech. 3.2"", ""Ps. 91.1""]",reported,SRC-73C44B143A9D,"p. 159, distribution table, Aaron B"
IBI-070B31F47013,inscription_language,language,Jewish Babylonian Aramaic,reported,SRC-73C44B143A9D,"p. 159, distribution table, Aaron B"
IBI-071DAEFA6D11,biblical_quotations,biblical_intertexts,"[""Exod. 15.3"", ""Ps. 104.20""]",reported,SRC-73C44B143A9D,"p. 156, distribution table, JBA 02"
IBI-071DAEFA6D11,current_or_reported_collection,location,The Schøyen Collection,reported,SRC-73C44B143A9D,"p. 156, distribution table, JBA 02"
IBI-071DAEFA6D11,inscription_language,language,Jewish Babylonian Aramaic,reported,SRC-73C44B143A9D,"p. 156, distribution table, JBA 02"
IBI-073B6E935D3A,current_location,location,"Frau Professor Hilprecht Collection, Friedrich Schiller University Jena",reported,SRC-8D2E14DCB3BB,dc00001088
IBI-073B6E935D3A,dating,dating,500–700 CE,reported,SRC-8D2E14DCB3BB,dc00001088
IBI-073B6E935D3A,dimensions,dimensions,Height 6.5 cm; diameter 17.2 cm,reported,SRC-8D2E14DCB3BB,dc00001088
IBI-073B6E935D3A,findspot,provenance,"Nippur, Iraq",reported,SRC-8D2E14DCB3BB,dc00001088
IBI-074BAE1D8DED,inscription_language,language,Aramaic,reported,SRC-72D809FB4249,text 053A; section pp. 43–102
IBI-0764D67E1597,current_location,location,Penn Museum,reported,SRC-503EEAA1BBBC,https://collections.penn.museum/collections/object/67591
IBI-0764D67E1597,material,material,Ceramic; Ink,reported,SRC-503EEAA1BBBC,https://collections.penn.museum/collections/object/67591
IBI-078201A1B578,current_or_reported_collection,location,Musée du Louvre,reported,SRC-6D313A7AA389,"p. 2, item 20"
IBI-078201A1B578,inscription_language,language,Syriac,reported,SRC-6D313A7AA389,"p. 2, item 20"
IBI-078201A1B578,script,script,Syriac ‘Manichaean’ script,reported,SRC-6D313A7AA389,"p. 2, item 20"
IBI-079F0B82D514,condition,condition,Perfect.,reported,SRC-943673B56FB8,"Catalogue, text 31, printed p. 325; PDF p. 331; description column"
IBI-079F0B82D514,current_or_reported_collection,location,Penn Museum,reported,SRC-943673B56FB8,"p. 325, item 31"
IBI-079F0B82D514,dimensions,dimensions,height 6.6 cm; diameter 16 cm,reported,SRC-943673B56FB8,"p. 325, item 31"
IBI-079F0B82D514,dimensions,dimensions,height 6.6 cm; diameter 16 cm,reported,SRC-943673B56FB8,"Catalogue, text 31, printed p. 325; PDF p. 331; size column (height by diameter)"
IBI-079F0B82D514,findspot,provenance,Nippur,reported,SRC-943673B56FB8,"p. 325, item 31"
IBI-079F0B82D514,inscription_language,language,Syriac,reported,SRC-943673B56FB8,"p. 325, item 31"
IBI-079F0B82D514,publication_register_identifier,publication,CBS 9008,reported,SRC-943673B56FB8,"Catalogue, text 31, printed p. 325; PDF p. 331; catalogue number column"
IBI-07EF97A1DD2B,catalogue_language_codes,language,heb,reported,SRC-6AA8AE0B4D4D,MMS 997008712544405171
IBI-07EF97A1DD2B,current_location,location,"National Library of Israel, Jerusalem",reported,SRC-6AA8AE0B4D4D,MMS 997008712544405171
IBI-07EF97A1DD2B,dating,dating,400–899 CE,reported,SRC-6AA8AE0B4D4D,MMS 997008712544405171
IBI-07EF97A1DD2B,dimensions,dimensions,Height 89 mm; source field ‘הקף’ 180 mm,reported,SRC-6AA8AE0B4D4D,MMS 997008712544405171
IBI-0812604AAFBD,condition,condition,Fair,reported,SRC-C0144EA934D5,object W_1886-0109-2
IBI-0812604AAFBD,current_location,location,The British Museum,reported,SRC-3D4B57D27A24,Related objects: 1886-0109-2
IBI-0812604AAFBD,current_location,location,The British Museum,reported,SRC-C0144EA934D5,object W_1886-0109-2
IBI-0812604AAFBD,dating,dating,6thC-8thC,reported,SRC-3D4B57D27A24,Related objects: 1886-0109-2
IBI-0812604AAFBD,dating,dating,6thC–8thC,reported,SRC-C0144EA934D5,object W_1886-0109-2
IBI-0812604AAFBD,dimensions,dimensions,Diameter 18.20 cm; depth 5.80 cm,reported,SRC-C0144EA934D5,object W_1886-0109-2
IBI-0812604AAFBD,findspot,provenance,"Excavated/Findspot: Iraq, South",reported,SRC-3D4B57D27A24,Related objects: 1886-0109-2
IBI-0812604AAFBD,findspot,provenance,"Iraq, South",reported,SRC-C0144EA934D5,object W_1886-0109-2
IBI-0812604AAFBD,inscription_language,language,Aramaic with Hebrew biblical passages,reported,SRC-C0144EA934D5,object W_1886-0109-2
IBI-0812604AAFBD,material,material,pottery,reported,SRC-C0144EA934D5,object W_1886-0109-2
IBI-0812604AAFBD,period,dating,Late-Post Sasanian,reported,SRC-3D4B57D27A24,Related objects: 1886-0109-2
IBI-0812604AAFBD,production_place,provenance,Made in: Iraq,reported,SRC-3D4B57D27A24,Related objects: 1886-0109-2
IBI-0812604AAFBD,text_purpose,ritual,Adversarial magic against Zutra son of Ukkamay,reported,SRC-C0144EA934D5,object W_1886-0109-2
IBI-087C6E4D7329,biblical_quotations,biblical_intertexts,"[""Ps. 125.2""]",reported,SRC-73C44B143A9D,"p. 153, distribution table, Isbell 19"
IBI-087C6E4D7329,inscription_language,language,Jewish Babylonian Aramaic,reported,SRC-73C44B143A9D,"p. 153, distribution table, Isbell 19"
IBI-08C9C37BE59B,current_location,location,The British Museum,reported,SRC-3D4B57D27A24,Related objects: 1980-0415-13
IBI-08C9C37BE59B,dating,dating,6thC-8thC,reported,SRC-3D4B57D27A24,Related objects: 1980-0415-13
IBI-08C9C37BE59B,period,dating,Late-Post Sasanian,reported,SRC-3D4B57D27A24,Related objects: 1980-0415-13
IBI-08C9C37BE59B,production_place,provenance,Made in: Iraq,reported,SRC-3D4B57D27A24,Related objects: 1980-0415-13
IBI-08DEAA97DEFF,collection_history,provenance,Donated by Avigdor Klagsbald,reported,SRC-BCC98AAE8C40,article: bowl 2 of seven-object Klagsbald donation
IBI-08DEAA97DEFF,current_location,location,"National Library of Israel, Jerusalem",reported,SRC-BCC98AAE8C40,article: bowl 2 of seven-object Klagsbald donation
IBI-08E893BAB0D7,current_location,location,"State Hermitage Museum, St. Petersburg",reported,SRC-EB27DA285DC5,"bowl S-442, pp. 283–316"
IBI-090537791C38,catalogue_language_codes,language,heb,reported,SRC-F9F85D27F191,MMS 997008712407805171
IBI-090537791C38,current_location,location,"National Library of Israel, Jerusalem",reported,SRC-F9F85D27F191,MMS 997008712407805171
IBI-090537791C38,dating,dating,400–899 CE,reported,SRC-F9F85D27F191,MMS 997008712407805171
IBI-090537791C38,dimensions,dimensions,Height 59 mm; source field ‘הקף’ 160 mm,reported,SRC-F9F85D27F191,MMS 997008712407805171
IBI-09AF8E775E18,inscription_language,language,Aramaic,reported,SRC-72D809FB4249,text 038A; section pp. 43–102
IBI-09B23B2CE047,current_or_reported_collection,location,"Private collection, Berlin",reported,SRC-A90AB34CA3FE,"p. 134, note 546"
IBI-09B23B2CE047,handwriting_attribution,practitioner,Dukhtīč daughter of Bahāroy,reported,SRC-A90AB34CA3FE,"p. 134, note 546"
IBI-09B23B2CE047,inscription_language,language,Jewish Babylonian Aramaic,reported,SRC-A90AB34CA3FE,"p. 134, note 546"
IBI-09B23B2CE047,text_tradition,ritual,Semamit historiola,reported,SRC-A90AB34CA3FE,"p. 134, note 546"
IBI-09C22FFFD031,attributed_author,practitioner,Komiš daughter of Mahlafta,reported,SRC-A90AB34CA3FE,"p. 102, table 6, NFP 1"
IBI-09C22FFFD031,current_or_reported_collection,location,Penn Museum,reported,SRC-A90AB34CA3FE,"p. 102, table 6, NFP 1"
IBI-09C22FFFD031,formula_genre,ritual,Divorce document,reported,SRC-A90AB34CA3FE,"p. 102, table 6, NFP 1"
IBI-09C22FFFD031,inscription_language,language,Jewish Babylonian Aramaic,reported,SRC-A90AB34CA3FE,"p. 102, table 6, NFP 1"
IBI-0A0808CD163E,inscription_language,language,Aramaic,reported,SRC-72D809FB4249,text 048A; section pp. 43–102
IBI-0A183C0D3DA4,current_location,location,The British Museum,reported,SRC-3D4B57D27A24,Related objects: 1886-0109-17
IBI-0A183C0D3DA4,dating,dating,6thC-8thC,reported,SRC-3D4B57D27A24,Related objects: 1886-0109-17
IBI-0A183C0D3DA4,findspot,provenance,Found/Acquired: Iraq,reported,SRC-3D4B57D27A24,Related objects: 1886-0109-17
IBI-0A183C0D3DA4,period,dating,Late-Post Sasanian,reported,SRC-3D4B57D27A24,Related objects: 1886-0109-17
IBI-0A183C0D3DA4,production_place,provenance,Made in: Iraq,reported,SRC-3D4B57D27A24,Related objects: 1886-0109-17
IBI-0A4638EC11A0,inscription_language,language,Aramaic,reported,SRC-72D809FB4249,text 019A; section pp. 43–102
IBI-0A4D195A6EE6,collection_history,provenance,Donated by Avigdor Klagsbald,reported,SRC-BCC98AAE8C40,article: bowl 3 of seven-object Klagsbald donation
IBI-0A4D195A6EE6,current_location,location,"National Library of Israel, Jerusalem",reported,SRC-BCC98AAE8C40,article: bowl 3 of seven-object Klagsbald donation
IBI-0AD30C169821,catalogue_language_codes,language,heb,reported,SRC-F5816C7D10FC,MMS 997008712545405171
IBI-0AD30C169821,current_location,location,"National Library of Israel, Jerusalem",reported,SRC-F5816C7D10FC,MMS 997008712545405171
IBI-0AD30C169821,dating,dating,400–899 CE,reported,SRC-F5816C7D10FC,MMS 997008712545405171
IBI-0AD30C169821,dimensions,dimensions,Height 71 mm; source field ‘הקף’ 165 mm,reported,SRC-F5816C7D10FC,MMS 997008712545405171
IBI-0B9D7E67D854,biblical_quotations,biblical_intertexts,"[""Num. 9.23"", ""Exek. 32.27""]",reported,SRC-73C44B143A9D,"p. 154, distribution table, MSF 22"
IBI-0B9D7E67D854,inscription_language,language,Jewish Babylonian Aramaic,reported,SRC-73C44B143A9D,"p. 154, distribution table, MSF 22"
IBI-0BF39B9EA89F,biblical_quotations,biblical_intertexts,"[""Isa. 50.11"", ""Ps. 125.2""]",reported,SRC-73C44B143A9D,"p. 158, distribution table, JBA 113"
IBI-0BF39B9EA89F,current_or_reported_collection,location,The Schøyen Collection,reported,SRC-73C44B143A9D,"p. 158, distribution table, JBA 113"
IBI-0BF39B9EA89F,inscription_language,language,Jewish Babylonian Aramaic,reported,SRC-73C44B143A9D,"p. 158, distribution table, JBA 113"
IBI-0C49F8862A63,catalogue_language_codes,language,heb,reported,SRC-411F8CB07388,MMS 997008712395205171
IBI-0C49F8862A63,current_location,location,"National Library of Israel, Jerusalem",reported,SRC-411F8CB07388,MMS 997008712395205171
IBI-0C49F8862A63,dating,dating,400–899 CE,reported,SRC-411F8CB07388,MMS 997008712395205171
IBI-0C49F8862A63,dimensions,dimensions,Height 79 mm; source field ‘הקף’ 179 mm,reported,SRC-411F8CB07388,MMS 997008712395205171
IBI-0C53EA838205,current_location,location,"National Library of Israel, Jerusalem",reported,SRC-CA4B122C5F4D,"NLI Ms. Heb. 9467.163, pp. 105–134"
IBI-0C53EA838205,inscription_language,language,Jewish Aramaic,reported,SRC-CA4B122C5F4D,"NLI Ms. Heb. 9467.163, pp. 105–134"
IBI-0C53EA838205,text_feature,text_description,"Formula ‘I go, I PN son of PN, with my own power’",reported,SRC-CA4B122C5F4D,"NLI Ms. Heb. 9467.163, pp. 105–134"
IBI-0C91DE9D2AEC,dating,dating,600–800 CE,reported,SRC-E7A2136AADE8,"12 April 2026, lot 917; record 135362"
IBI-0C91DE9D2AEC,dimensions,dimensions,265 × 100 mm; weight 880 g,reported,SRC-E7A2136AADE8,"12 April 2026, lot 917; record 135362"
IBI-0C91DE9D2AEC,iconography,visual,"Central warrior in conical helmet and short tunic, one arm extended and one raising a weapon",reported,SRC-E7A2136AADE8,"12 April 2026, lot 917; record 135362"
IBI-0C91DE9D2AEC,inscription_language,language,Aramaic,reported,SRC-E7A2136AADE8,"12 April 2026, lot 917; record 135362"
IBI-0C91DE9D2AEC,material,material,Terracotta,reported,SRC-E7A2136AADE8,"12 April 2026, lot 917; record 135362"
IBI-0C91DE9D2AEC,provenance,provenance,"Private London collection; acquired on Belgian art market; formerly C. D'hondt collection, Liège, 1980s",reported,SRC-E7A2136AADE8,"12 April 2026, lot 917; record 135362"
IBI-0C91DE9D2AEC,text_layout,text_form,Concentric bands from rim toward centre,reported,SRC-E7A2136AADE8,"12 April 2026, lot 917; record 135362"
IBI-0C99418FFC4A,bibliography,publication,"Ford 2014 commentary on Shaked–Ford–Bhayro 2013, JBA 3",reported,SRC-FORD2014-AUOR,"Commentary on JBA 3, Ford 2014 pp. 236"
IBI-0C99418FFC4A,text_feature,text_description,Ford reports: Additional evidence for a perfect-tense ending.,reported,SRC-FORD2014-AUOR,pp. 236; JBA 3:12
IBI-0CDECCBBB862,biblical_quotations,biblical_intertexts,"[""Isa. 6.3"", ""1 Sam. 17.45"", ""Isa. 37.16""]",reported,SRC-73C44B143A9D,"p. 155, distribution table, M 117"
IBI-0CDECCBBB862,current_or_reported_collection,location,Moussaieff Collection,reported,SRC-73C44B143A9D,"p. 155, distribution table, M 117"
IBI-0CDECCBBB862,inscription_language,language,Jewish Babylonian Aramaic,reported,SRC-73C44B143A9D,"p. 155, distribution table, M 117"
IBI-0D8026ACFDC0,attributed_author,practitioner,Huniyāq son of Aḥāṯ,reported,SRC-A90AB34CA3FE,"p. 102, table 6, NFP 10 and note 417"
IBI-0D8026ACFDC0,current_or_reported_collection,location,"Frau Professor Hilprecht Collection, Jena",reported,SRC-A90AB34CA3FE,"p. 102, table 6, NFP 10 and note 417"
IBI-0D8026ACFDC0,formula_genre,ritual,Divorce document,reported,SRC-A90AB34CA3FE,"p. 102, table 6, NFP 10 and note 417"
IBI-0D8026ACFDC0,inscription_language,language,Jewish Babylonian Aramaic,reported,SRC-A90AB34CA3FE,"p. 102, table 6, NFP 10 and note 417"
IBI-0DB8391E62FC,current_location,location,Penn Museum,reported,SRC-A9360C4ED277,https://collections.penn.museum/collections/object/198331
IBI-0DB8391E62FC,material,material,Ceramic Ink,reported,SRC-A9360C4ED277,https://collections.penn.museum/collections/object/198331
IBI-0DC2EC6BA78F,current_location,location,The British Museum,reported,SRC-3D4B57D27A24,Related objects: 1980-0415-11
IBI-0DC2EC6BA78F,dating,dating,6thC-8thC,reported,SRC-3D4B57D27A24,Related objects: 1980-0415-11
IBI-0DC2EC6BA78F,period,dating,Late-Post Sasanian,reported,SRC-3D4B57D27A24,Related objects: 1980-0415-11
IBI-0DC2EC6BA78F,production_place,provenance,Made in: Iraq,reported,SRC-3D4B57D27A24,Related objects: 1980-0415-11
IBI-0DDAE5D941C5,current_location,location,The British Museum,reported,SRC-3D4B57D27A24,Related objects: 1980-0415-31-k
IBI-0DDAE5D941C5,dating,dating,6thC-8thC,reported,SRC-3D4B57D27A24,Related objects: 1980-0415-31-k
IBI-0DDAE5D941C5,findspot,provenance,Found/Acquired: Iraq,reported,SRC-3D4B57D27A24,Related objects: 1980-0415-31-k
IBI-0DDAE5D941C5,period,dating,Late-Post Sasanian,reported,SRC-3D4B57D27A24,Related objects: 1980-0415-31-k
IBI-0DDAE5D941C5,production_place,provenance,Made in: Iraq,reported,SRC-3D4B57D27A24,Related objects: 1980-0415-31-k
IBI-0DDF3246CBCA,current_location,location,Penn Museum,reported,SRC-43521AC02D0C,https://collections.penn.museum/collections/object/257049
IBI-0DDF3246CBCA,material,material,Ceramic; Ink,reported,SRC-43521AC02D0C,https://collections.penn.museum/collections/object/257049
IBI-0DE175753ED8,current_location,location,The British Museum,reported,SRC-3D4B57D27A24,Related objects: 1957-0415-1
IBI-0DE175753ED8,dating,dating,6thC-8thC,reported,SRC-3D4B57D27A24,Related objects: 1957-0415-1
IBI-0DE175753ED8,period,dating,Late-Post Sasanian,reported,SRC-3D4B57D27A24,Related objects: 1957-0415-1
IBI-0DE175753ED8,production_place,provenance,"Made in: Iraq, South",reported,SRC-3D4B57D27A24,Related objects: 1957-0415-1
IBI-0DF80F9636D2,condition,condition,fragmentary,reported,SRC-3A8095B6D794,index entry IM9731
IBI-0E5246C8CD17,catalogue_language_codes,language,heb,reported,SRC-1CFCA1D5EACA,MMS 997008712397505171
IBI-0E5246C8CD17,current_location,location,"National Library of Israel, Jerusalem",reported,SRC-1CFCA1D5EACA,MMS 997008712397505171
IBI-0E5246C8CD17,dating,dating,400–899 CE,reported,SRC-1CFCA1D5EACA,MMS 997008712397505171
IBI-0E5246C8CD17,dimensions,dimensions,Height 62 mm; source field ‘הקף’ 160 mm,reported,SRC-1CFCA1D5EACA,MMS 997008712397505171
IBI-0E52F216A762,catalogue_language_codes,language,heb,reported,SRC-8F85777A6AC7,MMS 997008712407105171
IBI-0E52F216A762,current_location,location,"National Library of Israel, Jerusalem",reported,SRC-8F85777A6AC7,MMS 997008712407105171
IBI-0E52F216A762,dating,dating,400–899 CE,reported,SRC-8F85777A6AC7,MMS 997008712407105171
IBI-0E52F216A762,dimensions,dimensions,Height 81 mm; source field ‘הקף’ 164 mm,reported,SRC-8F85777A6AC7,MMS 997008712407105171
IBI-0E7150957331,current_location,location,Penn Museum,reported,SRC-4E17491A7466,https://collections.penn.museum/collections/object/199797
IBI-0E7150957331,material,material,Ceramic Ink,reported,SRC-4E17491A7466,https://collections.penn.museum/collections/object/199797
IBI-0E8D5532FA13,condition,condition,fragmentary,reported,SRC-3A8095B6D794,index entry BM061A
IBI-0EA741BCC672,biblical_quotations,biblical_intertexts,"[""Exod. 15.18""]",reported,SRC-73C44B143A9D,"p. 155, distribution table, CAMIB 65"
IBI-0EA741BCC672,current_or_reported_collection,location,British Museum,reported,SRC-73C44B143A9D,"p. 155, distribution table, CAMIB 65"
IBI-0EA741BCC672,inscription_language,language,Jewish Babylonian Aramaic,reported,SRC-73C44B143A9D,"p. 155, distribution table, CAMIB 65"
IBI-0EC7827D64A8,biblical_quotations,biblical_intertexts,"[""Exod. 22.23"", ""Lev. 26.29"", ""Deut. 28.22"", ""Deut. 28.28"", ""Deut. 28.35"", ""Deut. 29.12"", ""Mic. 7.16-17"", ""Ps. 69.24"", ""Ps. 69.26"", ""Lev. 26.37"", ""Jer. 8.4"", ""Amos 8.14""]",reported,SRC-73C44B143A9D,"p. 154, distribution table, AMB 09"
IBI-0EC7827D64A8,inscription_language,language,Jewish Babylonian Aramaic,reported,SRC-73C44B143A9D,"p. 154, distribution table, AMB 09"
IBI-0F181E2EF9E1,current_location,location,The British Museum,reported,SRC-3D4B57D27A24,Related objects: 1908-1010-2
IBI-0F181E2EF9E1,dating,dating,6thC-8thC,reported,SRC-3D4B57D27A24,Related objects: 1908-1010-2
IBI-0F181E2EF9E1,period,dating,Late-Post Sasanian,reported,SRC-3D4B57D27A24,Related objects: 1908-1010-2
IBI-0F181E2EF9E1,production_place,provenance,Made in: Iraq,reported,SRC-3D4B57D27A24,Related objects: 1908-1010-2
IBI-0F6031C5921B,catalogue_language_codes,language,heb,reported,SRC-282E40FD6206,MMS 997008712404705171
IBI-0F6031C5921B,current_location,location,"National Library of Israel, Jerusalem",reported,SRC-282E40FD6206,MMS 997008712404705171
IBI-0F6031C5921B,dating,dating,400–899 CE,reported,SRC-282E40FD6206,MMS 997008712404705171
IBI-0F6031C5921B,dimensions,dimensions,Height 209 mm; source field ‘הקף’ 279 mm,reported,SRC-282E40FD6206,MMS 997008712404705171
IBI-0F72CC248889,dimensions,dimensions,approximately 3 in diameter,reported,SRC-A6A2C7BD19A7,DOI 10.25549/inscriptifact-ouc1sto1540648
IBI-0F72CC248889,material,material,Metal,reported,SRC-A6A2C7BD19A7,DOI 10.25549/inscriptifact-ouc1sto1540648
IBI-0F72CC248889,provenance_summary,provenance,Unprovenanced,reported,SRC-A6A2C7BD19A7,DOI 10.25549/inscriptifact-ouc1sto1540648
IBI-0F72CC248889,script_or_language,language,Hebrew,reported,SRC-A6A2C7BD19A7,DOI 10.25549/inscriptifact-ouc1sto1540648
IBI-0F792FD4A54F,current_location,location,The British Museum,reported,SRC-3D4B57D27A24,Related objects: 1851-1009-98
IBI-0F792FD4A54F,dating,dating,6thC-8thC,reported,SRC-3D4B57D27A24,Related objects: 1851-1009-98
IBI-0F792FD4A54F,findspot,provenance,Found/Acquired: Babylon (historic - Iraq),reported,SRC-3D4B57D27A24,Related objects: 1851-1009-98
IBI-0F792FD4A54F,period,dating,Late-Post Sasanian,reported,SRC-3D4B57D27A24,Related objects: 1851-1009-98
IBI-0F792FD4A54F,production_place,provenance,Made in: Iraq,reported,SRC-3D4B57D27A24,Related objects: 1851-1009-98
IBI-0F8B15FDC9FA,current_location,location,The British Museum,reported,SRC-3D4B57D27A24,Related objects: 1881-0324-351
IBI-0F8B15FDC9FA,dating,dating,6thC-8thC,reported,SRC-3D4B57D27A24,Related objects: 1881-0324-351
IBI-0F8B15FDC9FA,findspot,provenance,Excavated/Findspot: Ibrahim al-Khalil (Borsippa)  | Excavated/Findspot: Babylon (historic - Iraq),reported,SRC-3D4B57D27A24,Related objects: 1881-0324-351
IBI-0F8B15FDC9FA,period,dating,Late-Post Sasanian,reported,SRC-3D4B57D27A24,Related objects: 1881-0324-351
IBI-0F8B15FDC9FA,production_place,provenance,Made in: Iraq,reported,SRC-3D4B57D27A24,Related objects: 1881-0324-351
IBI-1000B6CDC792,current_location,location,Penn Museum,reported,SRC-4232EC728695,https://collections.penn.museum/collections/object/105299
IBI-1000B6CDC792,material,material,Ceramic Ink,reported,SRC-4232EC728695,https://collections.penn.museum/collections/object/105299
IBI-103744835B8E,current_location,location,Penn Museum,reported,SRC-B463271CEBE9,https://collections.penn.museum/collections/object/62761
IBI-103744835B8E,material,material,Ceramic; Ink,reported,SRC-B463271CEBE9,https://collections.penn.museum/collections/object/62761
IBI-104CE733FB6E,dating,dating,600–800 CE,reported,SRC-62A4522F2585,"lot 1419, object 3 (right)"
IBI-104CE733FB6E,dimensions,dimensions,Group components reportedly 170–185 mm × 60–70 mm; individual assignment unavailable,reported,SRC-62A4522F2585,"lot 1419, object 3 (right)"
IBI-104CE733FB6E,inscription_language,language,Aramaic,reported,SRC-62A4522F2585,"lot 1419, object 3 (right)"
IBI-104CE733FB6E,material,material,Terracotta,reported,SRC-62A4522F2585,"lot 1419, object 3 (right)"
IBI-104CE733FB6E,provenance,provenance,Private London collection; previously South German private collection formed on the European art market during the 1980s–1990s,reported,SRC-62A4522F2585,"lot 1419, object 3 (right)"
IBI-104CE733FB6E,text_layout,text_form,Interior bands,reported,SRC-62A4522F2585,"lot 1419, object 3 (right)"
IBI-10736F9D0281,catalogue_language_codes,language,heb,reported,SRC-F5776C7FE120,MMS 997008712405105171
IBI-10736F9D0281,current_location,location,"National Library of Israel, Jerusalem",reported,SRC-F5776C7FE120,MMS 997008712405105171
IBI-10736F9D0281,dating,dating,400–899 CE,reported,SRC-F5776C7FE120,MMS 997008712405105171
IBI-10736F9D0281,dimensions,dimensions,Height 77 mm; source field ‘הקף’ 160 mm,reported,SRC-F5776C7FE120,MMS 997008712405105171
IBI-1096AC7149EC,biblical_quotations,biblical_intertexts,"[""Exod. 15.3"", ""Ps. 24.8"", ""Ps. 10.16"", ""Ps. 93.1"", ""Exod. 15.18""]",reported,SRC-73C44B143A9D,"p. 157, distribution table, JBA 12"
IBI-1096AC7149EC,current_or_reported_collection,location,The Schøyen Collection,reported,SRC-73C44B143A9D,"p. 157, distribution table, JBA 12"
IBI-1096AC7149EC,inscription_language,language,Jewish Babylonian Aramaic,reported,SRC-73C44B143A9D,"p. 157, distribution table, JBA 12"
IBI-10A05AFD0BE2,current_location,location,Penn Museum,reported,SRC-0ACFB1709242,https://collections.penn.museum/collections/object/257210
IBI-10A05AFD0BE2,material,material,Ceramic; Ink,reported,SRC-0ACFB1709242,https://collections.penn.museum/collections/object/257210
IBI-10F62BE5F176,current_location,location,Penn Museum,reported,SRC-B61FB82385EC,https://collections.penn.museum/collections/object/309982
IBI-10F62BE5F176,material,material,Ceramic,reported,SRC-B61FB82385EC,https://collections.penn.museum/collections/object/309982
IBI-11589900B7B0,client,client,Busi son of Gurdushta,reported,SRC-61F3BAFB8DBF,object W_1886-0109-7
IBI-11589900B7B0,condition,condition,Fair; repaired,reported,SRC-61F3BAFB8DBF,object W_1886-0109-7
IBI-11589900B7B0,current_location,location,The British Museum,reported,SRC-3D4B57D27A24,Related objects: 1886-0109-7
IBI-11589900B7B0,current_location,location,The British Museum,reported,SRC-61F3BAFB8DBF,object W_1886-0109-7
IBI-11589900B7B0,dating,dating,6thC-8thC,reported,SRC-3D4B57D27A24,Related objects: 1886-0109-7
IBI-11589900B7B0,dating,dating,6thC–8thC,reported,SRC-61F3BAFB8DBF,object W_1886-0109-7
IBI-11589900B7B0,dimensions,dimensions,Diameter 16.70 cm; depth 6.10 cm,reported,SRC-61F3BAFB8DBF,object W_1886-0109-7
IBI-11589900B7B0,findspot,provenance,Iraq,reported,SRC-61F3BAFB8DBF,object W_1886-0109-7
IBI-11589900B7B0,findspot,provenance,Excavated/Findspot: Iraq,reported,SRC-3D4B57D27A24,Related objects: 1886-0109-7
IBI-11589900B7B0,inscription_language,language,Aramaic,reported,SRC-61F3BAFB8DBF,object W_1886-0109-7
IBI-11589900B7B0,material,material,pottery,reported,SRC-61F3BAFB8DBF,object W_1886-0109-7
IBI-11589900B7B0,period,dating,Late-Post Sasanian,reported,SRC-3D4B57D27A24,Related objects: 1886-0109-7
IBI-11589900B7B0,production_place,provenance,Made in: Iraq,reported,SRC-3D4B57D27A24,Related objects: 1886-0109-7
IBI-116EB49D9B12,catalogue_language_codes,language,heb,reported,SRC-F724A8B2B2B5,MMS 997008712403805171
IBI-116EB49D9B12,current_location,location,"National Library of Israel, Jerusalem",reported,SRC-F724A8B2B2B5,MMS 997008712403805171
IBI-116EB49D9B12,dating,dating,400–899 CE,reported,SRC-F724A8B2B2B5,MMS 997008712403805171
IBI-116EB49D9B12,dimensions,dimensions,Height 71 mm; source field ‘הקף’ 158 mm,reported,SRC-F724A8B2B2B5,MMS 997008712403805171
IBI-11735829BDED,biblical_quotations,biblical_intertexts,"[""Gen. 49.18""]",reported,SRC-73C44B143A9D,"p. 158, distribution table, JBA 87"
IBI-11735829BDED,current_or_reported_collection,location,The Schøyen Collection,reported,SRC-73C44B143A9D,"p. 158, distribution table, JBA 87"
IBI-11735829BDED,inscription_language,language,Jewish Babylonian Aramaic,reported,SRC-73C44B143A9D,"p. 158, distribution table, JBA 87"
IBI-1196B85EC89E,condition,condition,fragmentary,reported,SRC-3A8095B6D794,index entry IM11113
IBI-11FC2F150C46,biblical_quotations,biblical_intertexts,"[""Num. 9.23""]",reported,SRC-73C44B143A9D,"p. 158, distribution table, JBA 73"
IBI-11FC2F150C46,current_or_reported_collection,location,The Schøyen Collection,reported,SRC-73C44B143A9D,"p. 158, distribution table, JBA 73"
IBI-11FC2F150C46,inscription_language,language,Jewish Babylonian Aramaic,reported,SRC-73C44B143A9D,"p. 158, distribution table, JBA 73"
IBI-121D02E69051,catalogue_language_codes,language,heb,reported,SRC-EA77F3374BA8,MMS 997008712403005171
IBI-121D02E69051,current_location,location,"National Library of Israel, Jerusalem",reported,SRC-EA77F3374BA8,MMS 997008712403005171
IBI-121D02E69051,dating,dating,400–899 CE,reported,SRC-EA77F3374BA8,MMS 997008712403005171
IBI-121D02E69051,dimensions,dimensions,Height 77 mm; source field ‘הקף’ 161 mm,reported,SRC-EA77F3374BA8,MMS 997008712403005171
IBI-1255BB27ADF4,inscription_language,language,Mandaic,reported,SRC-72D809FB4249,text 094M; section pp. 103–146
IBI-12617DC13FC0,client,client,Wartan son of Miriai,reported,SRC-A84A167A5779,pp. 242–246
IBI-12617DC13FC0,inscription_language,language,Aramaic,reported,SRC-A84A167A5779,pp. 242–246
IBI-12617DC13FC0,text_purpose,ritual,Success in business,reported,SRC-A84A167A5779,pp. 242–246
IBI-1276CBE352E3,dating,dating,600–800 CE,reported,SRC-62A4522F2585,"lot 1419, object 2 (centre)"
IBI-1276CBE352E3,dimensions,dimensions,Group components reportedly 170–185 mm × 60–70 mm; individual assignment unavailable,reported,SRC-62A4522F2585,"lot 1419, object 2 (centre)"
IBI-1276CBE352E3,iconography,visual,Schematic central figure,reported,SRC-62A4522F2585,"lot 1419, object 2 (centre)"
IBI-1276CBE352E3,inscription_language,language,Aramaic,reported,SRC-62A4522F2585,"lot 1419, object 2 (centre)"
IBI-1276CBE352E3,material,material,Terracotta,reported,SRC-62A4522F2585,"lot 1419, object 2 (centre)"
IBI-1276CBE352E3,provenance,provenance,Private London collection; previously South German private collection formed on the European art market during the 1980s–1990s,reported,SRC-62A4522F2585,"lot 1419, object 2 (centre)"
IBI-1288C462A766,catalogue_language_codes,language,heb,reported,SRC-7AACC01DCA72,MMS 997008712401905171
IBI-1288C462A766,current_location,location,"National Library of Israel, Jerusalem",reported,SRC-7AACC01DCA72,MMS 997008712401905171
IBI-1288C462A766,dating,dating,400–899 CE,reported,SRC-7AACC01DCA72,MMS 997008712401905171
IBI-1288C462A766,dimensions,dimensions,Height 66 mm; source field ‘הקף’ 174 mm,reported,SRC-7AACC01DCA72,MMS 997008712401905171
IBI-12A92BD58AA2,current_location,location,The British Museum,reported,SRC-3D4B57D27A24,Related objects: 1886-0109-10
IBI-12A92BD58AA2,dating,dating,6thC-8thC,reported,SRC-3D4B57D27A24,Related objects: 1886-0109-10
IBI-12A92BD58AA2,findspot,provenance,"Found/Acquired: Iraq, South",reported,SRC-3D4B57D27A24,Related objects: 1886-0109-10
IBI-12A92BD58AA2,period,dating,Late-Post Sasanian,reported,SRC-3D4B57D27A24,Related objects: 1886-0109-10
IBI-12A92BD58AA2,production_place,provenance,"Made in: Iraq, South",reported,SRC-3D4B57D27A24,Related objects: 1886-0109-10
IBI-12E9DEF48BE8,biblical_quotations,biblical_intertexts,"[""Deut. 6.4-9"", ""Deut. 11.13-14""]",reported,SRC-73C44B143A9D,"p. 159, distribution table, HS 3027"
IBI-12E9DEF48BE8,current_or_reported_collection,location,"Frau Professor Hilprecht Collection, Jena",reported,SRC-73C44B143A9D,"p. 159, distribution table, HS 3027"
IBI-12E9DEF48BE8,inscription_language,language,Jewish Babylonian Aramaic,reported,SRC-73C44B143A9D,"p. 159, distribution table, HS 3027"
IBI-130DFB1D1802,current_location,location,Penn Museum,reported,SRC-2D4CCAB47A46,https://collections.penn.museum/collections/object/112273
IBI-130DFB1D1802,material,material,Ceramic; Ink,reported,SRC-2D4CCAB47A46,https://collections.penn.museum/collections/object/112273
IBI-131463D92B2C,current_or_reported_collection,location,"Frau Professor Hilprecht Collection, Jena",reported,SRC-6D313A7AA389,"p. 2, item 24"
IBI-131463D92B2C,inscription_language,language,Syriac,reported,SRC-6D313A7AA389,"p. 2, item 24"
IBI-131463D92B2C,script,script,Syriac ‘Manichaean’ script,reported,SRC-6D313A7AA389,"p. 2, item 24"
IBI-1355E0808717,current_location,location,Penn Museum,reported,SRC-4C09C688E277,https://collections.penn.museum/collections/object/265680
IBI-1355E0808717,material,material,Ceramic; Ink,reported,SRC-4C09C688E277,https://collections.penn.museum/collections/object/265680
IBI-13A6F72CD6F0,current_location,location,The British Museum,reported,SRC-3D4B57D27A24,Related objects: 1953-1010-17
IBI-13A6F72CD6F0,dating,dating,6thC-8thC,reported,SRC-3D4B57D27A24,Related objects: 1953-1010-17
IBI-13A6F72CD6F0,period,dating,Late-Post Sasanian,reported,SRC-3D4B57D27A24,Related objects: 1953-1010-17
IBI-13A6F72CD6F0,production_place,provenance,Made in: Iraq,reported,SRC-3D4B57D27A24,Related objects: 1953-1010-17
IBI-13B2242254BB,current_location,location,The British Museum,reported,SRC-3D4B57D27A24,Related objects: 1889-0112-4
IBI-13B2242254BB,dating,dating,6thC-8thC,reported,SRC-3D4B57D27A24,Related objects: 1889-0112-4
IBI-13B2242254BB,findspot,provenance,"Found/Acquired: Iraq, South",reported,SRC-3D4B57D27A24,Related objects: 1889-0112-4
IBI-13B2242254BB,period,dating,Late-Post Sasanian,reported,SRC-3D4B57D27A24,Related objects: 1889-0112-4
IBI-13B2242254BB,production_place,provenance,"Made in: Iraq, South",reported,SRC-3D4B57D27A24,Related objects: 1889-0112-4
IBI-13F4F4F65D1E,current_location,location,Penn Museum,reported,SRC-312A054517F1,https://collections.penn.museum/collections/object/303321
IBI-13F4F4F65D1E,material,material,Ceramic,reported,SRC-312A054517F1,https://collections.penn.museum/collections/object/303321
IBI-1417A2ECD0F9,biblical_quotations,biblical_intertexts,"[""Num. 9.23""]",reported,SRC-73C44B143A9D,"p. 159, distribution table, Aaron F"
IBI-1417A2ECD0F9,inscription_language,language,Jewish Babylonian Aramaic,reported,SRC-73C44B143A9D,"p. 159, distribution table, Aaron F"
IBI-146141958966,comparandum,parallels,"British Museum 1881,0714.6",reported,SRC-757E3BBFFE63,Barnebys listing ykjaChX-619518650
IBI-146141958966,dating,dating,ca. 600–900 CE,reported,SRC-757E3BBFFE63,Barnebys listing ykjaChX-619518650
IBI-146141958966,dimensions,dimensions,160 × 80 mm; weight 320 g,reported,SRC-757E3BBFFE63,Barnebys listing ykjaChX-619518650
IBI-146141958966,inscription_language,language,Judeo-Aramaic (auction attribution),reported,SRC-757E3BBFFE63,Barnebys listing ykjaChX-619518650
IBI-146141958966,material,material,Terracotta,reported,SRC-757E3BBFFE63,Barnebys listing ykjaChX-619518650
IBI-1482A1A5029F,inscription_language,language,Aramaic,reported,SRC-72D809FB4249,text 067A; section pp. 43–102
IBI-148B8110021B,current_location,location,The British Museum,reported,SRC-3D4B57D27A24,Related objects: 1980-0415-28
IBI-148B8110021B,dating,dating,6thC-8thC,reported,SRC-3D4B57D27A24,Related objects: 1980-0415-28
IBI-148B8110021B,findspot,provenance,Excavated/Findspot: Tell Ibrahim (Kutha),reported,SRC-3D4B57D27A24,Related objects: 1980-0415-28
IBI-148B8110021B,period,dating,Late-Post Sasanian,reported,SRC-3D4B57D27A24,Related objects: 1980-0415-28
IBI-148B8110021B,production_place,provenance,"Made in: Iraq, South",reported,SRC-3D4B57D27A24,Related objects: 1980-0415-28
IBI-14DE93A591AB,inscription_language,language,Aramaic,reported,SRC-72D809FB4249,text 032A; section pp. 43–102
IBI-15446E13F965,catalogue_language_codes,language,heb,reported,SRC-36D8E46878B8,MMS 997008712545705171
IBI-15446E13F965,current_location,location,"National Library of Israel, Jerusalem",reported,SRC-36D8E46878B8,MMS 997008712545705171
IBI-15446E13F965,dating,dating,400–899 CE,reported,SRC-36D8E46878B8,MMS 997008712545705171
IBI-15446E13F965,dimensions,dimensions,Height 50 mm; source field ‘הקף’ 153 mm,reported,SRC-36D8E46878B8,MMS 997008712545705171
IBI-158E425708DC,catalogue_language_codes,language,heb,reported,SRC-216626D66A61,MMS 997008712401405171
IBI-158E425708DC,current_location,location,"National Library of Israel, Jerusalem",reported,SRC-216626D66A61,MMS 997008712401405171
IBI-158E425708DC,dating,dating,400–899 CE,reported,SRC-216626D66A61,MMS 997008712401405171
IBI-158E425708DC,dimensions,dimensions,Height 80 mm; source field ‘הקף’ 158 mm,reported,SRC-216626D66A61,MMS 997008712401405171
IBI-15E5F5F51C15,dimensions,dimensions,16.32 cm,reported,SRC-6CF62B01BA38,DOI 10.25549/inscriptifact-ouc15260339
IBI-15E5F5F51C15,material,material,Clay,reported,SRC-6CF62B01BA38,DOI 10.25549/inscriptifact-ouc15260339
IBI-15E5F5F51C15,provenance_summary,provenance,Unprovenanced,reported,SRC-6CF62B01BA38,DOI 10.25549/inscriptifact-ouc15260339
IBI-15E5F5F51C15,script_or_language,language,Syriac,reported,SRC-6CF62B01BA38,DOI 10.25549/inscriptifact-ouc15260339
IBI-15FA5AB2FD95,inscription_language,language,Aramaic,reported,SRC-72D809FB4249,text 023A; section pp. 43–102
IBI-16003DD63F46,inscription_language,language,Mandaic,reported,SRC-72D809FB4249,text 086M; section pp. 103–146
IBI-16049F29E520,catalogue_language_codes,language,heb,reported,SRC-FFAB3848F559,MMS 997008712404005171
IBI-16049F29E520,current_location,location,"National Library of Israel, Jerusalem",reported,SRC-FFAB3848F559,MMS 997008712404005171
IBI-16049F29E520,dating,dating,400–899 CE,reported,SRC-FFAB3848F559,MMS 997008712404005171
IBI-16049F29E520,dimensions,dimensions,Height 80 mm; source field ‘הקף’ 184 mm,reported,SRC-FFAB3848F559,MMS 997008712404005171
IBI-160D40AE5C30,biblical_quotations,biblical_intertexts,"[""Exod. 3.15"", ""Num. 6.24-26""]",reported,SRC-73C44B143A9D,"p. 160, distribution table, MS 1927/9"
IBI-160D40AE5C30,current_or_reported_collection,location,The Schøyen Collection,reported,SRC-73C44B143A9D,"p. 160, distribution table, MS 1927/9"
IBI-160D40AE5C30,inscription_language,language,Jewish Babylonian Aramaic,reported,SRC-73C44B143A9D,"p. 160, distribution table, MS 1927/9"
IBI-1656F37F943F,catalogue_language_codes,language,heb,reported,SRC-6A9CA8180B69,MMS 997008712399905171
IBI-1656F37F943F,current_location,location,"National Library of Israel, Jerusalem",reported,SRC-6A9CA8180B69,MMS 997008712399905171
IBI-1656F37F943F,dating,dating,400–899 CE,reported,SRC-6A9CA8180B69,MMS 997008712399905171
IBI-1656F37F943F,dimensions,dimensions,Height 72 mm; source field ‘הקף’ 195 mm,reported,SRC-6A9CA8180B69,MMS 997008712399905171
IBI-16895A57D419,inscription_language,language,Syriac,reported,SRC-6D313A7AA389,"p. 2, item 21"
IBI-16895A57D419,script,script,Syriac ‘Manichaean’ script,reported,SRC-6D313A7AA389,"p. 2, item 21"
IBI-16929A0457B2,catalogue_language_codes,language,heb,reported,SRC-898354D07BF9,MMS 997008712403705171
IBI-16929A0457B2,current_location,location,"National Library of Israel, Jerusalem",reported,SRC-898354D07BF9,MMS 997008712403705171
IBI-16929A0457B2,dating,dating,400–899 CE,reported,SRC-898354D07BF9,MMS 997008712403705171
IBI-16929A0457B2,dimensions,dimensions,Height 62 mm; source field ‘הקף’ 154 mm,reported,SRC-898354D07BF9,MMS 997008712403705171
IBI-16D03874CAB3,catalogue_language_codes,language,heb,reported,SRC-CE130C1A3F3C,MMS 997008712545105171
IBI-16D03874CAB3,current_location,location,"National Library of Israel, Jerusalem",reported,SRC-CE130C1A3F3C,MMS 997008712545105171
IBI-16D03874CAB3,dating,dating,400–899 CE,reported,SRC-CE130C1A3F3C,MMS 997008712545105171
IBI-16D03874CAB3,dimensions,dimensions,Height 71 mm; source field ‘הקף’ 174 mm,reported,SRC-CE130C1A3F3C,MMS 997008712545105171
IBI-16D19CDC2E71,current_location,location,Penn Museum,reported,SRC-5025FE1C5FCE,https://collections.penn.museum/collections/object/15439
IBI-16D19CDC2E71,material,material,Ceramic; Ink,reported,SRC-5025FE1C5FCE,https://collections.penn.museum/collections/object/15439
IBI-16F45724A603,catalogue_language_codes,language,heb,reported,SRC-77CADCC57C0B,MMS 997008712545305171
IBI-16F45724A603,current_location,location,"National Library of Israel, Jerusalem",reported,SRC-77CADCC57C0B,MMS 997008712545305171
IBI-16F45724A603,dating,dating,400–899 CE,reported,SRC-77CADCC57C0B,MMS 997008712545305171
IBI-16F45724A603,dimensions,dimensions,Height 74 mm; source field ‘הקף’ 173 mm,reported,SRC-77CADCC57C0B,MMS 997008712545305171
IBI-171905420AEE,current_location,location,Penn Museum,reported,SRC-3D9E46333303,https://collections.penn.museum/collections/object/325247
IBI-171905420AEE,material,material,Ceramic Ink,reported,SRC-3D9E46333303,https://collections.penn.museum/collections/object/325247
IBI-178BA6C8C6EF,condition,condition,fragmentary,reported,SRC-3A8095B6D794,index entry BM071A
IBI-179214179AA4,client,client,Dād-Manda son of Iboi,reported,SRC-83A3DFDE7924,"p. 160, M24"
IBI-179214179AA4,condition,condition,Well preserved with some salting,reported,SRC-83A3DFDE7924,"p. 160, M24"
IBI-179214179AA4,current_or_reported_collection,location,Shlomo Moussaieff Collection,reported,SRC-83A3DFDE7924,"p. 160, M24"
IBI-179214179AA4,inscription_language,language,Mandaic,reported,SRC-83A3DFDE7924,"p. 160, M24"
IBI-179214179AA4,line_count,text_form,15,reported,SRC-83A3DFDE7924,"p. 160, M24"
IBI-179214179AA4,script,script,Mandaic,reported,SRC-83A3DFDE7924,"p. 160, M24"
IBI-17A84EB70872,current_location,location,"Institute for the Study of Ancient Cultures Museum, Chicago",reported,SRC-1F676D0669B6,"highlight 27, OIM A32675"
IBI-17A84EB70872,dating,dating,"Sasanian to Early Islamic, AD 500–800",reported,SRC-1F676D0669B6,"highlight 27, OIM A32675"
IBI-17A84EB70872,dimensions,dimensions,Height 7.5 cm; diameter 17.0 cm,reported,SRC-1F676D0669B6,"highlight 27, OIM A32675"
IBI-17A84EB70872,findspot,provenance,"Nippur, Iraq; surface find",reported,SRC-1F676D0669B6,"highlight 27, OIM A32675"
IBI-17A84EB70872,material,material,Baked clay and paint,reported,SRC-1F676D0669B6,"highlight 27, OIM A32675"
IBI-17A84EB70872,script,script,Pseudo-script,reported,SRC-1F676D0669B6,"highlight 27, OIM A32675"
IBI-17B3C6565520,catalogue_language_codes,language,heb,reported,SRC-F0BA9F31CC33,MMS 997008712404905171
IBI-17B3C6565520,current_location,location,"National Library of Israel, Jerusalem",reported,SRC-F0BA9F31CC33,MMS 997008712404905171
IBI-17B3C6565520,dating,dating,400–899 CE,reported,SRC-F0BA9F31CC33,MMS 997008712404905171
IBI-17B3C6565520,dimensions,dimensions,Height 75 mm; source field ‘הקף’ 182 mm,reported,SRC-F0BA9F31CC33,MMS 997008712404905171
IBI-17B5BAA1746B,inscription_language,language,Syriac,reported,SRC-6D313A7AA389,"p. 2, item 22"
IBI-17B5BAA1746B,script,script,Syriac ‘Manichaean’ script,reported,SRC-6D313A7AA389,"p. 2, item 22"
IBI-17BB2C48B051,current_location,location,"Ābgīne Museum, Tehran",reported,SRC-F09573688FD1,abstract; object 109–S
IBI-17BB2C48B051,dating,dating,6th–7th centuries CE,probable,SRC-F09573688FD1,abstract; object 109–S
IBI-17BB2C48B051,inscription_language,language,Mandaic,reported,SRC-F09573688FD1,abstract; object 109–S
IBI-17BB2C48B051,material,material,Earthenware,reported,SRC-F09573688FD1,abstract; object 109–S
IBI-17BB2C48B051,text_layout,text_form,Four segments,reported,SRC-F09573688FD1,abstract; object 109–S
IBI-17CAC92E4C51,inscription_language,language,Aramaic,reported,SRC-72D809FB4249,text 030A; section pp. 43–102
IBI-17E201FE4602,inscription_language,language,Aramaic,reported,SRC-72D809FB4249,text 071A; section pp. 43–102
IBI-18453A93A7E2,current_location,location,"Frau Professor Hilprecht Collection, Friedrich Schiller University Jena",reported,SRC-0E239F9740F6,dc00001091
IBI-18453A93A7E2,dating,dating,500–700 CE,reported,SRC-0E239F9740F6,dc00001091
IBI-18453A93A7E2,dimensions,dimensions,Height 6.4 cm; diameter 16.2 cm,reported,SRC-0E239F9740F6,dc00001091
IBI-18453A93A7E2,findspot,provenance,"Nippur, Iraq",reported,SRC-0E239F9740F6,dc00001091
IBI-185FCCE03C08,current_location,location,The British Museum,reported,SRC-3D4B57D27A24,Related objects: 1980-0415-15
IBI-185FCCE03C08,dating,dating,6thC-8thC,reported,SRC-3D4B57D27A24,Related objects: 1980-0415-15
IBI-185FCCE03C08,findspot,provenance,Excavated/Findspot: Tell Ibrahim (Kutha),reported,SRC-3D4B57D27A24,Related objects: 1980-0415-15
IBI-185FCCE03C08,period,dating,Late-Post Sasanian,reported,SRC-3D4B57D27A24,Related objects: 1980-0415-15
IBI-185FCCE03C08,production_place,provenance,"Made in: Iraq, South",reported,SRC-3D4B57D27A24,Related objects: 1980-0415-15
IBI-189465D21A81,current_location,location,The British Museum,reported,SRC-3D4B57D27A24,Related objects: 1908-1010-4
IBI-189465D21A81,dating,dating,6thC-8thC,reported,SRC-3D4B57D27A24,Related objects: 1908-1010-4
IBI-189465D21A81,period,dating,Late-Post Sasanian,reported,SRC-3D4B57D27A24,Related objects: 1908-1010-4
IBI-189465D21A81,production_place,provenance,Made in: Iraq,reported,SRC-3D4B57D27A24,Related objects: 1908-1010-4
IBI-18B688C301FD,current_location,location,Penn Museum,reported,SRC-FCDCB20DEAE2,https://collections.penn.museum/collections/object/158041
IBI-18B688C301FD,material,material,Ceramic Ink,reported,SRC-FCDCB20DEAE2,https://collections.penn.museum/collections/object/158041
IBI-18D560D6B24D,current_location,location,The British Museum,reported,SRC-3D4B57D27A24,Related objects: 1911-0408-46
IBI-18D560D6B24D,dating,dating,6thC-8thC,reported,SRC-3D4B57D27A24,Related objects: 1911-0408-46
IBI-18D560D6B24D,findspot,provenance,"Excavated/Findspot: Iraq, South",reported,SRC-3D4B57D27A24,Related objects: 1911-0408-46
IBI-18D560D6B24D,period,dating,Late-Post Sasanian,reported,SRC-3D4B57D27A24,Related objects: 1911-0408-46
IBI-18D560D6B24D,production_place,provenance,"Made in: Iraq, South",reported,SRC-3D4B57D27A24,Related objects: 1911-0408-46
IBI-193FF4627DC7,handwriting_attribution,practitioner,Dukhtīč daughter of Bahāroy,reported,SRC-A90AB34CA3FE,"p. 134, note 546"
IBI-193FF4627DC7,inscription_language,language,Jewish Babylonian Aramaic,reported,SRC-A90AB34CA3FE,"p. 134, note 546"
IBI-193FF4627DC7,publication_status,publication,Unpublished,reported,SRC-A90AB34CA3FE,"p. 134, note 546"
IBI-19E101F5D705,biblical_quotations,biblical_intertexts,"[""Deut. 6.4"", ""Ps. 91.1"", ""Zech. 3.2""]",reported,SRC-73C44B143A9D,"p. 154, distribution table, AMB 11"
IBI-19E101F5D705,inscription_language,language,Jewish Babylonian Aramaic,reported,SRC-73C44B143A9D,"p. 154, distribution table, AMB 11"
IBI-19F212ABD00E,current_location,location,Penn Museum,reported,SRC-835C4BCFF6B0,https://collections.penn.museum/collections/object/154161
IBI-19F212ABD00E,material,material,Ceramic; Ink,reported,SRC-835C4BCFF6B0,https://collections.penn.museum/collections/object/154161
IBI-1A098436B031,current_or_reported_collection,location,Penn Museum,reported,SRC-6D313A7AA389,"p. 1, item 6"
IBI-1A098436B031,inscription_language,language,Syriac,reported,SRC-6D313A7AA389,"p. 1, item 6"
IBI-1A098436B031,script,script,Syriac ‘Manichaean’ script,reported,SRC-6D313A7AA389,"p. 1, item 6"
IBI-1A2C37C1994B,biblical_quotations,biblical_intertexts,"[""Deut. 6.4-6"", ""Deut. 6.9"", ""Deut. 11.13-21""]",reported,SRC-73C44B143A9D,"p. 161, distribution table, VA 3853"
IBI-1A2C37C1994B,current_or_reported_collection,location,"Vorderasiatisches Museum, Berlin",reported,SRC-73C44B143A9D,"p. 161, distribution table, VA 3853"
IBI-1A2C37C1994B,inscription_language,language,Jewish Babylonian Aramaic,reported,SRC-73C44B143A9D,"p. 161, distribution table, VA 3853"
IBI-1A5EEE1F1990,current_location,location,Penn Museum,reported,SRC-8FCA6E546C05,https://collections.penn.museum/collections/object/50874
IBI-1A5EEE1F1990,material,material,Ceramic; Ink,reported,SRC-8FCA6E546C05,https://collections.penn.museum/collections/object/50874
IBI-1A838B4D55F0,current_location,location,Penn Museum,reported,SRC-55715D7F988A,https://collections.penn.museum/collections/object/165546
IBI-1A838B4D55F0,material,material,Ceramic; Ink,reported,SRC-55715D7F988A,https://collections.penn.museum/collections/object/165546
IBI-1AA57FC2F33B,current_location,location,Penn Museum,reported,SRC-CA028E12B1F7,https://collections.penn.museum/collections/object/90904
IBI-1AA57FC2F33B,material,material,Ceramic; Ink,reported,SRC-CA028E12B1F7,https://collections.penn.museum/collections/object/90904
IBI-1AAF876317AA,script,script,Pseudo-script,reported,SRC-72D809FB4249,text 131Ps; section pp. 150–162
IBI-1ABF133E056F,catalogue_language_codes,language,heb,reported,SRC-5759F37E8D3E,MMS 997008712548405171
IBI-1ABF133E056F,current_location,location,"National Library of Israel, Jerusalem",reported,SRC-5759F37E8D3E,MMS 997008712548405171
IBI-1ABF133E056F,dating,dating,400–899 CE,reported,SRC-5759F37E8D3E,MMS 997008712548405171
IBI-1ABF133E056F,dimensions,dimensions,Height 58 mm; source field ‘הקף’ 151 mm,reported,SRC-5759F37E8D3E,MMS 997008712548405171
IBI-1B3C1020F7B0,biblical_quotations,biblical_intertexts,"[""Num. 10.35""]",reported,SRC-73C44B143A9D,"p. 154, distribution table, AMB 03"
IBI-1B3C1020F7B0,inscription_language,language,Jewish Babylonian Aramaic,reported,SRC-73C44B143A9D,"p. 154, distribution table, AMB 03"
IBI-1B4164A69AEB,inscription_language,language,Mandaic,reported,SRC-72D809FB4249,text 087M; section pp. 103–146
IBI-1B7355F5BA43,biblical_quotations,biblical_intertexts,"[""Deut. 6.4""]",reported,SRC-73C44B143A9D,"p. 162, distribution table, Müller-Kessler 2013"
IBI-1B7355F5BA43,inscription_language,language,Jewish Babylonian Aramaic,reported,SRC-73C44B143A9D,"p. 162, distribution table, Müller-Kessler 2013"
IBI-1BCA06F4C6A3,catalogue_language_codes,language,heb,reported,SRC-078B374442E9,MMS 997008712399205171
IBI-1BCA06F4C6A3,current_location,location,"National Library of Israel, Jerusalem",reported,SRC-078B374442E9,MMS 997008712399205171
IBI-1BCA06F4C6A3,dating,dating,400–899 CE,reported,SRC-078B374442E9,MMS 997008712399205171
IBI-1BCA06F4C6A3,dimensions,dimensions,Height 72 mm; source field ‘הקף’ 179 mm,reported,SRC-078B374442E9,MMS 997008712399205171
IBI-1C15BCD14440,current_location,location,Penn Museum,reported,SRC-0FC1E1F46934,https://collections.penn.museum/collections/object/279284
IBI-1C15BCD14440,material,material,Ceramic; Ink,reported,SRC-0FC1E1F46934,https://collections.penn.museum/collections/object/279284
IBI-1C2970E1B571,current_location,location,The British Museum,reported,SRC-3D4B57D27A24,Related objects: 1911-0408-48
IBI-1C2970E1B571,dating,dating,6thC-8thC,reported,SRC-3D4B57D27A24,Related objects: 1911-0408-48
IBI-1C2970E1B571,findspot,provenance,"Found/Acquired: Iraq, South",reported,SRC-3D4B57D27A24,Related objects: 1911-0408-48
IBI-1C2970E1B571,period,dating,Late-Post Sasanian,reported,SRC-3D4B57D27A24,Related objects: 1911-0408-48
IBI-1C2970E1B571,production_place,provenance,"Made in: Iraq, South",reported,SRC-3D4B57D27A24,Related objects: 1911-0408-48
IBI-1C2EB1600C9F,current_location,location,The British Museum,reported,SRC-3D4B57D27A24,Related objects: 1980-0303-5
IBI-1C2EB1600C9F,dating,dating,6thC-8thC,reported,SRC-3D4B57D27A24,Related objects: 1980-0303-5
IBI-1C2EB1600C9F,findspot,provenance,Found/Acquired: Iraq,reported,SRC-3D4B57D27A24,Related objects: 1980-0303-5
IBI-1C2EB1600C9F,period,dating,Late Sasanian,reported,SRC-3D4B57D27A24,Related objects: 1980-0303-5
IBI-1C2EB1600C9F,production_place,provenance,"Made in: Iraq, South",reported,SRC-3D4B57D27A24,Related objects: 1980-0303-5
IBI-1C5D8BAE830D,current_location,location,Penn Museum,reported,SRC-B1119BB416BF,https://collections.penn.museum/collections/object/74183
IBI-1C5D8BAE830D,material,material,Ceramic; Ink,reported,SRC-B1119BB416BF,https://collections.penn.museum/collections/object/74183
IBI-1D5DB3452BB5,current_location,location,The British Museum,reported,SRC-3D4B57D27A24,Related objects: 1881-0714-10
IBI-1D5DB3452BB5,dating,dating,6thC-8thC,reported,SRC-3D4B57D27A24,Related objects: 1881-0714-10
IBI-1D5DB3452BB5,findspot,provenance,Excavated/Findspot: Tell Ibrahim (Kutha),reported,SRC-3D4B57D27A24,Related objects: 1881-0714-10
IBI-1D5DB3452BB5,period,dating,Late-Post Sasanian,reported,SRC-3D4B57D27A24,Related objects: 1881-0714-10
IBI-1D5DB3452BB5,production_place,provenance,"Made in: Iraq, South",reported,SRC-3D4B57D27A24,Related objects: 1881-0714-10
IBI-1D6632625C45,condition,condition,fragmentary,reported,SRC-3A8095B6D794,index entry BM067A
IBI-1D6F5E86F410,bibliography,publication,"Ford 2014 commentary on Shaked–Ford–Bhayro 2013, JBA 44",reported,SRC-FORD2014-AUOR,"Commentary on JBA 44, Ford 2014 pp. 241–242"
IBI-1D6F5E86F410,text_feature,text_description,Ford reports: Variant table and discussion of damaged wording.,reported,SRC-FORD2014-AUOR,pp. 241–242; JBA 44:10
IBI-1D8AC86E0520,current_location,location,The British Museum,reported,SRC-3D4B57D27A24,Related objects: 1980-0415-23
IBI-1D8AC86E0520,dating,dating,6thC-8thC,reported,SRC-3D4B57D27A24,Related objects: 1980-0415-23
IBI-1D8AC86E0520,period,dating,Late-Post Sasanian,reported,SRC-3D4B57D27A24,Related objects: 1980-0415-23
IBI-1D8AC86E0520,production_place,provenance,Made in: Iraq,reported,SRC-3D4B57D27A24,Related objects: 1980-0415-23
IBI-1DBFD17467EE,inscription_language,language,Mandaic,reported,SRC-72D809FB4249,text 093M; section pp. 103–146
IBI-1DEFEF3EB62A,current_location,location,Penn Museum,reported,SRC-1A036C59913F,https://collections.penn.museum/collections/object/88988
IBI-1DEFEF3EB62A,material,material,Ceramic; Ink,reported,SRC-1A036C59913F,https://collections.penn.museum/collections/object/88988
IBI-1E5A77A38A23,dating,dating,6th–8th century CE,reported,SRC-A02DBA0BC928,"sale 6402, lot 114"
IBI-1E5A77A38A23,dimensions,dimensions,Diameter 28.2 cm,reported,SRC-A02DBA0BC928,"sale 6402, lot 114"
IBI-1E5A77A38A23,inscription_language,language,Aramaic,reported,SRC-A02DBA0BC928,"sale 6402, lot 114"
IBI-1E5A77A38A23,material,material,Terracotta,reported,SRC-A02DBA0BC928,"sale 6402, lot 114"
IBI-1E618ED8E0A9,current_location,location,Penn Museum,reported,SRC-533244D3E589,https://collections.penn.museum/collections/object/310933
IBI-1E618ED8E0A9,material,material,Ceramic; Ink,reported,SRC-533244D3E589,https://collections.penn.museum/collections/object/310933
IBI-1E6CB815A56E,current_location,location,The British Museum,reported,SRC-3D4B57D27A24,Related objects: 1974-1209-3
IBI-1E6CB815A56E,dating,dating,6thC-8thC,reported,SRC-3D4B57D27A24,Related objects: 1974-1209-3
IBI-1E6CB815A56E,findspot,provenance,Found/Acquired: Iran,reported,SRC-3D4B57D27A24,Related objects: 1974-1209-3
IBI-1E6CB815A56E,period,dating,Late-Post Sasanian,reported,SRC-3D4B57D27A24,Related objects: 1974-1209-3
IBI-1E6CB815A56E,production_place,provenance,"Made in: Iraq, South",reported,SRC-3D4B57D27A24,Related objects: 1974-1209-3
IBI-1E8BC06AF3C4,handwriting_attribution,practitioner,Dukhtīč daughter of Bahāroy,reported,SRC-A90AB34CA3FE,"p. 134, note 546"
IBI-1E8BC06AF3C4,inscription_language,language,Jewish Babylonian Aramaic,reported,SRC-A90AB34CA3FE,"p. 134, note 546"
IBI-1E8BC06AF3C4,publication_status,publication,Unpublished,reported,SRC-A90AB34CA3FE,"p. 134, note 546"
IBI-1E9210B570BC,condition,condition,fragmentary,reported,SRC-3A8095B6D794,index entry MS2053/184
IBI-1EBF3D398990,dating,dating,5th–6th century CE,reported,SRC-F20148C5DA92,"lot 273, fragment 1 of 5"
IBI-1EBF3D398990,inscription_language,language,Aramaic or Aramaic-like patterns,reported,SRC-F20148C5DA92,"lot 273, fragment 1 of 5"
IBI-1EBF3D398990,material,material,Pottery,reported,SRC-F20148C5DA92,"lot 273, fragment 1 of 5"
IBI-1F104D5164E8,current_location,location,The British Museum,reported,SRC-3D4B57D27A24,Related objects: 1851-1009-95
IBI-1F104D5164E8,dating,dating,6thC-8thC,reported,SRC-3D4B57D27A24,Related objects: 1851-1009-95
IBI-1F104D5164E8,findspot,provenance,Found/Acquired: Babylon (historic - Iraq),reported,SRC-3D4B57D27A24,Related objects: 1851-1009-95
IBI-1F104D5164E8,period,dating,Late-Post Sasanian,reported,SRC-3D4B57D27A24,Related objects: 1851-1009-95
IBI-1F104D5164E8,production_place,provenance,Made in: Iraq,reported,SRC-3D4B57D27A24,Related objects: 1851-1009-95
IBI-1F55D319D973,condition,condition,Good condition; thermoluminescence test reportedly attached,reported,SRC-8BF11D5C2CDD,"6 March 2024, lot 84; Invaluable 31b41a7a0c"
IBI-1F55D319D973,dating,dating,5th–8th century CE,reported,SRC-8BF11D5C2CDD,"6 March 2024, lot 84; Invaluable 31b41a7a0c"
IBI-1F55D319D973,dimensions,dimensions,13 cm diameter,reported,SRC-8BF11D5C2CDD,"6 March 2024, lot 84; Invaluable 31b41a7a0c"
IBI-1F55D319D973,material,material,Terracotta,reported,SRC-8BF11D5C2CDD,"6 March 2024, lot 84; Invaluable 31b41a7a0c"
IBI-1F55D319D973,provenance,provenance,"J. Bagot Gallery, Barcelona, 2015",reported,SRC-8BF11D5C2CDD,"6 March 2024, lot 84; Invaluable 31b41a7a0c"
IBI-2037A36226CB,inscription_language,language,Aramaic,reported,SRC-72D809FB4249,text 016A; section pp. 43–102
IBI-20892526C235,catalogue_language_codes,language,heb,reported,SRC-18F27823F3AD,MMS 997008712546605171
IBI-20892526C235,current_location,location,"National Library of Israel, Jerusalem",reported,SRC-18F27823F3AD,MMS 997008712546605171
IBI-20892526C235,dating,dating,400–899 CE,reported,SRC-18F27823F3AD,MMS 997008712546605171
IBI-208EC97C9987,current_or_reported_collection,location,Shlomo Moussaieff Collection,reported,SRC-83A3DFDE7924,"p. 160, M25"
IBI-208EC97C9987,inscription_language,language,Mandaic,reported,SRC-83A3DFDE7924,"p. 160, M25"
IBI-208EC97C9987,script,script,Mandaic,reported,SRC-83A3DFDE7924,"p. 160, M25"
IBI-20A53178A58B,dating,dating,ca. 600–800 CE,reported,SRC-2227D5AC463A,"LiveAuctioneers item 232753117, lot 1203"
IBI-20A53178A58B,dimensions,dimensions,250 × 115 mm; weight 1.18 kg,reported,SRC-2227D5AC463A,"LiveAuctioneers item 232753117, lot 1203"
IBI-20A53178A58B,material,material,Pottery,reported,SRC-2227D5AC463A,"LiveAuctioneers item 232753117, lot 1203"
IBI-20A53178A58B,script_or_language,language,Aramaic (auction attribution),reported,SRC-2227D5AC463A,"LiveAuctioneers item 232753117, lot 1203"
IBI-214D07893EE2,biblical_quotations,biblical_intertexts,"[""Exod. 14.31"", ""Deut. 6.4"", ""Ps. 91.1""]",reported,SRC-73C44B143A9D,"p. 161, distribution table, JNF 124"
IBI-214D07893EE2,inscription_language,language,Jewish Babylonian Aramaic,reported,SRC-73C44B143A9D,"p. 161, distribution table, JNF 124"
IBI-218DE1BE8204,catalogue_language_codes,language,heb,reported,SRC-6E12BA576C0D,MMS 997008712403505171
IBI-218DE1BE8204,current_location,location,"National Library of Israel, Jerusalem",reported,SRC-6E12BA576C0D,MMS 997008712403505171
IBI-218DE1BE8204,dating,dating,400–899 CE,reported,SRC-6E12BA576C0D,MMS 997008712403505171
IBI-218DE1BE8204,dimensions,dimensions,Height 75 mm; source field ‘הקף’ 167 mm,reported,SRC-6E12BA576C0D,MMS 997008712403505171
IBI-21905513ABB4,catalogue_language_codes,language,heb,reported,SRC-BAD4DDB58937,MMS 997008712396205171
IBI-21905513ABB4,current_location,location,"National Library of Israel, Jerusalem",reported,SRC-BAD4DDB58937,MMS 997008712396205171
IBI-21905513ABB4,dating,dating,400–899 CE,reported,SRC-BAD4DDB58937,MMS 997008712396205171
IBI-21905513ABB4,dimensions,dimensions,Height 248 mm; source field ‘הקף’ 418 mm,reported,SRC-BAD4DDB58937,MMS 997008712396205171
IBI-21A82C18C677,current_location,location,The British Museum,reported,SRC-3D4B57D27A24,Related objects: 1880-1012-29
IBI-21A82C18C677,dating,dating,6thC-8thC,reported,SRC-3D4B57D27A24,Related objects: 1880-1012-29
IBI-21A82C18C677,findspot,provenance,Excavated/Findspot: Babylon (historic - Iraq),reported,SRC-3D4B57D27A24,Related objects: 1880-1012-29
IBI-21A82C18C677,period,dating,Late-Post Sasanian,reported,SRC-3D4B57D27A24,Related objects: 1880-1012-29
IBI-21A82C18C677,production_place,provenance,Made in: Iraq,reported,SRC-3D4B57D27A24,Related objects: 1880-1012-29
IBI-21AC145272C3,condition,condition,fragmentary,reported,SRC-3A8095B6D794,index entry BM055A
IBI-21B455AEA105,current_location,location,Penn Museum,reported,SRC-C3CCB4D63BF3,https://collections.penn.museum/collections/object/273067
IBI-21B455AEA105,material,material,Ceramic Ink,reported,SRC-C3CCB4D63BF3,https://collections.penn.museum/collections/object/273067
IBI-21B5ECDA71C3,attributed_author,practitioner,Giyonay daughter of Lalay,reported,SRC-A90AB34CA3FE,"p. 102, table 6, NFP 4 and note 411"
IBI-21B5ECDA71C3,bibliography,publication,"Ford 2014 commentary on Shaked–Ford–Bhayro 2013, JBA 56",reported,SRC-FORD2014-AUOR,"Commentary on JBA 56, Ford 2014 pp. 244–246"
IBI-21B5ECDA71C3,current_or_reported_collection,location,Schøyen Collection,reported,SRC-A90AB34CA3FE,"p. 102, table 6, NFP 4 and note 411"
IBI-21B5ECDA71C3,formula_genre,ritual,Divorce document,reported,SRC-A90AB34CA3FE,"p. 102, table 6, NFP 4 and note 411"
IBI-21B5ECDA71C3,inscription_language,language,Jewish Babylonian Aramaic,reported,SRC-A90AB34CA3FE,"p. 102, table 6, NFP 4 and note 411"
IBI-21B5ECDA71C3,text_feature,text_description,Ford reports: Existing spelling defended with parallels.,reported,SRC-FORD2014-AUOR,pp. 244–246; JBA 56:9
IBI-21BB929F927B,current_location,location,The British Museum,reported,SRC-3D4B57D27A24,Related objects: 1914-0404-3255
IBI-21BB929F927B,dating,dating,6thC-7thC,reported,SRC-3D4B57D27A24,Related objects: 1914-0404-3255
IBI-21BB929F927B,period,dating,Late Sasanian,reported,SRC-3D4B57D27A24,Related objects: 1914-0404-3255
IBI-21BB929F927B,production_place,provenance,Made in: Iraq,reported,SRC-3D4B57D27A24,Related objects: 1914-0404-3255
IBI-21CC875A95F0,catalogue_language_codes,language,heb,reported,SRC-89C84FE4EDDF,MMS 997008817589805171
IBI-21CC875A95F0,current_location,location,"National Library of Israel, Jerusalem",reported,SRC-89C84FE4EDDF,MMS 997008817589805171
IBI-21CC875A95F0,dating,dating,400–899 CE,reported,SRC-89C84FE4EDDF,MMS 997008817589805171
IBI-21CC875A95F0,dimensions,dimensions,Height 221 mm; source field ‘הקף’ 443 mm,reported,SRC-89C84FE4EDDF,MMS 997008817589805171
IBI-21F04F566A66,client,client,"ḤWRMYZDWK, daughter of M’RWY",reported,SRC-899462FAA735,"p. 138, table 8.1: 18N20"
IBI-21F04F566A66,dating,dating,Sasanian–Early Islamic context,reported,SRC-899462FAA735,"p. 138, table 8.1: 18N20"
IBI-21F04F566A66,findspot,provenance,"Nippur, Area WG, locus 14, above floor 2",reported,SRC-899462FAA735,"p. 138, table 8.1: 18N20"
IBI-21F04F566A66,inscription_language,language,Aramaic,reported,SRC-899462FAA735,"p. 138, table 8.1: 18N20"
IBI-21F8CFF83258,current_location,location,Penn Museum,reported,SRC-E524EB8DFD7A,https://collections.penn.museum/collections/object/205834
IBI-21F8CFF83258,material,material,Ceramic Ink Bitumen,reported,SRC-E524EB8DFD7A,https://collections.penn.museum/collections/object/205834
IBI-220BCFC0023F,biblical_quotation,biblical_intertexts,Zechariah 3:2,reported,SRC-C54888E36130,MS 2053/196 context: MS 2053/218
IBI-220BCFC0023F,current_location,location,The Schøyen Collection,reported,SRC-C54888E36130,MS 2053/196 context: MS 2053/218
IBI-220D24A5C807,biblical_quotations,biblical_intertexts,"[""Ps. 116.6""]",reported,SRC-73C44B143A9D,"p. 157, distribution table, JBA 56"
IBI-220D24A5C807,current_or_reported_collection,location,The Schøyen Collection,reported,SRC-73C44B143A9D,"p. 157, distribution table, JBA 56"
IBI-220D24A5C807,inscription_language,language,Jewish Babylonian Aramaic,reported,SRC-73C44B143A9D,"p. 157, distribution table, JBA 56"
IBI-2240A84876B0,biblical_quotations,biblical_intertexts,"[""Exod. 15.3"", ""Ps. 24.8"", ""Ps. 104.20"", ""Ps. 10.16"", ""Ps. 93.1"", ""Exod. 15.18""]",reported,SRC-73C44B143A9D,"p. 157, distribution table, JBA 10"
IBI-2240A84876B0,current_or_reported_collection,location,The Schøyen Collection,reported,SRC-73C44B143A9D,"p. 157, distribution table, JBA 10"
IBI-2240A84876B0,inscription_language,language,Jewish Babylonian Aramaic,reported,SRC-73C44B143A9D,"p. 157, distribution table, JBA 10"
IBI-2302CEAE11AF,current_location,location,Penn Museum,reported,SRC-133F4B594C21,https://collections.penn.museum/collections/object/316216
IBI-2302CEAE11AF,material,material,Ceramic; Ink,reported,SRC-133F4B594C21,https://collections.penn.museum/collections/object/316216
IBI-232209BCB4D0,catalogue_language_codes,language,heb,reported,SRC-F611FA1D3950,MMS 997008712407205171
IBI-232209BCB4D0,current_location,location,"National Library of Israel, Jerusalem",reported,SRC-F611FA1D3950,MMS 997008712407205171
IBI-232209BCB4D0,dating,dating,400–899 CE,reported,SRC-F611FA1D3950,MMS 997008712407205171
IBI-232209BCB4D0,dimensions,dimensions,Height 65 mm; source field ‘הקף’ 155 mm,reported,SRC-F611FA1D3950,MMS 997008712407205171
IBI-232C781BAEC5,current_location,location,Penn Museum,reported,SRC-C34EA7722F42,https://collections.penn.museum/collections/object/225261
IBI-232C781BAEC5,material,material,Ceramic,reported,SRC-C34EA7722F42,https://collections.penn.museum/collections/object/225261
IBI-2330422E45D9,condition,condition,Mended; described as otherwise in very good condition,reported,SRC-B6CEC7A8F00B,"Auction 69, Bidspirit record 87924"
IBI-2330422E45D9,dating,dating,6th–7th century CE,reported,SRC-B6CEC7A8F00B,"Auction 69, Bidspirit record 87924"
IBI-2330422E45D9,dimensions,dimensions,Diameter 17.6 cm,reported,SRC-B6CEC7A8F00B,"Auction 69, Bidspirit record 87924"
IBI-2330422E45D9,inscription_language,language,Jewish Babylonian Aramaic,reported,SRC-B6CEC7A8F00B,"Auction 69, Bidspirit record 87924"
IBI-2330422E45D9,material,material,Terracotta,reported,SRC-B6CEC7A8F00B,"Auction 69, Bidspirit record 87924"
IBI-23A7F361C52B,catalogue_language_codes,language,heb,reported,SRC-47CDBADB1876,MMS 997008712398205171
IBI-23A7F361C52B,current_location,location,"National Library of Israel, Jerusalem",reported,SRC-47CDBADB1876,MMS 997008712398205171
IBI-23A7F361C52B,dating,dating,400–899 CE,reported,SRC-47CDBADB1876,MMS 997008712398205171
IBI-23A7F361C52B,dimensions,dimensions,Height 70 mm; source field ‘הקף’ 150 mm,reported,SRC-47CDBADB1876,MMS 997008712398205171
IBI-23A83B02203D,biblical_quotation,biblical_intertexts,Zechariah 3:2,reported,SRC-C54888E36130,MS 2053/196 context: MS 2053/168
IBI-23A83B02203D,current_location,location,The Schøyen Collection,reported,SRC-C54888E36130,MS 2053/196 context: MS 2053/168
IBI-23F08045C39F,current_location,location,The British Museum,reported,SRC-3D4B57D27A24,Related objects: 1980-0415-9
IBI-23F08045C39F,dating,dating,6thC-8thC,reported,SRC-3D4B57D27A24,Related objects: 1980-0415-9
IBI-23F08045C39F,findspot,provenance,Found/Acquired: Mesopotamia (historic),reported,SRC-3D4B57D27A24,Related objects: 1980-0415-9
IBI-23F08045C39F,period,dating,Late-Post Sasanian,reported,SRC-3D4B57D27A24,Related objects: 1980-0415-9
IBI-23F08045C39F,production_place,provenance,Made in: Iraq,reported,SRC-3D4B57D27A24,Related objects: 1980-0415-9
IBI-2422A6BE70E3,current_or_reported_collection,location,Penn Museum,reported,SRC-6D313A7AA389,"p. 1, item 5"
IBI-2422A6BE70E3,inscription_language,language,Syriac,reported,SRC-6D313A7AA389,"p. 1, item 5"
IBI-2422A6BE70E3,script,script,Syriac ‘Manichaean’ script,reported,SRC-6D313A7AA389,"p. 1, item 5"
IBI-24554F13A378,inscription_language,language,Aramaic,reported,SRC-72D809FB4249,text 034A; section pp. 43–102
IBI-249B4166F00F,inscription_language,language,Syriac,reported,SRC-6D313A7AA389,"p. 2, item 40"
IBI-249B4166F00F,script,script,Syriac ‘Manichaean’ script,reported,SRC-6D313A7AA389,"p. 2, item 40"
IBI-24A6C8270E2E,current_location,location,Penn Museum,reported,SRC-A9423816AA4B,https://collections.penn.museum/collections/object/158633
IBI-24A6C8270E2E,material,material,Ceramic; Ink,reported,SRC-A9423816AA4B,https://collections.penn.museum/collections/object/158633
IBI-24A9556799DE,current_location,location,Penn Museum,reported,SRC-8E067C28E5A9,https://collections.penn.museum/collections/object/156153
IBI-24A9556799DE,material,material,Ceramic; Ink; Bitumen,reported,SRC-8E067C28E5A9,https://collections.penn.museum/collections/object/156153
IBI-2548E38191DB,current_location,location,Penn Museum,reported,SRC-D954931E2792,https://collections.penn.museum/collections/object/254164
IBI-2548E38191DB,material,material,Ceramic; Ink,reported,SRC-D954931E2792,https://collections.penn.museum/collections/object/254164
IBI-25B551BD0779,client,client,Danyesh son of MHLPTA and household,reported,SRC-C628D3B5E8F9,18N19 / Iraq Museum 114981
IBI-25B551BD0779,condition,condition,Approximately one-third of text missing from excavation damage,reported,SRC-C628D3B5E8F9,18N19 / Iraq Museum 114981
IBI-25B551BD0779,current_location,location,Iraq Museum,reported,SRC-C628D3B5E8F9,18N19 / Iraq Museum 114981
IBI-25B551BD0779,dating,dating,Sasanian–early Islamic; possibly as late as 8th century CE,reported,SRC-C628D3B5E8F9,18N19 / Iraq Museum 114981
IBI-25B551BD0779,dimensions,dimensions,17.0 × 6.9 cm,reported,SRC-C628D3B5E8F9,18N19 / Iraq Museum 114981
IBI-25B551BD0779,findspot,provenance,"Nippur Area WG, large-house courtyard, Level III",reported,SRC-C628D3B5E8F9,18N19 / Iraq Museum 114981
IBI-25B551BD0779,inscription_extent,text_form,44 lines in quadrant arrangement,reported,SRC-C628D3B5E8F9,18N19 / Iraq Museum 114981
IBI-25B551BD0779,inscription_language,language,Mandaic,reported,SRC-C628D3B5E8F9,18N19 / Iraq Museum 114981
IBI-25B551BD0779,material,material,"Pale-brown micaceous fabric with dense black grit and white grit; wheel-thrown, hand-finished base",reported,SRC-C628D3B5E8F9,18N19 / Iraq Museum 114981
IBI-25BCE95A8261,current_location,location,Penn Museum,reported,SRC-677DE1B86161,https://collections.penn.museum/collections/object/260717
IBI-25BCE95A8261,material,material,Ceramic; Ink,reported,SRC-677DE1B86161,https://collections.penn.museum/collections/object/260717
IBI-2607A944A606,inscription_language,language,Mandaic,reported,SRC-72D809FB4249,text 099M; section pp. 103–146
IBI-260D4E5E5F7D,dimensions,dimensions,16.32 cm,reported,SRC-EA3884EEFFFA,DOI 10.25549/inscriptifact-ouc15260313
IBI-260D4E5E5F7D,material,material,Clay,reported,SRC-EA3884EEFFFA,DOI 10.25549/inscriptifact-ouc15260313
IBI-260D4E5E5F7D,provenance_summary,provenance,Unprovenanced,reported,SRC-EA3884EEFFFA,DOI 10.25549/inscriptifact-ouc15260313
IBI-260D4E5E5F7D,script_or_language,language,Syriac,reported,SRC-EA3884EEFFFA,DOI 10.25549/inscriptifact-ouc15260313
IBI-2615F285A3AD,current_location,location,The British Museum,reported,SRC-3D4B57D27A24,Related objects: 1851-0903-1
IBI-2615F285A3AD,dating,dating,6thC-8thC,reported,SRC-3D4B57D27A24,Related objects: 1851-0903-1
IBI-2615F285A3AD,findspot,provenance,Excavated/Findspot: Nimrud,reported,SRC-3D4B57D27A24,Related objects: 1851-0903-1
IBI-2615F285A3AD,period,dating,Late-Post Sasanian,reported,SRC-3D4B57D27A24,Related objects: 1851-0903-1
IBI-2615F285A3AD,production_place,provenance,Made in: Iraq,reported,SRC-3D4B57D27A24,Related objects: 1851-0903-1
IBI-2686C627CD27,dimensions,dimensions,16 cm,reported,SRC-4BA31465A407,DOI 10.25549/inscriptifact-ouc15260312
IBI-2686C627CD27,material,material,Clay,reported,SRC-4BA31465A407,DOI 10.25549/inscriptifact-ouc15260312
IBI-2686C627CD27,provenance_summary,provenance,Unprovenanced,reported,SRC-4BA31465A407,DOI 10.25549/inscriptifact-ouc15260312
IBI-2686C627CD27,script_or_language,language,Jewish Aramaic,reported,SRC-4BA31465A407,DOI 10.25549/inscriptifact-ouc15260312
IBI-26A16977EC0F,condition,condition,Repaired with a large rim chip and surface encrustations,reported,SRC-CEF9579585E3,"8 August 2022, lot 60577753"
IBI-26A16977EC0F,dimensions,dimensions,16.3 cm width × 6.5 cm height,reported,SRC-CEF9579585E3,"8 August 2022, lot 60577753"
IBI-26A16977EC0F,material,material,Terracotta,reported,SRC-CEF9579585E3,"8 August 2022, lot 60577753"
IBI-26A16977EC0F,provenance,provenance,Family of a deceased collector; collected before 1988; by descent in London/Geneva,reported,SRC-CEF9579585E3,"8 August 2022, lot 60577753"
IBI-26A16977EC0F,script,script,Pseudo-Mandaic,reported,SRC-CEF9579585E3,"8 August 2022, lot 60577753"
IBI-26BDEA55EA1E,condition,condition,"Broken and mended; two fragments missing, including a small one in the text.",reported,SRC-943673B56FB8,"Catalogue, text 21, printed p. 324; PDF p. 330; description column"
IBI-26BDEA55EA1E,current_or_reported_collection,location,Penn Museum,reported,SRC-943673B56FB8,"p. 324, item 21"
IBI-26BDEA55EA1E,dimensions,dimensions,height 6.5 cm; diameter 17 cm,reported,SRC-943673B56FB8,"Catalogue, text 21, printed p. 324; PDF p. 330; size column (height by diameter)"
IBI-26BDEA55EA1E,dimensions,dimensions,height 6.5 cm; diameter 17 cm,reported,SRC-943673B56FB8,"p. 324, item 21"
IBI-26BDEA55EA1E,findspot,provenance,Nippur,reported,SRC-943673B56FB8,"p. 324, item 21"
IBI-26BDEA55EA1E,inscription_language,language,Jewish Babylonian Aramaic,reported,SRC-943673B56FB8,"p. 324, item 21"
IBI-26BDEA55EA1E,publication_register_identifier,publication,CBS 16054,reported,SRC-943673B56FB8,"Catalogue, text 21, printed p. 324; PDF p. 330; catalogue number column"
IBI-26BDEA55EA1E,translation_availability,publication,No separate English translation supplied in Montgomery 1913. One of three parallel texts printed together; the English block is explicitly headed Translation of No. 22. No separate translation of no. 21 is supplied.,certain,SRC-943673B56FB8,"text 21, printed p. 203; PDF p. 209"
IBI-272A802952A9,catalogue_language_codes,language,heb,reported,SRC-9D5AF084582B,MMS 997008712408805171
IBI-272A802952A9,current_location,location,"National Library of Israel, Jerusalem",reported,SRC-9D5AF084582B,MMS 997008712408805171
IBI-272A802952A9,dating,dating,400–899 CE,reported,SRC-9D5AF084582B,MMS 997008712408805171
IBI-272A802952A9,dimensions,dimensions,Height 66 mm; source field ‘הקף’ 151 mm,reported,SRC-9D5AF084582B,MMS 997008712408805171
IBI-274C504D8B36,current_location,location,Penn Museum,reported,SRC-BE76DD94C1E9,https://collections.penn.museum/collections/object/333539
IBI-274C504D8B36,material,material,Ceramic; Ink,reported,SRC-BE76DD94C1E9,https://collections.penn.museum/collections/object/333539
IBI-277022EB0397,current_location,location,Penn Museum,reported,SRC-9EBC277854FA,https://collections.penn.museum/collections/object/225918
IBI-277022EB0397,material,material,Ceramic; Ink,reported,SRC-9EBC277854FA,https://collections.penn.museum/collections/object/225918
IBI-278C08BF8836,culture,dating,Sasanian,reported,SRC-1266ACD6AF22,https://www.metmuseum.org/art/collection/search/322405
IBI-278C08BF8836,current_location,location,"Metropolitan Museum of Art, New York, NY",reported,SRC-1266ACD6AF22,https://www.metmuseum.org/art/collection/search/322405
IBI-278C08BF8836,dating,dating,ca. 5th–6th century CE,reported,SRC-1266ACD6AF22,https://www.metmuseum.org/art/collection/search/322405
IBI-278C08BF8836,dimensions,dimensions,2 15/16 × 7 9/16 × 7 9/16 in. (7.5 × 19.2 × 19.2 cm),reported,SRC-1266ACD6AF22,https://www.metmuseum.org/art/collection/search/322405
IBI-278C08BF8836,geography,provenance,Mesopotamia,reported,SRC-1266ACD6AF22,https://www.metmuseum.org/art/collection/search/322405
IBI-278C08BF8836,inscription_language,language,Aramaic,reported,SRC-1266ACD6AF22,https://www.metmuseum.org/art/collection/search/322405
IBI-278C08BF8836,material,material,Ceramic,reported,SRC-1266ACD6AF22,https://www.metmuseum.org/art/collection/search/322405
IBI-278C08BF8836,period,dating,Sasanian,reported,SRC-1266ACD6AF22,https://www.metmuseum.org/art/collection/search/322405
IBI-278C08BF8836,provenance_summary,provenance,"Rogers Fund, 1932",reported,SRC-1266ACD6AF22,https://www.metmuseum.org/art/collection/search/322405
IBI-278D34D3829E,catalogue_language_codes,language,heb,reported,SRC-3217B5EE5A08,MMS 997008712395105171
IBI-278D34D3829E,current_location,location,"National Library of Israel, Jerusalem",reported,SRC-3217B5EE5A08,MMS 997008712395105171
IBI-278D34D3829E,dating,dating,400–899 CE,reported,SRC-3217B5EE5A08,MMS 997008712395105171
IBI-278D34D3829E,dimensions,dimensions,Height 53 mm; source field ‘הקף’ 175 mm,reported,SRC-3217B5EE5A08,MMS 997008712395105171
IBI-27C6D6615AA5,inscription_language,language,Aramaic,reported,SRC-72D809FB4249,text 045A; section pp. 43–102
IBI-27E625F08E90,inscription_language,language,Aramaic,reported,SRC-72D809FB4249,text 026A; section pp. 43–102
IBI-27E9F3EE0B7E,biblical_quotation,biblical_intertexts,Zechariah 3:2,reported,SRC-C54888E36130,MS 2053/196 context: MS 2053/24
IBI-27E9F3EE0B7E,current_location,location,The Schøyen Collection,reported,SRC-C54888E36130,MS 2053/196 context: MS 2053/24
IBI-283FD9063B32,condition,condition,fragmentary,reported,SRC-3A8095B6D794,index entry Ellis4
IBI-284FC36562FD,current_location,location,Penn Museum,reported,SRC-EBF76D62E26E,https://collections.penn.museum/collections/object/330994
IBI-284FC36562FD,material,material,Ceramic; Ink,reported,SRC-EBF76D62E26E,https://collections.penn.museum/collections/object/330994
IBI-288831B6B43D,current_location,location,The British Museum,reported,SRC-3D4B57D27A24,Related objects: 1914-0404-3252
IBI-288831B6B43D,dating,dating,6thC-8thC,reported,SRC-3D4B57D27A24,Related objects: 1914-0404-3252
IBI-288831B6B43D,period,dating,Late-Post Sasanian,reported,SRC-3D4B57D27A24,Related objects: 1914-0404-3252
IBI-288831B6B43D,production_place,provenance,Made in: Iraq,reported,SRC-3D4B57D27A24,Related objects: 1914-0404-3252
IBI-28AFCD028373,condition,condition,Broken and mended; a 6 by 12 cm segment missing.,reported,SRC-943673B56FB8,"Catalogue, text 3, printed p. 321; PDF p. 327; description column"
IBI-28AFCD028373,current_or_reported_collection,location,Penn Museum,reported,SRC-943673B56FB8,"p. 321, item 3"
IBI-28AFCD028373,dimensions,dimensions,height 10.3 cm; diameter 20.5 cm,reported,SRC-943673B56FB8,"Catalogue, text 3, printed p. 321; PDF p. 327; size column (height by diameter)"
IBI-28AFCD028373,dimensions,dimensions,height 10.3 cm; diameter 20.5 cm,reported,SRC-943673B56FB8,"p. 321, item 3"
IBI-28AFCD028373,findspot,provenance,Nippur,reported,SRC-943673B56FB8,"p. 321, item 3"
IBI-28AFCD028373,inscription_language,language,Jewish Babylonian Aramaic,reported,SRC-943673B56FB8,"p. 321, item 3"
IBI-28AFCD028373,publication_register_identifier,publication,CBS 2963,reported,SRC-943673B56FB8,"Catalogue, text 3, printed p. 321; PDF p. 327; catalogue number column"
IBI-28C98DC174AB,current_location,location,Penn Museum,reported,SRC-0BFD41B92D25,https://collections.penn.museum/collections/object/193276
IBI-28C98DC174AB,material,material,Ceramic; Ink,reported,SRC-0BFD41B92D25,https://collections.penn.museum/collections/object/193276
IBI-28CCB551F9CE,current_location,location,Penn Museum,reported,SRC-5B067D515306,https://collections.penn.museum/collections/object/70578
IBI-28CCB551F9CE,material,material,Ceramic,reported,SRC-5B067D515306,https://collections.penn.museum/collections/object/70578
IBI-28F0AB8A316E,catalogue_language_codes,language,heb,reported,SRC-A573D5D315DB,MMS 997008712546205171
IBI-28F0AB8A316E,current_location,location,"National Library of Israel, Jerusalem",reported,SRC-A573D5D315DB,MMS 997008712546205171
IBI-28F0AB8A316E,dating,dating,400–899 CE,reported,SRC-A573D5D315DB,MMS 997008712546205171
IBI-28F0AB8A316E,dimensions,dimensions,Height 74 mm; source field ‘הקף’ 167 mm,reported,SRC-A573D5D315DB,MMS 997008712546205171
IBI-2953DC605502,current_location,location,The British Museum,reported,SRC-3D4B57D27A24,Related objects: 1886-0109-3
IBI-2953DC605502,dating,dating,6thC-8thC,reported,SRC-3D4B57D27A24,Related objects: 1886-0109-3
IBI-2953DC605502,period,dating,Late-Post Sasanian,reported,SRC-3D4B57D27A24,Related objects: 1886-0109-3
IBI-2953DC605502,production_place,provenance,Made in: Iraq,reported,SRC-3D4B57D27A24,Related objects: 1886-0109-3
IBI-29B9C18F60AD,catalogue_language_codes,language,heb,reported,SRC-82FD18CB6C4C,MMS 997008712545505171
IBI-29B9C18F60AD,current_location,location,"National Library of Israel, Jerusalem",reported,SRC-82FD18CB6C4C,MMS 997008712545505171
IBI-29B9C18F60AD,dating,dating,400–899 CE,reported,SRC-82FD18CB6C4C,MMS 997008712545505171
IBI-29B9C18F60AD,dimensions,dimensions,Height 74 mm; source field ‘הקף’ 163 mm,reported,SRC-82FD18CB6C4C,MMS 997008712545505171
IBI-29C586400FE7,current_location,location,Penn Museum,reported,SRC-3C09380321B1,https://collections.penn.museum/collections/object/323749
IBI-29C586400FE7,material,material,Ceramic Ink,reported,SRC-3C09380321B1,https://collections.penn.museum/collections/object/323749
IBI-29E94E57E9AB,current_location,location,Penn Museum,reported,SRC-669EF487EA51,https://collections.penn.museum/collections/object/120830
IBI-29E94E57E9AB,material,material,Ceramic; Ink,reported,SRC-669EF487EA51,https://collections.penn.museum/collections/object/120830
IBI-2A02096BEF0D,current_location,location,Penn Museum,reported,SRC-5738F04D3B6E,https://collections.penn.museum/collections/object/166400
IBI-2A02096BEF0D,material,material,Ceramic Ink,reported,SRC-5738F04D3B6E,https://collections.penn.museum/collections/object/166400
IBI-2A492AE90AFC,current_location,location,Penn Museum,reported,SRC-EA31BF5F4DAE,https://collections.penn.museum/collections/object/320170
IBI-2A492AE90AFC,material,material,Ceramic Ink,reported,SRC-EA31BF5F4DAE,https://collections.penn.museum/collections/object/320170
IBI-2A62E7C24655,current_location,location,Penn Museum,reported,SRC-3D4D1109BDBA,https://collections.penn.museum/collections/object/21452
IBI-2A62E7C24655,material,material,Ceramic; Ink,reported,SRC-3D4D1109BDBA,https://collections.penn.museum/collections/object/21452
IBI-2AD309D00BD8,current_location,location,Penn Museum,reported,SRC-EBFE9A058C45,https://collections.penn.museum/collections/object/80460
IBI-2AD309D00BD8,material,material,Ceramic; Ink,reported,SRC-EBFE9A058C45,https://collections.penn.museum/collections/object/80460
IBI-2AF0C10043BB,client,client,Aban Gushnasp son of Anoshafrit and his wife Lalay,reported,SRC-EF1521B0C736,object W_1881-0714-11
IBI-2AF0C10043BB,condition,condition,Fair; rim damaged,reported,SRC-EF1521B0C736,object W_1881-0714-11
IBI-2AF0C10043BB,current_location,location,The British Museum,reported,SRC-3D4B57D27A24,Related objects: 1881-0714-11
IBI-2AF0C10043BB,current_location,location,The British Museum,reported,SRC-EF1521B0C736,object W_1881-0714-11
IBI-2AF0C10043BB,dating,dating,6thC–8thC,reported,SRC-EF1521B0C736,object W_1881-0714-11
IBI-2AF0C10043BB,dating,dating,6thC-8thC,reported,SRC-3D4B57D27A24,Related objects: 1881-0714-11
IBI-2AF0C10043BB,dimensions,dimensions,Diameter 12.40 cm; depth 4.00 cm,reported,SRC-EF1521B0C736,object W_1881-0714-11
IBI-2AF0C10043BB,findspot,provenance,Excavated/Findspot: Tell Ibrahim (Kutha),reported,SRC-3D4B57D27A24,Related objects: 1881-0714-11
IBI-2AF0C10043BB,findspot,provenance,Tell Ibrahim (Kutha),reported,SRC-EF1521B0C736,object W_1881-0714-11
IBI-2AF0C10043BB,inscription_language,language,Aramaic,reported,SRC-EF1521B0C736,object W_1881-0714-11
IBI-2AF0C10043BB,material,material,pottery,reported,SRC-EF1521B0C736,object W_1881-0714-11
IBI-2AF0C10043BB,period,dating,Late-Post Sasanian,reported,SRC-3D4B57D27A24,Related objects: 1881-0714-11
IBI-2AF0C10043BB,production_place,provenance,Made in: Iraq,reported,SRC-3D4B57D27A24,Related objects: 1881-0714-11
IBI-2B02110E6106,inscription_language,language,Aramaic,reported,SRC-72D809FB4249,text 041A; section pp. 43–102
IBI-2B3A9FEDF6B6,script,script,Pseudo-script,reported,SRC-72D809FB4249,text 136Ps; section pp. 150–162
IBI-2B41E81A39DC,current_location,location,Penn Museum,reported,SRC-41FD5E48B288,https://collections.penn.museum/collections/object/109437
IBI-2B41E81A39DC,material,material,Ceramic Ink,reported,SRC-41FD5E48B288,https://collections.penn.museum/collections/object/109437
IBI-2C29F83F15B7,catalogue_language_codes,language,heb,reported,SRC-9B0E37E75BFE,MMS 997008712398405171
IBI-2C29F83F15B7,current_location,location,"National Library of Israel, Jerusalem",reported,SRC-9B0E37E75BFE,MMS 997008712398405171
IBI-2C29F83F15B7,dating,dating,400–899 CE,reported,SRC-9B0E37E75BFE,MMS 997008712398405171
IBI-2C29F83F15B7,dimensions,dimensions,Height 64 mm; source field ‘הקף’ 119 mm,reported,SRC-9B0E37E75BFE,MMS 997008712398405171
IBI-2C4A68905E21,current_location,location,Penn Museum,reported,SRC-9EBF6EFC1388,https://collections.penn.museum/collections/object/139404
IBI-2C4A68905E21,material,material,Ceramic,reported,SRC-9EBF6EFC1388,https://collections.penn.museum/collections/object/139404
IBI-2C7E81F0BF57,current_location,location,Penn Museum,reported,SRC-ABA345A16169,https://collections.penn.museum/collections/object/264467
IBI-2C7E81F0BF57,material,material,Ceramic; Ink,reported,SRC-ABA345A16169,https://collections.penn.museum/collections/object/264467
IBI-2CD9170DA696,current_location,location,Penn Museum,reported,SRC-B06141CBA2B6,https://collections.penn.museum/collections/object/32204
IBI-2CD9170DA696,material,material,Ceramic; Ink,reported,SRC-B06141CBA2B6,https://collections.penn.museum/collections/object/32204
IBI-2D00C224051D,catalogue_language_codes,language,heb,reported,SRC-1781EDCFACDE,MMS 997008712544905171
IBI-2D00C224051D,current_location,location,"National Library of Israel, Jerusalem",reported,SRC-1781EDCFACDE,MMS 997008712544905171
IBI-2D00C224051D,dating,dating,400–899 CE,reported,SRC-1781EDCFACDE,MMS 997008712544905171
IBI-2D00C224051D,dimensions,dimensions,Height 57 mm; source field ‘הקף’ 163 mm,reported,SRC-1781EDCFACDE,MMS 997008712544905171
IBI-2D3CCB46C922,current_location,location,Penn Museum,reported,SRC-605E059DD5A2,https://collections.penn.museum/collections/object/159144
IBI-2D3CCB46C922,material,material,Ceramic; Ink,reported,SRC-605E059DD5A2,https://collections.penn.museum/collections/object/159144
IBI-2D5171E717C9,current_location,location,Penn Museum,reported,SRC-C8A555E939F4,https://collections.penn.museum/collections/object/297262
IBI-2D5171E717C9,material,material,Ceramic; Ink,reported,SRC-C8A555E939F4,https://collections.penn.museum/collections/object/297262
IBI-2D80EA4F1D86,inscription_language,language,Aramaic,reported,SRC-72D809FB4249,text 008A; section pp. 43–102
IBI-2D89F1AE8B4E,current_location,location,Penn Museum,reported,SRC-97C7954CBDDE,https://collections.penn.museum/collections/object/194433
IBI-2D89F1AE8B4E,material,material,Ceramic; Ink,reported,SRC-97C7954CBDDE,https://collections.penn.museum/collections/object/194433
IBI-2DB1150EAABF,inscription_language,language,Aramaic,reported,SRC-72D809FB4249,text 056A; section pp. 43–102
IBI-2DC78044BAB0,current_location,location,Penn Museum,reported,SRC-D0EAB49EDDE2,https://collections.penn.museum/collections/object/287049
IBI-2DC78044BAB0,material,material,Ceramic; Ink,reported,SRC-D0EAB49EDDE2,https://collections.penn.museum/collections/object/287049
IBI-2DD01E4AEBAA,current_location,location,Penn Museum,reported,SRC-313873474964,https://collections.penn.museum/collections/object/191121
IBI-2DD01E4AEBAA,material,material,Ceramic; Ink,reported,SRC-313873474964,https://collections.penn.museum/collections/object/191121
IBI-2DE111D82FEB,current_location,location,Penn Museum,reported,SRC-08D27B903CEB,https://collections.penn.museum/collections/object/198332
IBI-2DE111D82FEB,material,material,Ceramic Ink,reported,SRC-08D27B903CEB,https://collections.penn.museum/collections/object/198332
IBI-2E2B0585326F,condition,condition,fragmentary,reported,SRC-3A8095B6D794,index entry BM075A
IBI-2E43BB30FC0D,condition,condition,fragmentary,reported,SRC-3A8095B6D794,index entry BM047A
IBI-2E9271010AE9,inscription_language,language,Aramaic,reported,SRC-72D809FB4249,text 021A; section pp. 43–102
IBI-2EDA3F0CC8FF,catalogue_language_codes,language,heb,reported,SRC-5F194E6FE4AC,MMS 997008712400605171
IBI-2EDA3F0CC8FF,current_location,location,"National Library of Israel, Jerusalem",reported,SRC-5F194E6FE4AC,MMS 997008712400605171
IBI-2EDA3F0CC8FF,dating,dating,400–899 CE,reported,SRC-5F194E6FE4AC,MMS 997008712400605171
IBI-2EDA3F0CC8FF,dimensions,dimensions,Height 53 mm; source field ‘הקף’ 158 mm,reported,SRC-5F194E6FE4AC,MMS 997008712400605171
IBI-2EED9438395D,current_location,location,Penn Museum,reported,SRC-5D009CD596AD,https://collections.penn.museum/collections/object/11291
IBI-2EED9438395D,material,material,Ceramic; Ink,reported,SRC-5D009CD596AD,https://collections.penn.museum/collections/object/11291
IBI-2F518E039625,current_location,location,Penn Museum,reported,SRC-02623DB1658A,https://collections.penn.museum/collections/object/87498
IBI-2F518E039625,material,material,Ceramic; Ink,reported,SRC-02623DB1658A,https://collections.penn.museum/collections/object/87498
IBI-2F865119B495,findspot,provenance,Velyki Kuchugury hillfort,reported,SRC-17A7CA53F7DB,article object
IBI-2F865119B495,inscription_language,language,Arabic,reported,SRC-17A7CA53F7DB,article object
IBI-2F9603FC2573,script,script,Pseudo-script,reported,SRC-72D809FB4249,text 129Ps; section pp. 150–162
IBI-2FBE00255815,inscription_language,language,Aramaic,reported,SRC-72D809FB4249,text 011A; section pp. 43–102
IBI-2FE301CE0700,catalogue_language_codes,language,heb,reported,SRC-50FCA2CFA614,MMS 997008712397905171
IBI-2FE301CE0700,current_location,location,"National Library of Israel, Jerusalem",reported,SRC-50FCA2CFA614,MMS 997008712397905171
IBI-2FE301CE0700,dating,dating,400–899 CE,reported,SRC-50FCA2CFA614,MMS 997008712397905171
IBI-2FE301CE0700,dimensions,dimensions,Height 68 mm; source field ‘הקף’ 150 mm,reported,SRC-50FCA2CFA614,MMS 997008712397905171
IBI-2FFC9FF8236D,current_location,location,Penn Museum,reported,SRC-7630068C62BC,https://collections.penn.museum/collections/object/293903
IBI-2FFC9FF8236D,material,material,Ceramic; Ink,reported,SRC-7630068C62BC,https://collections.penn.museum/collections/object/293903
IBI-302745C14252,current_location,location,The British Museum,reported,SRC-3D4B57D27A24,Related objects: 1983-1002-1
IBI-302745C14252,dating,dating,6thC-8thC,reported,SRC-3D4B57D27A24,Related objects: 1983-1002-1
IBI-302745C14252,findspot,provenance,Found/Acquired: Syria,reported,SRC-3D4B57D27A24,Related objects: 1983-1002-1
IBI-302745C14252,period,dating,Late-Post Sasanian,reported,SRC-3D4B57D27A24,Related objects: 1983-1002-1
IBI-302745C14252,production_place,provenance,Made in: Iraq,reported,SRC-3D4B57D27A24,Related objects: 1983-1002-1
IBI-303D33EE1BE4,biblical_quotations,biblical_intertexts,"[""Zech. 3.2""]",reported,SRC-73C44B143A9D,"p. 160, distribution table, S-448"
IBI-303D33EE1BE4,inscription_language,language,Jewish Babylonian Aramaic,reported,SRC-73C44B143A9D,"p. 160, distribution table, S-448"
IBI-3044FDEF415D,current_location,location,The British Museum,reported,SRC-3D4B57D27A24,Related objects: 1841-0726-90
IBI-3044FDEF415D,dating,dating,6thC-8thC,reported,SRC-3D4B57D27A24,Related objects: 1841-0726-90
IBI-3044FDEF415D,period,dating,Late-Post Sasanian,reported,SRC-3D4B57D27A24,Related objects: 1841-0726-90
IBI-3044FDEF415D,production_place,provenance,Made in: Iraq,reported,SRC-3D4B57D27A24,Related objects: 1841-0726-90
IBI-304663B8D76A,catalogue_language_codes,language,heb,reported,SRC-34B3A2C4D1A7,MMS 997008712406805171
IBI-304663B8D76A,current_location,location,"National Library of Israel, Jerusalem",reported,SRC-34B3A2C4D1A7,MMS 997008712406805171
IBI-304663B8D76A,dating,dating,400–899 CE,reported,SRC-34B3A2C4D1A7,MMS 997008712406805171
IBI-304663B8D76A,dimensions,dimensions,Height 60 mm; source field ‘הקף’ 182 mm,reported,SRC-34B3A2C4D1A7,MMS 997008712406805171
IBI-307462D3FF1E,inscription_language,language,Aramaic,reported,SRC-72D809FB4249,text 054A; section pp. 43–102
IBI-3077C088CF69,biblical_quotations,biblical_intertexts,"[""Exod. 15.7""]",reported,SRC-73C44B143A9D,"p. 154, distribution table, AMB 13"
IBI-3077C088CF69,inscription_language,language,Jewish Babylonian Aramaic,reported,SRC-73C44B143A9D,"p. 154, distribution table, AMB 13"
IBI-30ADFE79BF8F,current_location,location,Penn Museum,reported,SRC-05B148D24B4A,https://collections.penn.museum/collections/object/226650
IBI-30ADFE79BF8F,material,material,Ceramic Ink,reported,SRC-05B148D24B4A,https://collections.penn.museum/collections/object/226650
IBI-30B4E8189C7A,condition,condition,fragmentary,reported,SRC-3A8095B6D794,index entry BM022A
IBI-30CBF5B8E3C2,inscription_language,language,Mandaic,reported,SRC-72D809FB4249,text 102M; section pp. 103–146
IBI-30FB7BC72D53,catalogue_language_codes,language,heb,reported,SRC-54D3E0493BC1,MMS 997008712546505171
IBI-30FB7BC72D53,current_location,location,"National Library of Israel, Jerusalem",reported,SRC-54D3E0493BC1,MMS 997008712546505171
IBI-30FB7BC72D53,dating,dating,400–899 CE,reported,SRC-54D3E0493BC1,MMS 997008712546505171
IBI-30FB7BC72D53,dimensions,dimensions,Height 75 mm; source field ‘הקף’ 160 mm,reported,SRC-54D3E0493BC1,MMS 997008712546505171
IBI-310095C53E06,current_location,location,Penn Museum,reported,SRC-2F5784919A43,https://collections.penn.museum/collections/object/19798
IBI-310095C53E06,material,material,Ceramic Ink,reported,SRC-2F5784919A43,https://collections.penn.museum/collections/object/19798
IBI-3132F3F8C7D4,collection_history,provenance,Donated by Avigdor Klagsbald,reported,SRC-BCC98AAE8C40,article: bowl 4 of seven-object Klagsbald donation
IBI-3132F3F8C7D4,current_location,location,"National Library of Israel, Jerusalem",reported,SRC-BCC98AAE8C40,article: bowl 4 of seven-object Klagsbald donation
IBI-31618FC3F7AF,condition,condition,Some areas faded; mended from several pieces,reported,SRC-FC77989995C8,"catalogue p. 92, lot 442; image p. 93"
IBI-31618FC3F7AF,dating,dating,6th–7th century CE,reported,SRC-FC77989995C8,"catalogue p. 92, lot 442; image p. 93"
IBI-31618FC3F7AF,dimensions,dimensions,Diameter 19.3 cm,reported,SRC-FC77989995C8,"catalogue p. 92, lot 442; image p. 93"
IBI-31618FC3F7AF,iconography,visual,Dolphin in the center,reported,SRC-FC77989995C8,"catalogue p. 92, lot 442; image p. 93"
IBI-31618FC3F7AF,material,material,Terracotta,reported,SRC-FC77989995C8,"catalogue p. 92, lot 442; image p. 93"
IBI-31618FC3F7AF,script_or_language,language,Aramaic text,reported,SRC-FC77989995C8,"catalogue p. 92, lot 442; image p. 93"
IBI-3180DEB24604,biblical_quotation,biblical_intertexts,Zechariah 3:2,reported,SRC-C54888E36130,MS 2053/196 context: MS 2053/14
IBI-3180DEB24604,current_location,location,The Schøyen Collection,reported,SRC-C54888E36130,MS 2053/196 context: MS 2053/14
IBI-3192995163A4,dating,dating,Sasanian–Early Islamic context,reported,SRC-899462FAA735,"p. 138, table 8.1: 18N98"
IBI-3192995163A4,findspot,provenance,"Nippur, Area WG, locus 30, floor 4",reported,SRC-899462FAA735,"p. 138, table 8.1: 18N98"
IBI-3192995163A4,iconography,visual,Lilith figure in the interior centre,reported,SRC-899462FAA735,"p. 138, table 8.1: 18N98"
IBI-3192995163A4,inscription_language,language,Aramaic,reported,SRC-899462FAA735,"p. 138, table 8.1: 18N98"
IBI-3192995163A4,text_parallel,parallels,Paralleled by five other specimens traced to Nippur,reported,SRC-899462FAA735,"p. 138, table 8.1: 18N98"
IBI-319F3DE276D8,biblical_quotations,biblical_intertexts,"[""Dan. 3.6""]",reported,SRC-73C44B143A9D,"p. 153, distribution table, Isbell 09"
IBI-319F3DE276D8,inscription_language,language,Jewish Babylonian Aramaic,reported,SRC-73C44B143A9D,"p. 153, distribution table, Isbell 09"
IBI-31C352BFECD2,inscription_language,language,Aramaic,reported,SRC-72D809FB4249,text 060A; section pp. 43–102
IBI-31C3A4F59439,biblical_quotations,biblical_intertexts,"[""1 Chron. 29.10""]",reported,SRC-73C44B143A9D,"p. 154, distribution table, Isbell 51"
IBI-31C3A4F59439,inscription_language,language,Jewish Babylonian Aramaic,reported,SRC-73C44B143A9D,"p. 154, distribution table, Isbell 51"
IBI-3215D0FCF59D,catalogue_language_codes,language,heb,reported,SRC-BFB9C7440688,MMS 997008712403905171
IBI-3215D0FCF59D,current_location,location,"National Library of Israel, Jerusalem",reported,SRC-BFB9C7440688,MMS 997008712403905171
IBI-3215D0FCF59D,dating,dating,400–899 CE,reported,SRC-BFB9C7440688,MMS 997008712403905171
IBI-3215D0FCF59D,dimensions,dimensions,Height 71 mm; source field ‘הקף’ 162 mm,reported,SRC-BFB9C7440688,MMS 997008712403905171
IBI-322709A42431,current_location,location,Penn Museum,reported,SRC-1165BD7197BA,https://collections.penn.museum/collections/object/206305
IBI-322709A42431,material,material,Ceramic Ink Bitumen,reported,SRC-1165BD7197BA,https://collections.penn.museum/collections/object/206305
IBI-325647D3DF8D,condition,condition,Broken and mended; four fragments missing; text blurred or obliterated.,reported,SRC-943673B56FB8,"Catalogue, text 28, printed p. 325; PDF p. 331; description column"
IBI-325647D3DF8D,current_or_reported_collection,location,Penn Museum,reported,SRC-943673B56FB8,"p. 325, item 28"
IBI-325647D3DF8D,dimensions,dimensions,height 6.5 cm; diameter 16.5 cm,reported,SRC-943673B56FB8,"p. 325, item 28"
IBI-325647D3DF8D,dimensions,dimensions,height 6.5 cm; diameter 16.5 cm,reported,SRC-943673B56FB8,"Catalogue, text 28, printed p. 325; PDF p. 331; size column (height by diameter)"
IBI-325647D3DF8D,findspot,provenance,Nippur,reported,SRC-943673B56FB8,"p. 325, item 28"
IBI-325647D3DF8D,inscription_language,language,Jewish Babylonian Aramaic,reported,SRC-943673B56FB8,"p. 325, item 28"
IBI-325647D3DF8D,publication_heading_identifier,publication,CBS 2972,certain,SRC-943673B56FB8,"text 28 heading, printed p. 213; PDF p. 219"
IBI-325647D3DF8D,publication_register_identifier,publication,CBS 2972,reported,SRC-943673B56FB8,"Catalogue, text 28, printed p. 325; PDF p. 331; catalogue number column"
IBI-325647D3DF8D,publication_register_identifier,publication,CBS 2972,certain,SRC-943673B56FB8,"closing register, printed p. 325; PDF p. 331"
IBI-3264A74D6009,current_location,location,Penn Museum,reported,SRC-57C4B6038FD2,https://collections.penn.museum/collections/object/34976
IBI-3264A74D6009,material,material,Ceramic; Ink,reported,SRC-57C4B6038FD2,https://collections.penn.museum/collections/object/34976
IBI-329D7C137A72,condition,condition,Fair; repaired,reported,SRC-077A37E87487,object W_1980-0415-1
IBI-329D7C137A72,current_location,location,The British Museum,reported,SRC-3D4B57D27A24,Related objects: 1980-0415-1
IBI-329D7C137A72,current_location,location,The British Museum,reported,SRC-077A37E87487,object W_1980-0415-1
IBI-329D7C137A72,dating,dating,6thC–8thC,reported,SRC-077A37E87487,object W_1980-0415-1
IBI-329D7C137A72,dating,dating,6thC-8thC,reported,SRC-3D4B57D27A24,Related objects: 1980-0415-1
IBI-329D7C137A72,dimensions,dimensions,Diameter 17.30 cm; depth 7.20 cm,reported,SRC-077A37E87487,object W_1980-0415-1
IBI-329D7C137A72,findspot,provenance,Mesopotamia (historic),reported,SRC-077A37E87487,object W_1980-0415-1
IBI-329D7C137A72,findspot,provenance,Excavated/Findspot: Mesopotamia (historic),reported,SRC-3D4B57D27A24,Related objects: 1980-0415-1
IBI-329D7C137A72,inscription_language,language,Aramaic,reported,SRC-077A37E87487,object W_1980-0415-1
IBI-329D7C137A72,material,material,pottery,reported,SRC-077A37E87487,object W_1980-0415-1
IBI-329D7C137A72,period,dating,Late-Post Sasanian,reported,SRC-3D4B57D27A24,Related objects: 1980-0415-1
IBI-329D7C137A72,production_place,provenance,Made in: Iraq,reported,SRC-3D4B57D27A24,Related objects: 1980-0415-1
IBI-32E80C06D6CC,current_location,location,Penn Museum,reported,SRC-7EF50A8BFF24,https://collections.penn.museum/collections/object/139925
IBI-32E80C06D6CC,material,material,Ceramic; Ink,reported,SRC-7EF50A8BFF24,https://collections.penn.museum/collections/object/139925
IBI-32F8164EAC5E,client,client,Mahperoz son of Hindu,reported,SRC-B16F06368E35,object W_1851-1009-100
IBI-32F8164EAC5E,condition,condition,Fair; repaired from several sherds,reported,SRC-B16F06368E35,object W_1851-1009-100
IBI-32F8164EAC5E,current_location,location,The British Museum,reported,SRC-3D4B57D27A24,Related objects: 1851-1009-100
IBI-32F8164EAC5E,current_location,location,The British Museum,reported,SRC-B16F06368E35,object W_1851-1009-100
IBI-32F8164EAC5E,dating,dating,6thC-8thC,reported,SRC-3D4B57D27A24,Related objects: 1851-1009-100
IBI-32F8164EAC5E,dating,dating,6thC–8thC,reported,SRC-B16F06368E35,object W_1851-1009-100
IBI-32F8164EAC5E,dimensions,dimensions,Diameter 19.90 cm; depth 6.60 cm,reported,SRC-B16F06368E35,object W_1851-1009-100
IBI-32F8164EAC5E,findspot,provenance,Found/Acquired: Babylon (historic - Iraq),reported,SRC-3D4B57D27A24,Related objects: 1851-1009-100
IBI-32F8164EAC5E,findspot,provenance,Babylon,reported,SRC-B16F06368E35,object W_1851-1009-100
IBI-32F8164EAC5E,inscription_language,language,Aramaic,reported,SRC-B16F06368E35,object W_1851-1009-100
IBI-32F8164EAC5E,material,material,pottery,reported,SRC-B16F06368E35,object W_1851-1009-100
IBI-32F8164EAC5E,period,dating,Late-Post Sasanian,reported,SRC-3D4B57D27A24,Related objects: 1851-1009-100
IBI-32F8164EAC5E,production_place,provenance,Made in: Iraq,reported,SRC-3D4B57D27A24,Related objects: 1851-1009-100
IBI-3322C751E92E,current_location,location,Penn Museum,reported,SRC-50846D47BE35,https://collections.penn.museum/collections/object/152707
IBI-3322C751E92E,material,material,Ceramic; Ink,reported,SRC-50846D47BE35,https://collections.penn.museum/collections/object/152707
IBI-333CFA8C8FBF,current_location,location,Penn Museum,reported,SRC-9CE88C12ED2A,https://collections.penn.museum/collections/object/166717
IBI-333CFA8C8FBF,material,material,Ceramic; Ink,reported,SRC-9CE88C12ED2A,https://collections.penn.museum/collections/object/166717
IBI-33600DDBE0D9,catalogue_language_codes,language,heb,reported,SRC-9AF772FF6B94,MMS 997008712545205171
IBI-33600DDBE0D9,current_location,location,"National Library of Israel, Jerusalem",reported,SRC-9AF772FF6B94,MMS 997008712545205171
IBI-33600DDBE0D9,dating,dating,400–899 CE,reported,SRC-9AF772FF6B94,MMS 997008712545205171
IBI-33600DDBE0D9,dimensions,dimensions,Height 67 mm; source field ‘הקף’ 160 mm,reported,SRC-9AF772FF6B94,MMS 997008712545205171
IBI-336EFF7DA93C,current_location,location,"British Museum, London",reported,SRC-1EE58A703971,bowl BM 91715
IBI-336EFF7DA93C,inscription_language,language,Mandaic,reported,SRC-1EE58A703971,bowl BM 91715
IBI-33ACFC312B22,current_location,location,The British Museum,reported,SRC-3D4B57D27A24,Related objects: 1980-0415-7
IBI-33ACFC312B22,dating,dating,6thC-8thC,reported,SRC-3D4B57D27A24,Related objects: 1980-0415-7
IBI-33ACFC312B22,findspot,provenance,Found/Acquired: Mesopotamia (historic),reported,SRC-3D4B57D27A24,Related objects: 1980-0415-7
IBI-33ACFC312B22,period,dating,Late-Post Sasanian,reported,SRC-3D4B57D27A24,Related objects: 1980-0415-7
IBI-33ACFC312B22,production_place,provenance,Made in: Iraq,reported,SRC-3D4B57D27A24,Related objects: 1980-0415-7
IBI-33C9806531BF,current_location,location,Penn Museum,reported,SRC-6181E1924D9F,https://collections.penn.museum/collections/object/275285
IBI-33C9806531BF,dimensions,dimensions,height 7.8 cm; outside diameter 17.7 cm,reported,SRC-6181E1924D9F,https://collections.penn.museum/collections/object/275285; Details table; observed 2026-09-05T14:29:56.812Z; Height and Outside Diameter
IBI-33E209FF5B86,catalogue_language_codes,language,heb,reported,SRC-CB9AA5B27DA9,MMS 997008712394705171
IBI-33E209FF5B86,current_location,location,"National Library of Israel, Jerusalem",reported,SRC-CB9AA5B27DA9,MMS 997008712394705171
IBI-33E209FF5B86,dating,dating,400–899 CE,reported,SRC-CB9AA5B27DA9,MMS 997008712394705171
IBI-34A1296673D3,current_location,location,Penn Museum,reported,SRC-AF8BC32A2DE4,https://collections.penn.museum/collections/object/197140
IBI-34A1296673D3,material,material,Ceramic; Ink,reported,SRC-AF8BC32A2DE4,https://collections.penn.museum/collections/object/197140
IBI-34BA7D7EBB71,condition,condition,fragmentary,reported,SRC-3A8095B6D794,index entry BM029A
IBI-34E5A43D4611,attributed_author,practitioner,Gušnazdukh daughter of Muškōy,reported,SRC-A90AB34CA3FE,"p. 102, table 6, NFP 5 and note 412"
IBI-34E5A43D4611,current_or_reported_collection,location,Musée Champollion - Les Écritures du Monde,reported,SRC-A90AB34CA3FE,"p. 102, table 6, NFP 5 and note 412"
IBI-34E5A43D4611,formula_genre,ritual,Talmudic,reported,SRC-A90AB34CA3FE,"p. 102, table 6, NFP 5 and note 412"
IBI-34E5A43D4611,inscription_language,language,Jewish Babylonian Aramaic,reported,SRC-A90AB34CA3FE,"p. 102, table 6, NFP 5 and note 412"
IBI-356AD7EE0473,associated_find,provenance,Found in a double-bowl assemblage with another bowl and inscribed eggshell KM 19050,reported,SRC-BBAE031F2345,KM 33756
IBI-356AD7EE0473,current_location,location,"Kelsey Museum of Archaeology, University of Michigan",reported,SRC-BBAE031F2345,KM 33756
IBI-356AD7EE0473,dating,dating,4th–7th century CE,reported,SRC-BBAE031F2345,KM 33756
IBI-356AD7EE0473,dimensions,dimensions,Diameter 17 cm,reported,SRC-BBAE031F2345,KM 33756
IBI-356AD7EE0473,findspot,provenance,"Seleucia, Iraq",reported,SRC-BBAE031F2345,KM 33756
IBI-356AD7EE0473,iconography,visual,"Demons with bound hands and chained feet, surrounded by a ring of fire",reported,SRC-BBAE031F2345,KM 33756
IBI-356AD7EE0473,material,material,Ceramic,reported,SRC-BBAE031F2345,KM 33756
IBI-356AD7EE0473,script,script,Pseudo-script,reported,SRC-BBAE031F2345,KM 33756
IBI-358AAAF4ED2B,biblical_quotations,biblical_intertexts,"[""Isa. 60.6"", ""Isa. 60.8"", ""Isa. 60.11""]",reported,SRC-73C44B143A9D,"p. 161, distribution table, SD 34"
IBI-358AAAF4ED2B,inscription_language,language,Jewish Babylonian Aramaic,reported,SRC-73C44B143A9D,"p. 161, distribution table, SD 34"
IBI-35C11EAAE713,inscription_language,language,Aramaic,reported,SRC-72D809FB4249,text 049A; section pp. 43–102
IBI-35CD0E04D7E6,dimensions,dimensions,approximately 3 in diameter,reported,SRC-8E416F453608,DOI 10.25549/inscriptifact-ouc110214183
IBI-35CD0E04D7E6,material,material,Metal,reported,SRC-8E416F453608,DOI 10.25549/inscriptifact-ouc110214183
IBI-35CD0E04D7E6,provenance_summary,provenance,Unprovenanced,reported,SRC-8E416F453608,DOI 10.25549/inscriptifact-ouc110214183
IBI-35CD0E04D7E6,script_or_language,language,Hebrew,reported,SRC-8E416F453608,DOI 10.25549/inscriptifact-ouc110214183
IBI-35F76F0F9D47,inscription_language,language,Aramaic,reported,SRC-72D809FB4249,text 025A; section pp. 43–102
IBI-35FC1833A65E,current_location,location,Penn Museum,reported,SRC-08AB5EF50A0D,https://collections.penn.museum/collections/object/312135
IBI-35FC1833A65E,material,material,Ceramic; Ink,reported,SRC-08AB5EF50A0D,https://collections.penn.museum/collections/object/312135
IBI-360CFBBCC321,current_location,location,Penn Museum,reported,SRC-68F0CF7A7A0D,https://collections.penn.museum/collections/object/213966
IBI-360CFBBCC321,material,material,Ceramic; Ink,reported,SRC-68F0CF7A7A0D,https://collections.penn.museum/collections/object/213966
IBI-362D2E1D6E03,findspot,provenance,Borsippa,reported,SRC-0D5A017F426B,bowl BOR
IBI-362D2E1D6E03,inscription_language,language,Aramaic,reported,SRC-0D5A017F426B,bowl BOR
IBI-364CBA12A40B,inscription_language,language,Mandaic,reported,SRC-72D809FB4249,text 112M; section pp. 103–146
IBI-3657945A6155,current_location,location,"Small collection at St Albans, England, in 1999",reported,SRC-2471CE31E5D9,"pp. 139–147, figs. 2 and 4"
IBI-3657945A6155,inscription_language,language,Aramaic,reported,SRC-2471CE31E5D9,"pp. 139–147, figs. 2 and 4"
IBI-36BC4F8663C6,current_location,location,Penn Museum,reported,SRC-C114D361B98D,https://collections.penn.museum/collections/object/119331
IBI-36BC4F8663C6,material,material,Ceramic Ink,reported,SRC-C114D361B98D,https://collections.penn.museum/collections/object/119331
IBI-36E0B6218EBA,current_location,location,"British Museum, London",reported,SRC-EF4978FB3663,Google Arts & Culture asset fQEubwbd_KepFw
IBI-36E0B6218EBA,dating,dating,500–799 CE,reported,SRC-EF4978FB3663,Google Arts & Culture asset fQEubwbd_KepFw
IBI-36E0B6218EBA,dimensions,dimensions,Diameter 16 cm; depth 7.1 cm,reported,SRC-EF4978FB3663,Google Arts & Culture asset fQEubwbd_KepFw
IBI-36E0B6218EBA,findspot,provenance,"Tell Ibrahim, Iraq",reported,SRC-EF4978FB3663,Google Arts & Culture asset fQEubwbd_KepFw
IBI-36E0B6218EBA,iconography,visual,"Abstract stick-like figure, possibly a demon",reported,SRC-EF4978FB3663,Google Arts & Culture asset fQEubwbd_KepFw
IBI-36E0B6218EBA,inscription_language,language,Aramaic,reported,SRC-EF4978FB3663,Google Arts & Culture asset fQEubwbd_KepFw
IBI-36E0B6218EBA,material,material,Pottery,reported,SRC-EF4978FB3663,Google Arts & Culture asset fQEubwbd_KepFw
IBI-36E0B6218EBA,period,dating,Late–Post Sasanian,reported,SRC-EF4978FB3663,Google Arts & Culture asset fQEubwbd_KepFw
IBI-36E0B6218EBA,text_content,text_description,"Not meaningfully translatable, but includes references to female demons called liliths",reported,SRC-EF4978FB3663,Google Arts & Culture asset fQEubwbd_KepFw
IBI-37106ED2732D,clients,client,Mihdanahik daughter of Liula; Mshirtsai son of Mhudanduk,reported,SRC-03395C3A94A7,A/1331
IBI-37106ED2732D,current_location,location,Cincinnati Skirball Museum,reported,SRC-03395C3A94A7,A/1331
IBI-37106ED2732D,dating,dating,5th–6th century CE,reported,SRC-03395C3A94A7,A/1331
IBI-37106ED2732D,iconography,visual,Demon drawn on exterior,reported,SRC-03395C3A94A7,A/1331
IBI-37106ED2732D,inscription_language,language,Mandaic / Aramaic dialect,reported,SRC-03395C3A94A7,A/1331
IBI-37106ED2732D,material,material,Clay,reported,SRC-03395C3A94A7,A/1331
IBI-37106ED2732D,origin,provenance,Southern Mesopotamia,reported,SRC-03395C3A94A7,A/1331
IBI-37106ED2732D,text_purpose,ritual,Repulsion and binding of curses and incantations in the four corners of the house,reported,SRC-03395C3A94A7,A/1331
IBI-373176F3D2D5,catalogue_language_codes,language,heb,reported,SRC-A798237CFA2A,MMS 997008712397705171
IBI-373176F3D2D5,current_location,location,"National Library of Israel, Jerusalem",reported,SRC-A798237CFA2A,MMS 997008712397705171
IBI-373176F3D2D5,dating,dating,400–899 CE,reported,SRC-A798237CFA2A,MMS 997008712397705171
IBI-373176F3D2D5,dimensions,dimensions,Height 60 mm; source field ‘הקף’ 159 mm,reported,SRC-A798237CFA2A,MMS 997008712397705171
IBI-374B7E79C69C,current_location,location,The British Museum,reported,SRC-3D4B57D27A24,Related objects: 1980-0415-31-f
IBI-374B7E79C69C,dating,dating,6thC-8thC,reported,SRC-3D4B57D27A24,Related objects: 1980-0415-31-f
IBI-374B7E79C69C,findspot,provenance,Found/Acquired: Iraq,reported,SRC-3D4B57D27A24,Related objects: 1980-0415-31-f
IBI-374B7E79C69C,period,dating,Late-Post Sasanian,reported,SRC-3D4B57D27A24,Related objects: 1980-0415-31-f
IBI-374B7E79C69C,production_place,provenance,Made in: Iraq,reported,SRC-3D4B57D27A24,Related objects: 1980-0415-31-f
IBI-3777D0C0A76B,catalogue_language_codes,language,heb,reported,SRC-7C7C417359C9,MMS 997008712407405171
IBI-3777D0C0A76B,current_location,location,"National Library of Israel, Jerusalem",reported,SRC-7C7C417359C9,MMS 997008712407405171
IBI-3777D0C0A76B,dating,dating,400–899 CE,reported,SRC-7C7C417359C9,MMS 997008712407405171
IBI-3777D0C0A76B,dimensions,dimensions,Height 75 mm; source field ‘הקף’ 165 mm,reported,SRC-7C7C417359C9,MMS 997008712407405171
IBI-381873493558,condition,condition,fragmentary,reported,SRC-3A8095B6D794,index entry BM060A
IBI-387C18B11F84,catalogue_language_codes,language,heb,reported,SRC-4BFFE489072D,MMS 997008712544805171
IBI-387C18B11F84,current_location,location,"National Library of Israel, Jerusalem",reported,SRC-4BFFE489072D,MMS 997008712544805171
IBI-387C18B11F84,dating,dating,400–899 CE,reported,SRC-4BFFE489072D,MMS 997008712544805171
IBI-387C18B11F84,dimensions,dimensions,Height 67 mm; source field ‘הקף’ 168 mm,reported,SRC-4BFFE489072D,MMS 997008712544805171
IBI-38ADDA9EF4F6,catalogue_language_codes,language,heb,reported,SRC-DCF3915390DA,MMS 997008712398305171
IBI-38ADDA9EF4F6,current_location,location,"National Library of Israel, Jerusalem",reported,SRC-DCF3915390DA,MMS 997008712398305171
IBI-38ADDA9EF4F6,dating,dating,400–899 CE,reported,SRC-DCF3915390DA,MMS 997008712398305171
IBI-38ADDA9EF4F6,dimensions,dimensions,Height 54 mm; source field ‘הקף’ 163 mm,reported,SRC-DCF3915390DA,MMS 997008712398305171
IBI-38C18AE46D90,current_location,location,The British Museum,reported,SRC-3D4B57D27A24,Related objects: 1911-0408-53
IBI-38C18AE46D90,dating,dating,6thC-8thC,reported,SRC-3D4B57D27A24,Related objects: 1911-0408-53
IBI-38C18AE46D90,findspot,provenance,Found/Acquired: Iraq,reported,SRC-3D4B57D27A24,Related objects: 1911-0408-53
IBI-38C18AE46D90,period,dating,Late-Post Sasanian,reported,SRC-3D4B57D27A24,Related objects: 1911-0408-53
IBI-38C18AE46D90,production_place,provenance,Made in: Iraq,reported,SRC-3D4B57D27A24,Related objects: 1911-0408-53
IBI-390480DC194A,biblical_quotations,biblical_intertexts,"[""Ps. 91.1""]",reported,SRC-73C44B143A9D,"p. 156, distribution table, VA 2423"
IBI-390480DC194A,current_or_reported_collection,location,"Vorderasiatisches Museum, Berlin",reported,SRC-73C44B143A9D,"p. 156, distribution table, VA 2423"
IBI-390480DC194A,inscription_language,language,Jewish Babylonian Aramaic,reported,SRC-73C44B143A9D,"p. 156, distribution table, VA 2423"
IBI-3927B95BCA23,current_location,location,Penn Museum,reported,SRC-6F1648776C5D,https://collections.penn.museum/collections/object/67146
IBI-3927B95BCA23,material,material,Ceramic; Ink,reported,SRC-6F1648776C5D,https://collections.penn.museum/collections/object/67146
IBI-392B4F4424B7,current_location,location,Penn Museum,reported,SRC-9B4DFF0C5A9E,https://collections.penn.museum/collections/object/339952
IBI-392B4F4424B7,material,material,Ceramic; Ink,reported,SRC-9B4DFF0C5A9E,https://collections.penn.museum/collections/object/339952
IBI-397771B8038D,current_or_reported_collection,location,Penn Museum,reported,SRC-6D313A7AA389,"p. 1, item 8"
IBI-397771B8038D,inscription_language,language,Syriac,reported,SRC-6D313A7AA389,"p. 1, item 8"
IBI-397771B8038D,script,script,Syriac ‘Manichaean’ script,reported,SRC-6D313A7AA389,"p. 1, item 8"
IBI-39B896F4912E,biblical_quotations,biblical_intertexts,"[""Zech. 3.2""]",reported,SRC-73C44B143A9D,"p. 153, distribution table, Isbell 08"
IBI-39B896F4912E,inscription_language,language,Jewish Babylonian Aramaic,reported,SRC-73C44B143A9D,"p. 153, distribution table, Isbell 08"
IBI-39C410944B65,current_location,location,The British Museum,reported,SRC-3D4B57D27A24,Related objects: 1980-0415-31-h
IBI-39C410944B65,dating,dating,6thC-8thC,reported,SRC-3D4B57D27A24,Related objects: 1980-0415-31-h
IBI-39C410944B65,findspot,provenance,Found/Acquired: Iraq,reported,SRC-3D4B57D27A24,Related objects: 1980-0415-31-h
IBI-39C410944B65,period,dating,Late-Post Sasanian,reported,SRC-3D4B57D27A24,Related objects: 1980-0415-31-h
IBI-39C410944B65,production_place,provenance,Made in: Iraq,reported,SRC-3D4B57D27A24,Related objects: 1980-0415-31-h
IBI-3A55DF064E39,biblical_quotations,biblical_intertexts,"[""Zech. 3.2""]",reported,SRC-73C44B143A9D,"p. 161, distribution table, T 28001"
IBI-3A55DF064E39,inscription_language,language,Jewish Babylonian Aramaic,reported,SRC-73C44B143A9D,"p. 161, distribution table, T 28001"
IBI-3AAD60BB880F,current_location,location,Penn Museum,reported,SRC-FCC6EBF75BF3,https://collections.penn.museum/collections/object/40422
IBI-3AAD60BB880F,dating,dating,ca. 200 BCE,reported,SRC-FCC6EBF75BF3,https://collections.penn.museum/collections/object/40422; Details table; observed 2026-09-05T14:29:56.025Z; Date Made
IBI-3ACD7A605F43,current_location,location,Penn Museum,reported,SRC-F4CEF1B0DCD4,https://collections.penn.museum/collections/object/250839
IBI-3ACD7A605F43,material,material,Ceramic; Ink,reported,SRC-F4CEF1B0DCD4,https://collections.penn.museum/collections/object/250839
IBI-3AF5851ED3F8,catalogue_language_codes,language,heb,reported,SRC-45F48A1FE6C9,MMS 997008712406905171
IBI-3AF5851ED3F8,current_location,location,"National Library of Israel, Jerusalem",reported,SRC-45F48A1FE6C9,MMS 997008712406905171
IBI-3AF5851ED3F8,dating,dating,400–899 CE,reported,SRC-45F48A1FE6C9,MMS 997008712406905171
IBI-3AF5851ED3F8,dimensions,dimensions,Height 79 mm; source field ‘הקף’ 159 mm,reported,SRC-45F48A1FE6C9,MMS 997008712406905171
IBI-3BD55EC0BD28,current_location,location,"Frau Professor Hilprecht Collection, Friedrich Schiller University Jena",reported,SRC-A016F86132CA,dc00001100
IBI-3BD55EC0BD28,dating,dating,500–700 CE,reported,SRC-A016F86132CA,dc00001100
IBI-3BD55EC0BD28,dimensions,dimensions,Preserved height 5.7 cm; diameter 10.3 cm,reported,SRC-A016F86132CA,dc00001100
IBI-3BD55EC0BD28,findspot,provenance,"Nippur, Iraq",reported,SRC-A016F86132CA,dc00001100
IBI-3BEE579DCD9B,current_location,location,The British Museum,reported,SRC-3D4B57D27A24,Related objects: 1911-0408-52
IBI-3BEE579DCD9B,dating,dating,6thC-8thC,reported,SRC-3D4B57D27A24,Related objects: 1911-0408-52
IBI-3BEE579DCD9B,period,dating,Late-Post Sasanian,reported,SRC-3D4B57D27A24,Related objects: 1911-0408-52
IBI-3BEE579DCD9B,production_place,provenance,Made in: Iraq,reported,SRC-3D4B57D27A24,Related objects: 1911-0408-52
IBI-3C13C6F7DFD5,current_location,location,The British Museum,reported,SRC-3D4B57D27A24,Related objects: N-1560
IBI-3C13C6F7DFD5,dating,dating,6thC-8thC,reported,SRC-3D4B57D27A24,Related objects: N-1560
IBI-3C13C6F7DFD5,findspot,provenance,Excavated/Findspot: South East Palace (Nimrud),reported,SRC-3D4B57D27A24,Related objects: N-1560
IBI-3C13C6F7DFD5,period,dating,Late-Post Sasanian,reported,SRC-3D4B57D27A24,Related objects: N-1560
IBI-3C13C6F7DFD5,production_place,provenance,Made in: Iraq,reported,SRC-3D4B57D27A24,Related objects: N-1560
IBI-3C7C76482C2A,biblical_quotations,biblical_intertexts,"[""Exod. 15.14-17"", ""Zech. 3.2"", ""Prov. 30.17""]",reported,SRC-73C44B143A9D,"p. 159, distribution table, IM 141803"
IBI-3C7C76482C2A,current_or_reported_collection,location,Iraq Museum,reported,SRC-73C44B143A9D,"p. 159, distribution table, IM 141803"
IBI-3C7C76482C2A,inscription_language,language,Jewish Babylonian Aramaic,reported,SRC-73C44B143A9D,"p. 159, distribution table, IM 141803"
IBI-3C9042E76702,biblical_quotations,biblical_intertexts,"[""Ps. 121.7""]",reported,SRC-73C44B143A9D,"p. 154, distribution table, Isbell 23"
IBI-3C9042E76702,inscription_language,language,Jewish Babylonian Aramaic,reported,SRC-73C44B143A9D,"p. 154, distribution table, Isbell 23"
IBI-3CBF1529D760,current_location,location,Penn Museum,reported,SRC-AEC78404B0F5,https://collections.penn.museum/collections/object/127915
IBI-3CBF1529D760,material,material,Ceramic; Ink,reported,SRC-AEC78404B0F5,https://collections.penn.museum/collections/object/127915
IBI-3CC67931DF0F,biblical_quotations,biblical_intertexts,"[""Isa. 40.31""]",reported,SRC-73C44B143A9D,"p. 160, distribution table, MS 2053/257"
IBI-3CC67931DF0F,current_or_reported_collection,location,The Schøyen Collection,reported,SRC-73C44B143A9D,"p. 160, distribution table, MS 2053/257"
IBI-3CC67931DF0F,inscription_language,language,Jewish Babylonian Aramaic,reported,SRC-73C44B143A9D,"p. 160, distribution table, MS 2053/257"
IBI-3CCB1D35BD7E,inscription_language,language,Mandaic,reported,SRC-72D809FB4249,text 088M; section pp. 103–146
IBI-3D34F8D130E7,current_location,location,Penn Museum,reported,SRC-B6DFFED94536,https://collections.penn.museum/collections/object/270210
IBI-3D34F8D130E7,material,material,Ceramic; Ink,reported,SRC-B6DFFED94536,https://collections.penn.museum/collections/object/270210
IBI-3D4D157C95CA,current_location,location,Penn Museum,reported,SRC-75EA53A29C14,https://collections.penn.museum/collections/object/224217
IBI-3D4D157C95CA,material,material,Ceramic; Ink,reported,SRC-75EA53A29C14,https://collections.penn.museum/collections/object/224217
IBI-3D5237919C52,catalogue_language_codes,language,heb,reported,SRC-7E3837283D16,MMS 997008712544005171
IBI-3D5237919C52,current_location,location,"National Library of Israel, Jerusalem",reported,SRC-7E3837283D16,MMS 997008712544005171
IBI-3D5237919C52,dating,dating,400–899 CE,reported,SRC-7E3837283D16,MMS 997008712544005171
IBI-3D5237919C52,dimensions,dimensions,Height 130 mm; source field ‘הקף’ 285 mm,reported,SRC-7E3837283D16,MMS 997008712544005171
IBI-3D640F2A8374,biblical_quotations,biblical_intertexts,"[""Ps. 68.5""]",reported,SRC-73C44B143A9D,"p. 160, distribution table, MS 2053/236"
IBI-3D640F2A8374,current_or_reported_collection,location,The Schøyen Collection,reported,SRC-73C44B143A9D,"p. 160, distribution table, MS 2053/236"
IBI-3D640F2A8374,inscription_language,language,Jewish Babylonian Aramaic,reported,SRC-73C44B143A9D,"p. 160, distribution table, MS 2053/236"
IBI-3D6D78A28128,current_location,location,Penn Museum,reported,SRC-BA3B66DE4490,https://collections.penn.museum/collections/object/80402
IBI-3D6D78A28128,material,material,Ceramic Ink,reported,SRC-BA3B66DE4490,https://collections.penn.museum/collections/object/80402
IBI-3D7A2E9EE37B,bibliography,publication,"Ford 2014 commentary on Shaked–Ford–Bhayro 2013, JBA 49",reported,SRC-FORD2014-AUOR,"Commentary on JBA 49, Ford 2014 pp. 242"
IBI-3D7A2E9EE37B,text_feature,text_description,Ford reports: Discussion of relative-pronoun assimilation.,reported,SRC-FORD2014-AUOR,pp. 242; JBA 49:5
IBI-3D8358A1D0CC,authenticity_assessment,authenticity_assessment,Dealer states authenticity is unconditionally guaranteed,reported,SRC-7E3137FE462C,Trocadero item 1455520
IBI-3D8358A1D0CC,condition,condition,Described by dealer as intact and fine,reported,SRC-7E3137FE462C,Trocadero item 1455520
IBI-3D8358A1D0CC,dating,dating,5th–7th century CE,reported,SRC-7E3137FE462C,Trocadero item 1455520
IBI-3D8358A1D0CC,dimensions,dimensions,Diameter 16.3 cm (6.4 in),reported,SRC-7E3137FE462C,Trocadero item 1455520
IBI-3D8358A1D0CC,iconography,visual,"Two probably male and female demonic figures with crossed arms and legs, suggesting binding",reported,SRC-7E3137FE462C,Trocadero item 1455520
IBI-3D8358A1D0CC,material,material,Ceramic,reported,SRC-7E3137FE462C,Trocadero item 1455520
IBI-3D8358A1D0CC,origin,provenance,Mesopotamia,reported,SRC-7E3137FE462C,Trocadero item 1455520
IBI-3D8358A1D0CC,script,script,Nonsensical repetitive pseudo-script,reported,SRC-7E3137FE462C,Trocadero item 1455520
IBI-3DA1CA1060F5,current_location,location,Penn Museum,reported,SRC-FB14E097C4E0,https://collections.penn.museum/collections/object/220768
IBI-3DA1CA1060F5,material,material,Ceramic; Ink,reported,SRC-FB14E097C4E0,https://collections.penn.museum/collections/object/220768
IBI-3DAA4B38392B,current_location,location,Penn Museum,reported,SRC-83005A93C553,https://collections.penn.museum/collections/object/298056
IBI-3DAA4B38392B,material,material,Ceramic; Ink,reported,SRC-83005A93C553,https://collections.penn.museum/collections/object/298056
IBI-3DD8CC816566,current_location,location,Penn Museum,reported,SRC-095962E3A0BB,https://collections.penn.museum/collections/object/284511
IBI-3DD8CC816566,material,material,Ceramic; Ink,reported,SRC-095962E3A0BB,https://collections.penn.museum/collections/object/284511
IBI-3DF53470BB36,catalogue_language_codes,language,heb,reported,SRC-1B660EA75317,MMS 997008712546005171
IBI-3DF53470BB36,current_location,location,"National Library of Israel, Jerusalem",reported,SRC-1B660EA75317,MMS 997008712546005171
IBI-3DF53470BB36,dating,dating,400–899 CE,reported,SRC-1B660EA75317,MMS 997008712546005171
IBI-3DF53470BB36,dimensions,dimensions,Height 68 mm; source field ‘הקף’ 152 mm,reported,SRC-1B660EA75317,MMS 997008712546005171
IBI-3E0213A1FBDB,current_location,location,Penn Museum,reported,SRC-C47A00437E6E,https://collections.penn.museum/collections/object/329808
IBI-3E0213A1FBDB,material,material,Ceramic; Ink,reported,SRC-C47A00437E6E,https://collections.penn.museum/collections/object/329808
IBI-3E3DA34C502B,current_location,location,Penn Museum,reported,SRC-296BF5E4B353,https://collections.penn.museum/collections/object/277833
IBI-3E3DA34C502B,material,material,Ceramic Ink,reported,SRC-296BF5E4B353,https://collections.penn.museum/collections/object/277833
IBI-3E712394AF88,current_location,location,Penn Museum,reported,SRC-DA1B2D65B4B0,https://collections.penn.museum/collections/object/130402
IBI-3E712394AF88,material,material,Ceramic; Ink,reported,SRC-DA1B2D65B4B0,https://collections.penn.museum/collections/object/130402
IBI-3E89893C3F16,biblical_quotations,biblical_intertexts,"[""Num. 9.23"", ""Num. 11.2"", ""Num. 12.13""]",reported,SRC-73C44B143A9D,"p. 158, distribution table, HS 3022"
IBI-3E89893C3F16,current_or_reported_collection,location,"Frau Professor Hilprecht Collection, Jena",reported,SRC-73C44B143A9D,"p. 158, distribution table, HS 3022"
IBI-3E89893C3F16,inscription_language,language,Jewish Babylonian Aramaic,reported,SRC-73C44B143A9D,"p. 158, distribution table, HS 3022"
IBI-3E8AE8D72F0E,authenticity_assessment,authenticity_assessment,Cyrus H. Gordon described the object as apparently an ancient fake sold to an unsuspecting client,reported,SRC-A180AB5C85FF,Smithsonian record nmnhanthropology_8046133
IBI-3E8AE8D72F0E,bibliography,publication,"Cyrus H. Gordon, ‘Aramaic and Mandaic Magical Bowls,’ Archiv Orientální 9 (1937), 85 n. 4.",reported,SRC-A180AB5C85FF,Smithsonian record nmnhanthropology_8046133
IBI-3E8AE8D72F0E,current_location,location,Smithsonian National Museum of Natural History,reported,SRC-A180AB5C85FF,Smithsonian record nmnhanthropology_8046133
IBI-3E8AE8D72F0E,findspot,provenance,"Hillah, Babil Governorate (Babylon Province), Iraq (South Babylonia)",reported,SRC-A180AB5C85FF,Smithsonian record nmnhanthropology_8046133
IBI-3E8AE8D72F0E,iconography,visual,"Two human figures, reptile or serpent, and two birds",reported,SRC-A180AB5C85FF,Smithsonian record nmnhanthropology_8046133
IBI-3E8AE8D72F0E,script,script,Imitation Aramaic / Hebrew characters that Gordon assessed as nonsensical,reported,SRC-A180AB5C85FF,Smithsonian record nmnhanthropology_8046133
IBI-3E8AF5F84087,current_or_reported_collection,location,Shlomo Moussaieff Collection,reported,SRC-83A3DFDE7924,"pp. 162–164, unnumbered bowl A"
IBI-3E8AF5F84087,inscription_language,language,Mandaic,reported,SRC-83A3DFDE7924,"pp. 162–164, unnumbered bowl A"
IBI-3E8AF5F84087,script,script,Mandaic,reported,SRC-83A3DFDE7924,"pp. 162–164, unnumbered bowl A"
IBI-3EA5FDFA2ECA,catalogue_language_codes,language,heb,reported,SRC-AB965E1856E2,MMS 997008712397405171
IBI-3EA5FDFA2ECA,current_location,location,"National Library of Israel, Jerusalem",reported,SRC-AB965E1856E2,MMS 997008712397405171
IBI-3EA5FDFA2ECA,dating,dating,400–899 CE,reported,SRC-AB965E1856E2,MMS 997008712397405171
IBI-3EA5FDFA2ECA,dimensions,dimensions,Height 98 mm; source field ‘הקף’ 233 mm,reported,SRC-AB965E1856E2,MMS 997008712397405171
IBI-3EC203C5BED5,catalogue_language_codes,language,heb,reported,SRC-5A523D7507AE,MMS 997008712396405171
IBI-3EC203C5BED5,current_location,location,"National Library of Israel, Jerusalem",reported,SRC-5A523D7507AE,MMS 997008712396405171
IBI-3EC203C5BED5,dating,dating,400–899 CE,reported,SRC-5A523D7507AE,MMS 997008712396405171
IBI-3EC203C5BED5,dimensions,dimensions,Height 76 mm; source field ‘הקף’ 163 mm,reported,SRC-5A523D7507AE,MMS 997008712396405171
IBI-3ECE3C33AE7F,biblical_quotations,biblical_intertexts,"[""Ps. 91.11""]",reported,SRC-73C44B143A9D,"p. 160, distribution table, S-442"
IBI-3ECE3C33AE7F,inscription_language,language,Jewish Babylonian Aramaic,reported,SRC-73C44B143A9D,"p. 160, distribution table, S-442"
IBI-3F07F2C93A12,current_location,location,Penn Museum,reported,SRC-C9CD63569580,https://collections.penn.museum/collections/object/139403
IBI-3F07F2C93A12,material,material,Ceramic; Ink,reported,SRC-C9CD63569580,https://collections.penn.museum/collections/object/139403
IBI-3F5236D2F146,biblical_quotation,biblical_intertexts,Zechariah 3:2,reported,SRC-C54888E36130,MS 2053/196 context: MS 2053/92
IBI-3F5236D2F146,current_location,location,The Schøyen Collection,reported,SRC-C54888E36130,MS 2053/196 context: MS 2053/92
IBI-3F5D2D9C15BE,catalogue_language_codes,language,heb,reported,SRC-7AFBBA66C4E8,MMS 997008712404405171
IBI-3F5D2D9C15BE,current_location,location,"National Library of Israel, Jerusalem",reported,SRC-7AFBBA66C4E8,MMS 997008712404405171
IBI-3F5D2D9C15BE,dating,dating,400–899 CE,reported,SRC-7AFBBA66C4E8,MMS 997008712404405171
IBI-3F5D2D9C15BE,dimensions,dimensions,Height 65 mm; source field ‘הקף’ 163 mm,reported,SRC-7AFBBA66C4E8,MMS 997008712404405171
IBI-3F8692FF0DFB,catalogue_language_codes,language,heb,reported,SRC-3F3EFB7B0F0F,MMS 997008712396805171
IBI-3F8692FF0DFB,current_location,location,"National Library of Israel, Jerusalem",reported,SRC-3F3EFB7B0F0F,MMS 997008712396805171
IBI-3F8692FF0DFB,dating,dating,400–899 CE,reported,SRC-3F3EFB7B0F0F,MMS 997008712396805171
IBI-3F8692FF0DFB,dimensions,dimensions,Height 60 mm; source field ‘הקף’ 174 mm,reported,SRC-3F3EFB7B0F0F,MMS 997008712396805171
IBI-3F9E41863B70,inscription_language,language,Aramaic,reported,SRC-72D809FB4249,text 063A; section pp. 43–102
IBI-3FA4EDABE5CF,catalogue_language_codes,language,heb,reported,SRC-083BA71B9B60,MMS 997008712408205171
IBI-3FA4EDABE5CF,current_location,location,"National Library of Israel, Jerusalem",reported,SRC-083BA71B9B60,MMS 997008712408205171
IBI-3FA4EDABE5CF,dating,dating,400–899 CE,reported,SRC-083BA71B9B60,MMS 997008712408205171
IBI-3FA4EDABE5CF,dimensions,dimensions,Height 46 mm; source field ‘הקף’ 143 mm,reported,SRC-083BA71B9B60,MMS 997008712408205171
IBI-3FC24DAEBFE7,current_location,location,Penn Museum,reported,SRC-863F759FA35B,https://collections.penn.museum/collections/object/135415
IBI-3FC24DAEBFE7,material,material,Ceramic; Ink,reported,SRC-863F759FA35B,https://collections.penn.museum/collections/object/135415
IBI-404DAD941844,biblical_quotation,biblical_intertexts,Zechariah 3:2,reported,SRC-C54888E36130,MS 2053/196 context: MS 2053/116
IBI-404DAD941844,current_location,location,The Schøyen Collection,reported,SRC-C54888E36130,MS 2053/196 context: MS 2053/116
IBI-4056AFBF0AC8,client,client,Asmandad son of Marta,reported,SRC-83A3DFDE7924,"pp. 159–160, M23"
IBI-4056AFBF0AC8,condition,condition,Well preserved,reported,SRC-83A3DFDE7924,"pp. 159–160, M23"
IBI-4056AFBF0AC8,current_or_reported_collection,location,Shlomo Moussaieff Collection,reported,SRC-83A3DFDE7924,"pp. 159–160, M23"
IBI-4056AFBF0AC8,inscription_language,language,Mandaic,reported,SRC-83A3DFDE7924,"pp. 159–160, M23"
IBI-4056AFBF0AC8,line_count,text_form,11,reported,SRC-83A3DFDE7924,"pp. 159–160, M23"
IBI-4056AFBF0AC8,script,script,Mandaic,reported,SRC-83A3DFDE7924,"pp. 159–160, M23"
IBI-40A1A8922ED8,dating,dating,600–800 CE,reported,SRC-62A4522F2585,"lot 1419, object 1 (left)"
IBI-40A1A8922ED8,dimensions,dimensions,Group components reportedly 170–185 mm × 60–70 mm; individual assignment unavailable,reported,SRC-62A4522F2585,"lot 1419, object 1 (left)"
IBI-40A1A8922ED8,inscription_language,language,Aramaic,reported,SRC-62A4522F2585,"lot 1419, object 1 (left)"
IBI-40A1A8922ED8,material,material,Terracotta,reported,SRC-62A4522F2585,"lot 1419, object 1 (left)"
IBI-40A1A8922ED8,provenance,provenance,Private London collection; previously South German private collection formed on the European art market during the 1980s–1990s,reported,SRC-62A4522F2585,"lot 1419, object 1 (left)"
IBI-40A1A8922ED8,text_layout,text_form,Radiating registers,reported,SRC-62A4522F2585,"lot 1419, object 1 (left)"
IBI-40D12FB9110C,catalogue_language_codes,language,heb,reported,SRC-099B1FA96CF2,MMS 997008712410105171
IBI-40D12FB9110C,current_location,location,"National Library of Israel, Jerusalem",reported,SRC-099B1FA96CF2,MMS 997008712410105171
IBI-40D12FB9110C,dating,dating,400–899 CE,reported,SRC-099B1FA96CF2,MMS 997008712410105171
IBI-40D12FB9110C,dimensions,dimensions,Height 89 mm; source field ‘הקף’ 184 mm,reported,SRC-099B1FA96CF2,MMS 997008712410105171
IBI-4128C404FC1B,biblical_quotations,biblical_intertexts,"[""Zech. 3.2"", ""Isa. 26.4""]",reported,SRC-73C44B143A9D,"p. 162, distribution table, Abousamra 2020"
IBI-4128C404FC1B,inscription_language,language,Jewish Babylonian Aramaic,reported,SRC-73C44B143A9D,"p. 162, distribution table, Abousamra 2020"
IBI-413CDC41E1AC,current_location,location,Penn Museum,reported,SRC-1197DC220F81,https://collections.penn.museum/collections/object/293964
IBI-413CDC41E1AC,material,material,Ceramic Ink,reported,SRC-1197DC220F81,https://collections.penn.museum/collections/object/293964
IBI-419B3DDFF35E,inscription_language,language,Mandaic,reported,SRC-72D809FB4249,text 076M; section pp. 103–146
IBI-41EA6AEE468A,current_location,location,Penn Museum,reported,SRC-B5A4D212B256,https://collections.penn.museum/collections/object/56385
IBI-41EA6AEE468A,material,material,Ceramic; Ink,reported,SRC-B5A4D212B256,https://collections.penn.museum/collections/object/56385
IBI-41EF9D3D3B97,biblical_quotations,biblical_intertexts,"[""Ps. 46.8"", ""Ps. 86.5"", ""Ps. 116.6""]",reported,SRC-73C44B143A9D,"p. 155, distribution table, CAMIB 41"
IBI-41EF9D3D3B97,current_or_reported_collection,location,British Museum,reported,SRC-73C44B143A9D,"p. 155, distribution table, CAMIB 41"
IBI-41EF9D3D3B97,inscription_language,language,Jewish Babylonian Aramaic,reported,SRC-73C44B143A9D,"p. 155, distribution table, CAMIB 41"
IBI-420DBD126CDB,catalogue_language_codes,language,heb,reported,SRC-FC095519D7D0,MMS 997008712403605171
IBI-420DBD126CDB,current_location,location,"National Library of Israel, Jerusalem",reported,SRC-FC095519D7D0,MMS 997008712403605171
IBI-420DBD126CDB,dating,dating,400–899 CE,reported,SRC-FC095519D7D0,MMS 997008712403605171
IBI-420DBD126CDB,dimensions,dimensions,Height 74 mm; source field ‘הקף’ 160 mm,reported,SRC-FC095519D7D0,MMS 997008712403605171
IBI-4317A627E44F,current_location,location,Penn Museum,reported,SRC-DAB04ADFD27F,https://collections.penn.museum/collections/object/238748
IBI-4317A627E44F,material,material,Ceramic Ink,reported,SRC-DAB04ADFD27F,https://collections.penn.museum/collections/object/238748
IBI-4361DA43DC7F,dating,dating,5th–6th century CE,reported,SRC-F20148C5DA92,"lot 273, fragment 2 of 5"
IBI-4361DA43DC7F,inscription_language,language,Aramaic or Aramaic-like patterns,reported,SRC-F20148C5DA92,"lot 273, fragment 2 of 5"
IBI-4361DA43DC7F,material,material,Pottery,reported,SRC-F20148C5DA92,"lot 273, fragment 2 of 5"
IBI-4388179CF590,bibliography,publication,"Julian Obermann, ‘Two Magic Bowls: New Incantation Texts from Mesopotamia,’ AJSL 57 (1940): 1–31.",reported,SRC-D2482299BAC7,paragraph 3: YBC 2393
IBI-4388179CF590,current_location,location,Yale Babylonian Collection,reported,SRC-D2482299BAC7,paragraph 3: YBC 2393
IBI-4388179CF590,dating,dating,"Late Sasanian period, probably 6th–7th centuries; broader suggested range mid-4th–8th century",reported,SRC-D2482299BAC7,paragraph 3: YBC 2393
IBI-4388179CF590,inscription_language,language,Jewish Babylonian Aramaic with some Mandaic features,reported,SRC-D2482299BAC7,paragraph 3: YBC 2393
IBI-43E160643DDF,condition,condition,"Faded inscription, chipped rim, old repair",reported,SRC-85BD313987E5,iCollector record 20562699; item MCG00069
IBI-43E160643DDF,dating,dating,6th–8th century CE,reported,SRC-85BD313987E5,iCollector record 20562699; item MCG00069
IBI-43E160643DDF,dimensions,dimensions,Diameter 5.5 in; height 1.75 in; weight 206 g,reported,SRC-85BD313987E5,iCollector record 20562699; item MCG00069
IBI-43E160643DDF,iconography,visual,Painted figure,reported,SRC-85BD313987E5,iCollector record 20562699; item MCG00069
IBI-43E160643DDF,material,material,Terracotta,reported,SRC-85BD313987E5,iCollector record 20562699; item MCG00069
IBI-43E160643DDF,script_or_language,language,Aramaic (auction attribution),reported,SRC-85BD313987E5,iCollector record 20562699; item MCG00069
IBI-43E5EECA50BC,inscription_language,language,Mandaic,reported,SRC-72D809FB4249,text 116M; section pp. 103–146
IBI-44AFA550086A,biblical_quotations,biblical_intertexts,"[""Isa. 50.11""]",reported,SRC-73C44B143A9D,"p. 158, distribution table, JBA 114"
IBI-44AFA550086A,current_or_reported_collection,location,The Schøyen Collection,reported,SRC-73C44B143A9D,"p. 158, distribution table, JBA 114"
IBI-44AFA550086A,inscription_language,language,Jewish Babylonian Aramaic,reported,SRC-73C44B143A9D,"p. 158, distribution table, JBA 114"
IBI-44BC3FE36601,condition,condition,Broken and frequently repaired; much of the margin missing and a large part of the text obliterated.,reported,SRC-943673B56FB8,"Catalogue, text 37, printed p. 326; PDF p. 332; description column"
IBI-44BC3FE36601,current_or_reported_collection,location,Penn Museum,reported,SRC-943673B56FB8,"p. 326, item 37"
IBI-44BC3FE36601,dimensions,dimensions,height 6.5 cm; diameter 17 cm,reported,SRC-943673B56FB8,"Catalogue, text 37, printed p. 326; PDF p. 332; size column (height by diameter)"
IBI-44BC3FE36601,dimensions,dimensions,height 6.5 cm; diameter 17 cm,reported,SRC-943673B56FB8,"p. 326, item 37"
IBI-44BC3FE36601,findspot,provenance,Nippur,reported,SRC-943673B56FB8,"p. 326, item 37"
IBI-44BC3FE36601,inscription_language,language,Syriac,reported,SRC-943673B56FB8,"p. 326, item 37"
IBI-44BC3FE36601,publication_register_identifier,publication,CBS 2943,reported,SRC-943673B56FB8,"Catalogue, text 37, printed p. 326; PDF p. 332; catalogue number column"
IBI-4500756E262F,condition,condition,Perfect bowl.,reported,SRC-943673B56FB8,"Catalogue, text 12, printed p. 323; PDF p. 329; description column"
IBI-4500756E262F,current_or_reported_collection,location,Penn Museum,reported,SRC-943673B56FB8,"p. 323, item 12"
IBI-4500756E262F,dimensions,dimensions,height 7.2 cm; diameter 17.7 cm,reported,SRC-943673B56FB8,"p. 323, item 12"
IBI-4500756E262F,dimensions,dimensions,height 7.2 cm; diameter 17.7 cm,reported,SRC-943673B56FB8,"Catalogue, text 12, printed p. 323; PDF p. 329; size column (height by diameter)"
IBI-4500756E262F,findspot,provenance,Nippur,reported,SRC-943673B56FB8,"p. 323, item 12"
IBI-4500756E262F,inscription_language,language,Jewish Babylonian Aramaic,reported,SRC-943673B56FB8,"p. 323, item 12"
IBI-4500756E262F,publication_register_identifier,publication,CBS 9009,reported,SRC-943673B56FB8,"Catalogue, text 12, printed p. 323; PDF p. 329; catalogue number column"
IBI-453035C1DDED,catalogue_language_codes,language,heb,reported,SRC-375868B5C1C1,MMS 997008712405905171
IBI-453035C1DDED,current_location,location,"National Library of Israel, Jerusalem",reported,SRC-375868B5C1C1,MMS 997008712405905171
IBI-453035C1DDED,dating,dating,400–899 CE,reported,SRC-375868B5C1C1,MMS 997008712405905171
IBI-453035C1DDED,dimensions,dimensions,Height 40 mm; source field ‘הקף’ 115 mm,reported,SRC-375868B5C1C1,MMS 997008712405905171
IBI-457F94914353,current_location,location,Penn Museum,reported,SRC-6BCE45CAE460,https://collections.penn.museum/collections/object/271621
IBI-457F94914353,dimensions,dimensions,height 6.3 cm; outside diameter 17.8 cm,reported,SRC-6BCE45CAE460,https://collections.penn.museum/collections/object/271621; Details table; observed 2026-09-05T14:30:16.927Z; Height and Outside Diameter
IBI-457F94914353,inscription_language,language,Hebrew Language,reported,SRC-6BCE45CAE460,https://collections.penn.museum/collections/object/271621; Details table; observed 2026-09-05T14:30:16.927Z; Inscription Language
IBI-457F94914353,material,material,Ceramic; Ink,reported,SRC-6BCE45CAE460,https://collections.penn.museum/collections/object/271621
IBI-45CD59071E6E,current_location,location,Penn Museum,reported,SRC-37DEFCD57187,https://collections.penn.museum/collections/object/241014
IBI-45CD59071E6E,material,material,Ceramic; Ink,reported,SRC-37DEFCD57187,https://collections.penn.museum/collections/object/241014
IBI-4653681EA3B5,catalogue_language_codes,language,heb,reported,SRC-9B1A9F3DFDD9,MMS 997008712401605171
IBI-4653681EA3B5,current_location,location,"National Library of Israel, Jerusalem",reported,SRC-9B1A9F3DFDD9,MMS 997008712401605171
IBI-4653681EA3B5,dating,dating,400–899 CE,reported,SRC-9B1A9F3DFDD9,MMS 997008712401605171
IBI-4653681EA3B5,dimensions,dimensions,Height 81 mm; source field ‘הקף’ 157 mm,reported,SRC-9B1A9F3DFDD9,MMS 997008712401605171
IBI-46769AB4E6AE,current_location,location,"Frau Professor Hilprecht Collection, Friedrich Schiller University Jena",reported,SRC-3B11D8C4C4A5,dc00001095
IBI-46769AB4E6AE,dating,dating,500–700 CE,reported,SRC-3B11D8C4C4A5,dc00001095
IBI-46769AB4E6AE,dimensions,dimensions,Diameter 17.3 cm; height not reported,reported,SRC-3B11D8C4C4A5,dc00001095
IBI-46769AB4E6AE,findspot,provenance,"Nippur, Iraq",reported,SRC-3B11D8C4C4A5,dc00001095
IBI-46C8C30E20BF,client_or_beneficiary,client,Gamaliel Schagreh (?),uncertain,SRC-F42955665921,printed p. 592
IBI-46C8C30E20BF,condition,condition,Defective or damaged; exact losses not quantified,reported,SRC-F42955665921,printed p. 590
IBI-46C8C30E20BF,dimensions,dimensions,Diameter 112 mm,reported,SRC-F42955665921,printed p. 590
IBI-46C8C30E20BF,findspot,provenance,"Susiana, from the French Dieulafoy mission excavations",reported,SRC-F42955665921,printed p. 590
IBI-46C8C30E20BF,text_characterization,text_description,"Interwoven wording from Deuteronomy 6:4 and Psalm 91:1, followed by conventional adjuration formulas",reported,SRC-F42955665921,printed pp. 591–592
IBI-47578B1D57F0,client,client,Rab Mari son of Mamah and his sister Aynah,reported,SRC-DA5B4D0D5E5B,object W_1886-0109-11
IBI-47578B1D57F0,condition,condition,Fair; holes drilled for TL analysis,reported,SRC-DA5B4D0D5E5B,object W_1886-0109-11
IBI-47578B1D57F0,current_location,location,The British Museum,reported,SRC-3D4B57D27A24,Related objects: 1886-0109-11
IBI-47578B1D57F0,current_location,location,The British Museum,reported,SRC-DA5B4D0D5E5B,object W_1886-0109-11
IBI-47578B1D57F0,dating,dating,6thC–8thC,reported,SRC-DA5B4D0D5E5B,object W_1886-0109-11
IBI-47578B1D57F0,dating,dating,6thC-8thC,reported,SRC-3D4B57D27A24,Related objects: 1886-0109-11
IBI-47578B1D57F0,dimensions,dimensions,Diameter 15.60 cm; depth 5.50 cm,reported,SRC-DA5B4D0D5E5B,object W_1886-0109-11
IBI-47578B1D57F0,findspot,provenance,Mesopotamia,reported,SRC-DA5B4D0D5E5B,object W_1886-0109-11
IBI-47578B1D57F0,findspot,provenance,Found/Acquired: Mesopotamia (historic),reported,SRC-3D4B57D27A24,Related objects: 1886-0109-11
IBI-47578B1D57F0,inscription_language,language,Aramaic,reported,SRC-DA5B4D0D5E5B,object W_1886-0109-11
IBI-47578B1D57F0,material,material,pottery,reported,SRC-DA5B4D0D5E5B,object W_1886-0109-11
IBI-47578B1D57F0,period,dating,Late-Post Sasanian,reported,SRC-3D4B57D27A24,Related objects: 1886-0109-11
IBI-47578B1D57F0,production_place,provenance,Made in: Iraq,reported,SRC-3D4B57D27A24,Related objects: 1886-0109-11
IBI-47A624FD7A32,biblical_quotations,biblical_intertexts,"[""1 Sam. 2.2"", ""Ps. 86.17""]",reported,SRC-73C44B143A9D,"p. 161, distribution table, Moriah 2"
IBI-47A624FD7A32,inscription_language,language,Jewish Babylonian Aramaic,reported,SRC-73C44B143A9D,"p. 161, distribution table, Moriah 2"
IBI-47F7DABCD899,catalogue_language_codes,language,heb,reported,SRC-016BB1B186B2,MMS 997008712399305171
IBI-47F7DABCD899,current_location,location,"National Library of Israel, Jerusalem",reported,SRC-016BB1B186B2,MMS 997008712399305171
IBI-47F7DABCD899,dating,dating,400–899 CE,reported,SRC-016BB1B186B2,MMS 997008712399305171
IBI-47F7DABCD899,dimensions,dimensions,Height 65 mm; source field ‘הקף’ 149 mm,reported,SRC-016BB1B186B2,MMS 997008712399305171
IBI-4804CC31F58D,biblical_quotations,biblical_intertexts,"[""Zech. 3.2"", ""Ps. 55.9""]",reported,SRC-73C44B143A9D,"p. 158, distribution table, JBA 109"
IBI-4804CC31F58D,current_or_reported_collection,location,The Schøyen Collection,reported,SRC-73C44B143A9D,"p. 158, distribution table, JBA 109"
IBI-4804CC31F58D,inscription_language,language,Jewish Babylonian Aramaic,reported,SRC-73C44B143A9D,"p. 158, distribution table, JBA 109"
IBI-48D2AD086C07,current_location,location,Penn Museum,reported,SRC-C39B4EDEA443,https://collections.penn.museum/collections/object/295959
IBI-48D2AD086C07,material,material,Ceramic; Ink,reported,SRC-C39B4EDEA443,https://collections.penn.museum/collections/object/295959
IBI-49279B6480D9,current_location,location,The British Museum,reported,SRC-3D4B57D27A24,Related objects: 1914-0214-49
IBI-49279B6480D9,dating,dating,6thC-8thC,reported,SRC-3D4B57D27A24,Related objects: 1914-0214-49
IBI-49279B6480D9,findspot,provenance,Found/Acquired: Khorsabad,reported,SRC-3D4B57D27A24,Related objects: 1914-0214-49
IBI-49279B6480D9,period,dating,Late-Post Sasanian,reported,SRC-3D4B57D27A24,Related objects: 1914-0214-49
IBI-49279B6480D9,production_place,provenance,Made in: Iraq,reported,SRC-3D4B57D27A24,Related objects: 1914-0214-49
IBI-492EBB1E3508,inscription_language,language,Mandaic,reported,SRC-72D809FB4249,text 101M; section pp. 103–146
IBI-496A7DF45DE8,current_location,location,Penn Museum,reported,SRC-244417C8D483,https://collections.penn.museum/collections/object/333538
IBI-496A7DF45DE8,material,material,Ceramic; Ink,reported,SRC-244417C8D483,https://collections.penn.museum/collections/object/333538
IBI-49BD92ACF18B,attributed_author,practitioner,Dukhtīč daughter of Bahāroy,reported,SRC-A90AB34CA3FE,"p. 102, table 6, NFP 3 and note 410"
IBI-49BD92ACF18B,current_or_reported_collection,location,Private collection,reported,SRC-A90AB34CA3FE,"p. 102, table 6, NFP 3 and note 410"
IBI-49BD92ACF18B,formula_genre,ritual,Mesopotamian,reported,SRC-A90AB34CA3FE,"p. 102, table 6, NFP 3 and note 410"
IBI-49BD92ACF18B,inscription_language,language,Jewish Babylonian Aramaic,reported,SRC-A90AB34CA3FE,"p. 102, table 6, NFP 3 and note 410"
IBI-49BD92ACF18B,publication_status,publication,Unpublished; reported as being prepared for publication by James Nathan Ford in 2019,reported,SRC-A90AB34CA3FE,"p. 102, table 6, NFP 3 and note 410"
IBI-49D1BAB76E01,condition,condition,Broken and mended; three text fragments missing.,reported,SRC-943673B56FB8,"Catalogue, text 11, printed p. 322; PDF p. 328; description column"
IBI-49D1BAB76E01,current_or_reported_collection,location,Penn Museum,reported,SRC-943673B56FB8,"p. 322, item 11"
IBI-49D1BAB76E01,dimensions,dimensions,height 6.3 cm; diameter 16.1 cm,reported,SRC-943673B56FB8,"Catalogue, text 11, printed p. 322; PDF p. 328; size column (height by diameter)"
IBI-49D1BAB76E01,dimensions,dimensions,height 6.3 cm; diameter 16.1 cm,reported,SRC-943673B56FB8,"p. 322, item 11"
IBI-49D1BAB76E01,findspot,provenance,Nippur,reported,SRC-943673B56FB8,"p. 322, item 11"
IBI-49D1BAB76E01,inscription_language,language,Jewish Babylonian Aramaic,reported,SRC-943673B56FB8,"p. 322, item 11"
IBI-49D1BAB76E01,publication_register_identifier,publication,CBS 16022,reported,SRC-943673B56FB8,"Catalogue, text 11, printed p. 322; PDF p. 328; catalogue number column"
IBI-49D8C1227586,biblical_quotations,biblical_intertexts,"[""Isa. 51.15"", ""Jer. 31.34"", ""Ps. 115.1-2""]",reported,SRC-73C44B143A9D,"p. 162, distribution table, Shaked 2015: 109-110"
IBI-49D8C1227586,inscription_language,language,Jewish Babylonian Aramaic,reported,SRC-73C44B143A9D,"p. 162, distribution table, Shaked 2015: 109-110"
IBI-4A2F6AC1F208,current_location,location,"Frau Professor Hilprecht Collection, Friedrich Schiller University Jena",reported,SRC-28BD17A5E54E,dc00001092
IBI-4A2F6AC1F208,dating,dating,500–700 CE,reported,SRC-28BD17A5E54E,dc00001092
IBI-4A2F6AC1F208,dimensions,dimensions,Height 6.3 cm; diameter 15.9 cm,reported,SRC-28BD17A5E54E,dc00001092
IBI-4A2F6AC1F208,findspot,provenance,"Nippur, Iraq",reported,SRC-28BD17A5E54E,dc00001092
IBI-4AACF1A7FC32,current_location,location,The British Museum,reported,SRC-3D4B57D27A24,Related objects: 1914-0214-50
IBI-4AACF1A7FC32,dating,dating,6thC-8thC,reported,SRC-3D4B57D27A24,Related objects: 1914-0214-50
IBI-4AACF1A7FC32,findspot,provenance,Excavated/Findspot: Khorsabad,reported,SRC-3D4B57D27A24,Related objects: 1914-0214-50
IBI-4AACF1A7FC32,period,dating,Late-Post Sasanian,reported,SRC-3D4B57D27A24,Related objects: 1914-0214-50
IBI-4AACF1A7FC32,production_place,provenance,"Made in: Iraq, South",reported,SRC-3D4B57D27A24,Related objects: 1914-0214-50
IBI-4AC688F5E515,current_location,location,"Allard Pierson Museum, Amsterdam",reported,SRC-589994C2222B,pp. 174–177
IBI-4AC688F5E515,inscription_language,language,Aramaic,reported,SRC-589994C2222B,pp. 174–177
IBI-4AE5624CAB18,biblical_quotations,biblical_intertexts,"[""Zech. 3.2""]",reported,SRC-73C44B143A9D,"p. 161, distribution table, T 15608"
IBI-4AE5624CAB18,inscription_language,language,Jewish Babylonian Aramaic,reported,SRC-73C44B143A9D,"p. 161, distribution table, T 15608"
IBI-4AF7C0A9A49E,catalogue_language_codes,language,heb,reported,SRC-5355C069886E,MMS 997008712547205171
IBI-4AF7C0A9A49E,current_location,location,"National Library of Israel, Jerusalem",reported,SRC-5355C069886E,MMS 997008712547205171
IBI-4AF7C0A9A49E,dating,dating,400–899 CE,reported,SRC-5355C069886E,MMS 997008712547205171
IBI-4AF7C0A9A49E,dimensions,dimensions,Height 73 mm; source field ‘הקף’ 172 mm,reported,SRC-5355C069886E,MMS 997008712547205171
IBI-4B442625658D,condition,condition,Mild pitting and light exterior deposits; interior inscription partly faded,reported,SRC-DEBDF6834918,"21 May 2025, lot 27, record 166464"
IBI-4B442625658D,dating,dating,6th–7th century CE,reported,SRC-DEBDF6834918,"21 May 2025, lot 27, record 166464"
IBI-4B442625658D,dimensions,dimensions,Diameter 16 cm,reported,SRC-DEBDF6834918,"21 May 2025, lot 27, record 166464"
IBI-4B442625658D,inscription_language,language,Aramaic,reported,SRC-DEBDF6834918,"21 May 2025, lot 27, record 166464"
IBI-4B442625658D,material,material,Buff earthenware,reported,SRC-DEBDF6834918,"21 May 2025, lot 27, record 166464"
IBI-4B442625658D,text_layout,text_form,Spiral,reported,SRC-DEBDF6834918,"21 May 2025, lot 27, record 166464"
IBI-4B613C8F7888,catalogue_language_codes,language,heb,reported,SRC-56DED92C8763,MMS 997008712401005171
IBI-4B613C8F7888,current_location,location,"National Library of Israel, Jerusalem",reported,SRC-56DED92C8763,MMS 997008712401005171
IBI-4B613C8F7888,dating,dating,400–899 CE,reported,SRC-56DED92C8763,MMS 997008712401005171
IBI-4B613C8F7888,dimensions,dimensions,Height 62 mm; source field ‘הקף’ 174 mm,reported,SRC-56DED92C8763,MMS 997008712401005171
IBI-4B7488D77F24,current_or_reported_collection,location,Penn Museum,reported,SRC-6D313A7AA389,"p. 1, item 3"
IBI-4B7488D77F24,inscription_language,language,Syriac,reported,SRC-6D313A7AA389,"p. 1, item 3"
IBI-4B7488D77F24,script,script,Syriac ‘Manichaean’ script,reported,SRC-6D313A7AA389,"p. 1, item 3"
IBI-4B99D46392D1,condition,condition,fragmentary,reported,SRC-3A8095B6D794,index entry BM063A
IBI-4BC0E6C6248A,current_location,location,The British Museum,reported,SRC-3D4B57D27A24,Related objects: 1886-0109-14
IBI-4BC0E6C6248A,dating,dating,6thC-8thC,reported,SRC-3D4B57D27A24,Related objects: 1886-0109-14
IBI-4BC0E6C6248A,findspot,provenance,Found/Acquired: Iraq,reported,SRC-3D4B57D27A24,Related objects: 1886-0109-14
IBI-4BC0E6C6248A,period,dating,Late-Post Sasanian,reported,SRC-3D4B57D27A24,Related objects: 1886-0109-14
IBI-4BC0E6C6248A,production_place,provenance,"Made in: Iraq, South",reported,SRC-3D4B57D27A24,Related objects: 1886-0109-14
IBI-4BE4B69AB2D2,client,client,Aphriduh son of Imma,reported,SRC-B1AA93ACD1E1,"pp. 425–427, plate III"
IBI-4BE4B69AB2D2,current_location,location,"British Museum, London",reported,SRC-B1AA93ACD1E1,"pp. 425–427, plate III"
IBI-4BE4B69AB2D2,dating,dating,6th–7th century CE,reported,SRC-B1AA93ACD1E1,"pp. 425–427, plate III"
IBI-4BE4B69AB2D2,dimensions,dimensions,Diameter 14.5 cm; height 5 cm,reported,SRC-B1AA93ACD1E1,"pp. 425–427, plate III"
IBI-4BE4B69AB2D2,inscription_language,language,Aramaic,reported,SRC-B1AA93ACD1E1,"pp. 425–427, plate III"
IBI-4BE4B69AB2D2,material,material,Pottery,reported,SRC-B1AA93ACD1E1,"pp. 425–427, plate III"
IBI-4BE4B69AB2D2,origin,provenance,"Southern Iraq (reported, uncertain)",reported,SRC-B1AA93ACD1E1,"pp. 425–427, plate III"
IBI-4BE4B69AB2D2,text_purpose,ritual,Healing,reported,SRC-B1AA93ACD1E1,"pp. 425–427, plate III"
IBI-4C5ECE7D80EA,current_location,location,Penn Museum,reported,SRC-6B02C0DF842B,https://collections.penn.museum/collections/object/225262
IBI-4C5ECE7D80EA,material,material,Ceramic; Ink,reported,SRC-6B02C0DF842B,https://collections.penn.museum/collections/object/225262
IBI-4C9716400DD6,current_location,location,The Schøyen Collection,reported,SRC-CC2BEEE1E096,Schøyen record MS 1928/19
IBI-4C9716400DD6,dating,dating,5th-7th c,reported,SRC-CC2BEEE1E096,Schøyen record MS 1928/19
IBI-4C9716400DD6,dimensions,dimensions,16.0x7.5 cm,reported,SRC-CC2BEEE1E096,Schøyen record MS 1928/19
IBI-4C9716400DD6,inscription_language,language,Middle Persian,reported,SRC-CC2BEEE1E096,Schøyen record MS 1928/19
IBI-4C9716400DD6,material,material,clay,reported,SRC-CC2BEEE1E096,Schøyen record MS 1928/19
IBI-4C9716400DD6,origin,provenance,Persia,reported,SRC-CC2BEEE1E096,Schøyen record MS 1928/19
IBI-4C9716400DD6,publication_status,publication,To be published by Prof. Shaul Shaked.,reported,SRC-CC2BEEE1E096,Schøyen record MS 1928/19
IBI-4CB0DA45A7D0,current_location,location,The British Museum,reported,SRC-3D4B57D27A24,Related objects: 1881-0714-8
IBI-4CB0DA45A7D0,dating,dating,6thC-8thC,reported,SRC-3D4B57D27A24,Related objects: 1881-0714-8
IBI-4CB0DA45A7D0,findspot,provenance,Excavated/Findspot: Tell Ibrahim (Kutha),reported,SRC-3D4B57D27A24,Related objects: 1881-0714-8
IBI-4CB0DA45A7D0,period,dating,Late-Post Sasanian,reported,SRC-3D4B57D27A24,Related objects: 1881-0714-8
IBI-4CB0DA45A7D0,production_place,provenance,"Made in: Iraq, South",reported,SRC-3D4B57D27A24,Related objects: 1881-0714-8
IBI-4CD929F055AE,current_or_reported_collection,location,Wolf Collection,reported,SRC-A90AB34CA3FE,"p. 135, note 552"
IBI-4CD929F055AE,inscription_language,language,Jewish Babylonian Aramaic,reported,SRC-A90AB34CA3FE,"p. 135, note 552"
IBI-4CD929F055AE,publication_status,publication,Unpublished,reported,SRC-A90AB34CA3FE,"p. 135, note 552"
IBI-4CD929F055AE,text_tradition,ritual,Semamit-Lilith historiola,reported,SRC-A90AB34CA3FE,"p. 135, note 552"
IBI-4CDAFE6C01A3,biblical_quotations,biblical_intertexts,"[""Num. 9.23"", ""Zech. 3.2"", ""Ps. 55.8"", ""Ps. 91.7""]",reported,SRC-73C44B143A9D,"p. 158, distribution table, JBA 103"
IBI-4CDAFE6C01A3,current_or_reported_collection,location,The Schøyen Collection,reported,SRC-73C44B143A9D,"p. 158, distribution table, JBA 103"
IBI-4CDAFE6C01A3,inscription_language,language,Jewish Babylonian Aramaic,reported,SRC-73C44B143A9D,"p. 158, distribution table, JBA 103"
IBI-4D29382AEC22,current_location,location,Penn Museum,reported,SRC-C19E7D2FAC8D,https://collections.penn.museum/collections/object/55090
IBI-4D29382AEC22,material,material,Ceramic Ink,reported,SRC-C19E7D2FAC8D,https://collections.penn.museum/collections/object/55090
IBI-4D4032DE7595,current_location,location,The British Museum,reported,SRC-3D4B57D27A24,Related objects: 1980-0415-31-g
IBI-4D4032DE7595,dating,dating,6thC-8thC,reported,SRC-3D4B57D27A24,Related objects: 1980-0415-31-g
IBI-4D4032DE7595,findspot,provenance,Found/Acquired: Iraq,reported,SRC-3D4B57D27A24,Related objects: 1980-0415-31-g
IBI-4D4032DE7595,period,dating,Late-Post Sasanian,reported,SRC-3D4B57D27A24,Related objects: 1980-0415-31-g
IBI-4D4032DE7595,production_place,provenance,Made in: Iraq,reported,SRC-3D4B57D27A24,Related objects: 1980-0415-31-g
IBI-4D931CBC1484,biblical_quotations,biblical_intertexts,"[""Isa. 40.12""]",reported,SRC-73C44B143A9D,"p. 161, distribution table, XI-t 5178"
IBI-4D931CBC1484,inscription_language,language,Jewish Babylonian Aramaic,reported,SRC-73C44B143A9D,"p. 161, distribution table, XI-t 5178"
IBI-4E4BF73700F3,current_location,location,Penn Museum,reported,SRC-E5C2BF660801,https://collections.penn.museum/collections/object/172159
IBI-4E4BF73700F3,material,material,Ceramic; Ink,reported,SRC-E5C2BF660801,https://collections.penn.museum/collections/object/172159
IBI-4EDC87544CE8,catalogue_language_codes,language,heb,reported,SRC-99D14359C4FC,MMS 997008712404105171
IBI-4EDC87544CE8,current_location,location,"National Library of Israel, Jerusalem",reported,SRC-99D14359C4FC,MMS 997008712404105171
IBI-4EDC87544CE8,dating,dating,400–899 CE,reported,SRC-99D14359C4FC,MMS 997008712404105171
IBI-4EDC87544CE8,dimensions,dimensions,Height 68 mm; source field ‘הקף’ 160 mm,reported,SRC-99D14359C4FC,MMS 997008712404105171
IBI-4F06EB79A80F,inscription_language,language,Aramaic,reported,SRC-72D809FB4249,text 066A; section pp. 43–102
IBI-4F498F59E098,biblical_quotations,biblical_intertexts,"[""Num. 6.24-26"", ""Ps. 121.7"", ""Ps. 121.4""]",reported,SRC-73C44B143A9D,"p. 159, distribution table, IM 76752"
IBI-4F498F59E098,current_or_reported_collection,location,Iraq Museum,reported,SRC-73C44B143A9D,"p. 159, distribution table, IM 76752"
IBI-4F498F59E098,inscription_language,language,Jewish Babylonian Aramaic,reported,SRC-73C44B143A9D,"p. 159, distribution table, IM 76752"
IBI-4F5841D575F1,biblical_citation,biblical_intertexts,Ephesians 6:10–17,reported,SRC-01E58FA07682,"IBC 3, pp. 417–432"
IBI-4F5841D575F1,condition,condition,Almost complete; 17 fragments rejoined,reported,SRC-01E58FA07682,"IBC 3, pp. 417–432"
IBI-4F5841D575F1,dimensions,dimensions,Diameter 16 cm; height 7 cm,reported,SRC-01E58FA07682,"IBC 3, pp. 417–432"
IBI-4F5841D575F1,iconography,visual,Human-like face with rays or petals,reported,SRC-01E58FA07682,"IBC 3, pp. 417–432"
IBI-4F5841D575F1,inscription_language,language,Syriac,reported,SRC-01E58FA07682,"IBC 3, pp. 417–432"
IBI-4F5841D575F1,line_count,text_form,Eight lines,reported,SRC-01E58FA07682,"IBC 3, pp. 417–432"
IBI-4F5841D575F1,script,script,Estrangelo,reported,SRC-01E58FA07682,"IBC 3, pp. 417–432"
IBI-4F7F8D057CCC,current_location,location,Penn Museum,reported,SRC-433FE9C26B38,https://collections.penn.museum/collections/object/256456
IBI-4F7F8D057CCC,material,material,Ceramic; Ink,reported,SRC-433FE9C26B38,https://collections.penn.museum/collections/object/256456
IBI-4F8B091D150F,inscription_language,language,Aramaic,reported,SRC-72D809FB4249,text 039A; section pp. 43–102
IBI-4F94BCF5D73A,condition,condition,fragmentary,reported,SRC-3A8095B6D794,index entry BM030A
IBI-4FC91C05B993,current_location,location,The British Museum,reported,SRC-3D4B57D27A24,Related objects: 1980-0415-10
IBI-4FC91C05B993,dating,dating,6thC-8thC,reported,SRC-3D4B57D27A24,Related objects: 1980-0415-10
IBI-4FC91C05B993,period,dating,Late-Post Sasanian,reported,SRC-3D4B57D27A24,Related objects: 1980-0415-10
IBI-4FC91C05B993,production_place,provenance,Made in: Iraq,reported,SRC-3D4B57D27A24,Related objects: 1980-0415-10
IBI-4FE7EFCFDFFC,current_location,location,Penn Museum,reported,SRC-4D70F2E22F3B,https://collections.penn.museum/collections/object/332043
IBI-4FE7EFCFDFFC,material,material,Ceramic Ink,reported,SRC-4D70F2E22F3B,https://collections.penn.museum/collections/object/332043
IBI-50F54650C17B,catalogue_language_codes,language,heb,reported,SRC-5F6911283DE0,MMS 997008712399805171
IBI-50F54650C17B,current_location,location,"National Library of Israel, Jerusalem",reported,SRC-5F6911283DE0,MMS 997008712399805171
IBI-50F54650C17B,dating,dating,400–899 CE,reported,SRC-5F6911283DE0,MMS 997008712399805171
IBI-50F54650C17B,dimensions,dimensions,Height 180 mm; source field ‘הקף’ 375 mm,reported,SRC-5F6911283DE0,MMS 997008712399805171
IBI-510CFB1AB6F7,current_location,location,The British Museum,reported,SRC-3D4B57D27A24,Related objects: 1980-0415-31-d
IBI-510CFB1AB6F7,dating,dating,6thC-8thC,reported,SRC-3D4B57D27A24,Related objects: 1980-0415-31-d
IBI-510CFB1AB6F7,findspot,provenance,Found/Acquired: Iraq,reported,SRC-3D4B57D27A24,Related objects: 1980-0415-31-d
IBI-510CFB1AB6F7,period,dating,Late-Post Sasanian,reported,SRC-3D4B57D27A24,Related objects: 1980-0415-31-d
IBI-510CFB1AB6F7,production_place,provenance,Made in: Iraq,reported,SRC-3D4B57D27A24,Related objects: 1980-0415-31-d
IBI-5125DDCA6985,current_location,location,National Library of Israel,reported,SRC-2168D49A8168,"p. 71, caption: incantation bowl no. 139"
IBI-5125DDCA6985,iconography_or_caption,visual,Liliths in a lead chain,reported,SRC-2168D49A8168,"p. 71, caption: incantation bowl no. 139"
IBI-51396F1F61E4,condition,condition,fragmentary,reported,SRC-3A8095B6D794,index entry BM003A
IBI-516832F05365,script,script,Pseudo-script,reported,SRC-72D809FB4249,text 121Ps; section pp. 150–162
IBI-51D0CCC0FDC5,condition,condition,fragmentary,reported,SRC-3A8095B6D794,index entry BM014A
IBI-51D534C82D43,catalogue_language_codes,language,heb,reported,SRC-CC6F5DF593C9,MMS 997008712397005171
IBI-51D534C82D43,current_location,location,"National Library of Israel, Jerusalem",reported,SRC-CC6F5DF593C9,MMS 997008712397005171
IBI-51D534C82D43,dating,dating,400–899 CE,reported,SRC-CC6F5DF593C9,MMS 997008712397005171
IBI-51D534C82D43,dimensions,dimensions,Height 67 mm; source field ‘הקף’ 157 mm,reported,SRC-CC6F5DF593C9,MMS 997008712397005171
IBI-51DF61D0E415,catalogue_language_codes,language,heb,reported,SRC-76FA11AF1EDE,MMS 997008712545805171
IBI-51DF61D0E415,current_location,location,"National Library of Israel, Jerusalem",reported,SRC-76FA11AF1EDE,MMS 997008712545805171
IBI-51DF61D0E415,dating,dating,400–899 CE,reported,SRC-76FA11AF1EDE,MMS 997008712545805171
IBI-51DF61D0E415,dimensions,dimensions,Height 70 mm; source field ‘הקף’ 159 mm,reported,SRC-76FA11AF1EDE,MMS 997008712545805171
IBI-520283C6D783,current_location,location,Penn Museum,reported,SRC-4489E2811D65,https://collections.penn.museum/collections/object/311845
IBI-520283C6D783,material,material,Ceramic; Ink,reported,SRC-4489E2811D65,https://collections.penn.museum/collections/object/311845
IBI-522D56F4C3D8,catalogue_language_codes,language,heb,reported,SRC-3FF9EFFCA935,MMS 997008712396305171
IBI-522D56F4C3D8,current_location,location,"National Library of Israel, Jerusalem",reported,SRC-3FF9EFFCA935,MMS 997008712396305171
IBI-522D56F4C3D8,dating,dating,400–899 CE,reported,SRC-3FF9EFFCA935,MMS 997008712396305171
IBI-522D56F4C3D8,dimensions,dimensions,Height 134 mm; source field ‘הקף’ 350 mm,reported,SRC-3FF9EFFCA935,MMS 997008712396305171
IBI-525DC230A207,dimensions,dimensions,6.7 × 16 × 16 cm,reported,SRC-D5030D381A92,Catawiki lot 67027943
IBI-525DC230A207,material,material,Pottery,reported,SRC-D5030D381A92,Catawiki lot 67027943
IBI-525DC230A207,technical_test,authenticity_assessment,Thermoluminescence test claimed by listing,reported,SRC-D5030D381A92,Catawiki lot 67027943
IBI-52600C3EFC8A,catalogue_language_codes,language,heb,reported,SRC-A300875F3D30,MMS 997008712405005171
IBI-52600C3EFC8A,current_location,location,"National Library of Israel, Jerusalem",reported,SRC-A300875F3D30,MMS 997008712405005171
IBI-52600C3EFC8A,dating,dating,400–899 CE,reported,SRC-A300875F3D30,MMS 997008712405005171
IBI-52600C3EFC8A,dimensions,dimensions,Height 63 mm; source field ‘הקף’ 175 mm,reported,SRC-A300875F3D30,MMS 997008712405005171
IBI-527704D6B074,condition,condition,Broken and mended; one large and one small fragment missing.,reported,SRC-943673B56FB8,"Catalogue, text 32, printed p. 325; PDF p. 331; description column"
IBI-527704D6B074,current_or_reported_collection,location,Penn Museum,reported,SRC-943673B56FB8,"p. 325, item 32"
IBI-527704D6B074,dimensions,dimensions,height 6.9 cm; diameter 17 cm,reported,SRC-943673B56FB8,"Catalogue, text 32, printed p. 325; PDF p. 331; size column (height by diameter)"
IBI-527704D6B074,dimensions,dimensions,height 6.9 cm; diameter 17 cm,reported,SRC-943673B56FB8,"p. 325, item 32"
IBI-527704D6B074,findspot,provenance,Nippur,reported,SRC-943673B56FB8,"p. 325, item 32"
IBI-527704D6B074,inscription_language,language,Syriac,reported,SRC-943673B56FB8,"p. 325, item 32"
IBI-527704D6B074,publication_register_identifier,publication,CBS 16086,reported,SRC-943673B56FB8,"Catalogue, text 32, printed p. 325; PDF p. 331; catalogue number column"
IBI-52859A699CD5,current_location,location,Penn Museum,reported,SRC-B6451D1438C3,https://collections.penn.museum/collections/object/36365
IBI-52859A699CD5,material,material,Ceramic Ink,reported,SRC-B6451D1438C3,https://collections.penn.museum/collections/object/36365
IBI-530D2CFECF43,catalogue_language_codes,language,heb,reported,SRC-5D90E7DD9601,MMS 997008712410405171
IBI-530D2CFECF43,current_location,location,"National Library of Israel, Jerusalem",reported,SRC-5D90E7DD9601,MMS 997008712410405171
IBI-530D2CFECF43,dating,dating,400–899 CE,reported,SRC-5D90E7DD9601,MMS 997008712410405171
IBI-530D2CFECF43,dimensions,dimensions,Height 63 mm; source field ‘הקף’ 143 mm,reported,SRC-5D90E7DD9601,MMS 997008712410405171
IBI-5337D0961A00,client,client,Amkur and his son,reported,SRC-36BB3396A927,lot 47; record 23199669
IBI-5337D0961A00,dating,dating,5th–6th century CE,reported,SRC-36BB3396A927,lot 47; record 23199669
IBI-5337D0961A00,dimensions,dimensions,Diameter 17.6 cm,reported,SRC-36BB3396A927,lot 47; record 23199669
IBI-5337D0961A00,inscription_language,language,Mandaic,reported,SRC-36BB3396A927,lot 47; record 23199669
IBI-5337D0961A00,line_count,text_form,16 concentric lines,reported,SRC-36BB3396A927,lot 47; record 23199669
IBI-5337D0961A00,material,material,Terracotta,reported,SRC-36BB3396A927,lot 47; record 23199669
IBI-5337D0961A00,text_purpose,ritual,Protection against burning fever,reported,SRC-36BB3396A927,lot 47; record 23199669
IBI-5344FF63115C,current_location,location,Penn Museum,reported,SRC-FF18D9451680,https://collections.penn.museum/collections/object/151160
IBI-5344FF63115C,material,material,Ceramic; Ink,reported,SRC-FF18D9451680,https://collections.penn.museum/collections/object/151160
IBI-53A84E600FF4,biblical_quotation,biblical_intertexts,Zechariah 3:2,reported,SRC-C54888E36130,MS 2053/196 context: MS 1927/10
IBI-53A84E600FF4,current_location,location,The Schøyen Collection,reported,SRC-C54888E36130,MS 2053/196 context: MS 1927/10
IBI-53BBE7375CCD,current_location,location,Penn Museum,reported,SRC-305EE21263F2,https://collections.penn.museum/collections/object/188705
IBI-53BBE7375CCD,material,material,Ceramic Ink,reported,SRC-305EE21263F2,https://collections.penn.museum/collections/object/188705
IBI-53CF771EE2FA,condition,condition,fragmentary,reported,SRC-3A8095B6D794,index entry BM007A
IBI-541CBE3771BC,current_location,location,Penn Museum,reported,SRC-EB27F206924F,https://collections.penn.museum/collections/object/182721
IBI-541CBE3771BC,material,material,Ceramic; Ink,reported,SRC-EB27F206924F,https://collections.penn.museum/collections/object/182721
IBI-5430A0855D0E,client,client,"NYPR’, son of M’RWY",reported,SRC-899462FAA735,"p. 138, table 8.1: 18N18"
IBI-5430A0855D0E,dating,dating,Sasanian–Early Islamic context,reported,SRC-899462FAA735,"p. 138, table 8.1: 18N18"
IBI-5430A0855D0E,findspot,provenance,"Nippur, Area WG, locus 14, floor 2",reported,SRC-899462FAA735,"p. 138, table 8.1: 18N18"
IBI-5430A0855D0E,inscription_language,language,Aramaic,reported,SRC-899462FAA735,"p. 138, table 8.1: 18N18"
IBI-544ABA7B7DAA,condition,condition,Broken and mended; several small holes.,reported,SRC-943673B56FB8,"Catalogue, text 38, printed p. 326; PDF p. 332; description column"
IBI-544ABA7B7DAA,current_or_reported_collection,location,Penn Museum,reported,SRC-943673B56FB8,"p. 326, item 38"
IBI-544ABA7B7DAA,dimensions,dimensions,height 7 cm; diameter 17 cm,reported,SRC-943673B56FB8,"Catalogue, text 38, printed p. 326; PDF p. 332; size column (height by diameter)"
IBI-544ABA7B7DAA,dimensions,dimensions,height 7 cm; diameter 17 cm,reported,SRC-943673B56FB8,"p. 326, item 38"
IBI-544ABA7B7DAA,findspot,provenance,Nippur,reported,SRC-943673B56FB8,"p. 326, item 38"
IBI-544ABA7B7DAA,inscription_language,language,Mandaic,reported,SRC-943673B56FB8,"p. 326, item 38"
IBI-544ABA7B7DAA,publication_register_identifier,publication,CBS 2941,reported,SRC-943673B56FB8,"Catalogue, text 38, printed p. 326; PDF p. 332; catalogue number column"
IBI-5450D882F4E2,current_location,location,Penn Museum,reported,SRC-5E9C0E6CB79F,https://collections.penn.museum/collections/object/160253
IBI-5450D882F4E2,material,material,Ceramic; Ink,reported,SRC-5E9C0E6CB79F,https://collections.penn.museum/collections/object/160253
IBI-549372009A48,bibliography,publication,"Ford 2014 commentary on Shaked–Ford–Bhayro 2013, JBA 37",reported,SRC-FORD2014-AUOR,"Commentary on JBA 37, Ford 2014 pp. 239–241"
IBI-549372009A48,text_feature,text_description,Ford reports: Discussion of a feminine-plural formation.,reported,SRC-FORD2014-AUOR,pp. 239–241; JBA 37:6
IBI-54CD93D3C03E,catalogue_language_codes,language,heb,reported,SRC-61EC9872D89C,MMS 997008712406405171
IBI-54CD93D3C03E,current_location,location,"National Library of Israel, Jerusalem",reported,SRC-61EC9872D89C,MMS 997008712406405171
IBI-54CD93D3C03E,dating,dating,400–899 CE,reported,SRC-61EC9872D89C,MMS 997008712406405171
IBI-54CD93D3C03E,dimensions,dimensions,Height 58 mm; source field ‘הקף’ 174 mm,reported,SRC-61EC9872D89C,MMS 997008712406405171
IBI-54F1E266EBCC,current_or_reported_collection,location,Johns Hopkins Archaeological Museum,reported,SRC-6D313A7AA389,"p. 1, item 13"
IBI-54F1E266EBCC,inscription_language,language,Syriac,reported,SRC-6D313A7AA389,"p. 1, item 13"
IBI-54F1E266EBCC,script,script,Syriac ‘Manichaean’ script,reported,SRC-6D313A7AA389,"p. 1, item 13"
IBI-555795C53961,material,material,Terracotta,reported,SRC-5ED09A04C455,Catawiki lot 52757191
IBI-555795C53961,script_or_language,language,Aramean / Aramaic (auction attribution),reported,SRC-5ED09A04C455,Catawiki lot 52757191
IBI-555D2CF45684,culture,dating,Sasanian,reported,SRC-DF02F9A74D90,https://www.metmuseum.org/art/collection/search/321886
IBI-555D2CF45684,current_location,location,"Metropolitan Museum of Art, New York, NY",reported,SRC-DF02F9A74D90,https://www.metmuseum.org/art/collection/search/321886
IBI-555D2CF45684,dating,dating,ca. 5th–6th century CE,reported,SRC-DF02F9A74D90,https://www.metmuseum.org/art/collection/search/321886
IBI-555D2CF45684,dimensions,dimensions,1 15/16 × 4 13/16 × 4 13/16 in. (5 × 12.2 × 12.2 cm),reported,SRC-DF02F9A74D90,https://www.metmuseum.org/art/collection/search/321886
IBI-555D2CF45684,geography,provenance,Mesopotamia,reported,SRC-DF02F9A74D90,https://www.metmuseum.org/art/collection/search/321886
IBI-555D2CF45684,inscription_language,language,Pseudo-Aramaic,reported,SRC-DF02F9A74D90,https://www.metmuseum.org/art/collection/search/321886
IBI-555D2CF45684,material,material,"Ceramic, paint",reported,SRC-DF02F9A74D90,https://www.metmuseum.org/art/collection/search/321886
IBI-555D2CF45684,period,dating,Sasanian,reported,SRC-DF02F9A74D90,https://www.metmuseum.org/art/collection/search/321886
IBI-555D2CF45684,provenance_summary,provenance,"Purchase, 1886",reported,SRC-DF02F9A74D90,https://www.metmuseum.org/art/collection/search/321886
IBI-5592B06397E2,current_location,location,Penn Museum,reported,SRC-7C6EE65D44A4,https://collections.penn.museum/collections/object/279621
IBI-5592B06397E2,material,material,Ceramic; Ink,reported,SRC-7C6EE65D44A4,https://collections.penn.museum/collections/object/279621
IBI-559FAD73616B,current_location,location,Penn Museum,reported,SRC-227FB1322589,https://collections.penn.museum/collections/object/204382
IBI-559FAD73616B,material,material,Ceramic; Ink,reported,SRC-227FB1322589,https://collections.penn.museum/collections/object/204382
IBI-5632A258703A,biblical_quotations,biblical_intertexts,"[""Exod. 15.12""]",reported,SRC-73C44B143A9D,"p. 159, distribution table, IM 56544"
IBI-5632A258703A,current_or_reported_collection,location,Iraq Museum,reported,SRC-73C44B143A9D,"p. 159, distribution table, IM 56544"
IBI-5632A258703A,inscription_language,language,Jewish Babylonian Aramaic,reported,SRC-73C44B143A9D,"p. 159, distribution table, IM 56544"
IBI-564F562C76B3,catalogue_language_codes,language,heb,reported,SRC-47341996F035,MMS 997008712547505171
IBI-564F562C76B3,current_location,location,"National Library of Israel, Jerusalem",reported,SRC-47341996F035,MMS 997008712547505171
IBI-564F562C76B3,dating,dating,400–899 CE,reported,SRC-47341996F035,MMS 997008712547505171
IBI-564F562C76B3,dimensions,dimensions,Height 74 mm; source field ‘הקף’ 159 mm,reported,SRC-47341996F035,MMS 997008712547505171
IBI-5668DFCF5849,current_location,location,Penn Museum,reported,SRC-B341F40EFEF5,https://collections.penn.museum/collections/object/252830
IBI-5668DFCF5849,material,material,Ceramic; Ink,reported,SRC-B341F40EFEF5,https://collections.penn.museum/collections/object/252830
IBI-56796E0EB0E2,biblical_quotations,biblical_intertexts,"[""Num. 9.23""]",reported,SRC-73C44B143A9D,"p. 158, distribution table, HS 3005"
IBI-56796E0EB0E2,current_or_reported_collection,location,"Frau Professor Hilprecht Collection, Jena",reported,SRC-73C44B143A9D,"p. 158, distribution table, HS 3005"
IBI-56796E0EB0E2,inscription_language,language,Jewish Babylonian Aramaic,reported,SRC-73C44B143A9D,"p. 158, distribution table, HS 3005"
IBI-5689D7C131FC,client,client,Bahranduk daughter of Newanduk and Mahdad son of Ispandarmid,reported,SRC-84678662059D,object W_1851-0903-2
IBI-5689D7C131FC,current_location,location,The British Museum,reported,SRC-3D4B57D27A24,Related objects: 1851-0903-2
IBI-5689D7C131FC,current_location,location,The British Museum,reported,SRC-84678662059D,object W_1851-0903-2
IBI-5689D7C131FC,dating,dating,6thC-8thC,reported,SRC-3D4B57D27A24,Related objects: 1851-0903-2
IBI-5689D7C131FC,dating,dating,6thC–8thC,reported,SRC-84678662059D,object W_1851-0903-2
IBI-5689D7C131FC,dimensions,dimensions,Diameter 16.40 cm; depth 6.90 cm,reported,SRC-84678662059D,object W_1851-0903-2
IBI-5689D7C131FC,findspot,provenance,Excavated/Findspot: Amran (Babylon),reported,SRC-3D4B57D27A24,Related objects: 1851-0903-2
IBI-5689D7C131FC,findspot,provenance,Amran (Babylon),reported,SRC-84678662059D,object W_1851-0903-2
IBI-5689D7C131FC,inscription_language,language,Aramaic,reported,SRC-84678662059D,object W_1851-0903-2
IBI-5689D7C131FC,material,material,pottery,reported,SRC-84678662059D,object W_1851-0903-2
IBI-5689D7C131FC,period,dating,Late-Post Sasanian,reported,SRC-3D4B57D27A24,Related objects: 1851-0903-2
IBI-5689D7C131FC,production_place,provenance,Made in: Iraq,reported,SRC-3D4B57D27A24,Related objects: 1851-0903-2
IBI-5689D7C131FC,text_purpose,ritual,Bill of divorce against demons and other evil beings,reported,SRC-84678662059D,object W_1851-0903-2
IBI-5697CFCCA6A5,biblical_quotations,biblical_intertexts,"[""Zech. 3.2""]",reported,SRC-73C44B143A9D,"p. 155, distribution table, M 059"
IBI-5697CFCCA6A5,current_or_reported_collection,location,Moussaieff Collection,reported,SRC-73C44B143A9D,"p. 155, distribution table, M 059"
IBI-5697CFCCA6A5,inscription_language,language,Jewish Babylonian Aramaic,reported,SRC-73C44B143A9D,"p. 155, distribution table, M 059"
IBI-56B449534A9B,current_location,location,Penn Museum,reported,SRC-F23AC44C9882,https://collections.penn.museum/collections/object/617
IBI-56B449534A9B,material,material,Ceramic Ink,reported,SRC-F23AC44C9882,https://collections.penn.museum/collections/object/617
IBI-56C0FBBB8E70,current_location,location,The British Museum,reported,SRC-3D4B57D27A24,Related objects: 1911-0408-45
IBI-56C0FBBB8E70,dating,dating,6thC-8thC,reported,SRC-3D4B57D27A24,Related objects: 1911-0408-45
IBI-56C0FBBB8E70,findspot,provenance,Found/Acquired: Iraq,reported,SRC-3D4B57D27A24,Related objects: 1911-0408-45
IBI-56C0FBBB8E70,period,dating,Late-Post Sasanian,reported,SRC-3D4B57D27A24,Related objects: 1911-0408-45
IBI-56C0FBBB8E70,production_place,provenance,Made in: Iraq,reported,SRC-3D4B57D27A24,Related objects: 1911-0408-45
IBI-56CB143F21AA,current_or_reported_collection,location,National Library of Israel,reported,SRC-A90AB34CA3FE,"p. 134, note 546"
IBI-56CB143F21AA,handwriting_attribution,practitioner,Dukhtīč daughter of Bahāroy,reported,SRC-A90AB34CA3FE,"p. 134, note 546"
IBI-56CB143F21AA,inscription_language,language,Jewish Babylonian Aramaic,reported,SRC-A90AB34CA3FE,"p. 134, note 546"
IBI-56CB143F21AA,text_tradition,ritual,Semamit historiola,reported,SRC-A90AB34CA3FE,"p. 134, note 546"
IBI-579F6C01A9C9,dimensions,dimensions,16 cm,reported,SRC-E727BD1F6B73,DOI 10.25549/inscriptifact-ouc15260334
IBI-579F6C01A9C9,material,material,Clay,reported,SRC-E727BD1F6B73,DOI 10.25549/inscriptifact-ouc15260334
IBI-579F6C01A9C9,provenance_summary,provenance,Unprovenanced,reported,SRC-E727BD1F6B73,DOI 10.25549/inscriptifact-ouc15260334
IBI-579F6C01A9C9,script_or_language,language,Jewish Aramaic,reported,SRC-E727BD1F6B73,DOI 10.25549/inscriptifact-ouc15260334
IBI-57DA11BFD44F,catalogue_language_codes,language,heb,reported,SRC-0C4E120C4D5D,MMS 997008712403105171
IBI-57DA11BFD44F,current_location,location,"National Library of Israel, Jerusalem",reported,SRC-0C4E120C4D5D,MMS 997008712403105171
IBI-57DA11BFD44F,dating,dating,400–899 CE,reported,SRC-0C4E120C4D5D,MMS 997008712403105171
IBI-57DA11BFD44F,dimensions,dimensions,Height 84 mm; source field ‘הקף’ 174 mm,reported,SRC-0C4E120C4D5D,MMS 997008712403105171
IBI-57E8D820C43C,current_location,location,The British Museum,reported,SRC-3D4B57D27A24,Related objects: 1953-1010-16
IBI-57E8D820C43C,dating,dating,6thC-8thC,reported,SRC-3D4B57D27A24,Related objects: 1953-1010-16
IBI-57E8D820C43C,period,dating,Late-Post Sasanian,reported,SRC-3D4B57D27A24,Related objects: 1953-1010-16
IBI-57E8D820C43C,production_place,provenance,Made in: Iraq,reported,SRC-3D4B57D27A24,Related objects: 1953-1010-16
IBI-583417FC78CB,current_location,location,Penn Museum,reported,SRC-6C59F1DF2FE9,https://collections.penn.museum/collections/object/305906
IBI-583417FC78CB,material,material,Ceramic; Ink,reported,SRC-6C59F1DF2FE9,https://collections.penn.museum/collections/object/305906
IBI-586A5A88B7DC,biblical_quotations,biblical_intertexts,"[""Exod. 3.15""]",reported,SRC-73C44B143A9D,"p. 153, distribution table, Isbell 12"
IBI-586A5A88B7DC,inscription_language,language,Jewish Babylonian Aramaic,reported,SRC-73C44B143A9D,"p. 153, distribution table, Isbell 12"
IBI-58B777C45C40,biblical_quotation,biblical_intertexts,Psalms 55:8,reported,SRC-C54888E36130,MS 2053/196 context: MS 1927/37
IBI-58B777C45C40,current_location,location,The Schøyen Collection,reported,SRC-C54888E36130,MS 2053/196 context: MS 1927/37
IBI-591F2729082B,biblical_quotations,biblical_intertexts,"[""Deut. 6.4"", ""Zech. 3.2"", ""Ps. 91.1""]",reported,SRC-73C44B143A9D,"p. 161, distribution table, ZRL 48"
IBI-591F2729082B,inscription_language,language,Jewish Babylonian Aramaic,reported,SRC-73C44B143A9D,"p. 161, distribution table, ZRL 48"
IBI-597290DEB8C3,current_location,location,Penn Museum,reported,SRC-9FBCEE17F505,https://collections.penn.museum/collections/object/67147
IBI-597290DEB8C3,material,material,Ceramic; Ink,reported,SRC-9FBCEE17F505,https://collections.penn.museum/collections/object/67147
IBI-5A3C52509B4D,catalogue_language_codes,language,heb,reported,SRC-86094B7B5D39,MMS 997008712408705171
IBI-5A3C52509B4D,current_location,location,"National Library of Israel, Jerusalem",reported,SRC-86094B7B5D39,MMS 997008712408705171
IBI-5A3C52509B4D,dating,dating,400–899 CE,reported,SRC-86094B7B5D39,MMS 997008712408705171
IBI-5A3C52509B4D,dimensions,dimensions,Height 72 mm; source field ‘הקף’ 157 mm,reported,SRC-86094B7B5D39,MMS 997008712408705171
IBI-5A650FB631EB,current_location,location,Penn Museum,reported,SRC-53453CB4041A,https://collections.penn.museum/collections/object/109436
IBI-5A650FB631EB,material,material,Ceramic Ink,reported,SRC-53453CB4041A,https://collections.penn.museum/collections/object/109436
IBI-5A68C5918142,current_location,location,The British Museum,reported,SRC-3D4B57D27A24,Related objects: 1914-0214-47
IBI-5A68C5918142,dating,dating,6thC-8thC,reported,SRC-3D4B57D27A24,Related objects: 1914-0214-47
IBI-5A68C5918142,findspot,provenance,Found/Acquired: Khorsabad,reported,SRC-3D4B57D27A24,Related objects: 1914-0214-47
IBI-5A68C5918142,period,dating,Late-Post Sasanian,reported,SRC-3D4B57D27A24,Related objects: 1914-0214-47
IBI-5A68C5918142,production_place,provenance,Made in: Iraq,reported,SRC-3D4B57D27A24,Related objects: 1914-0214-47
IBI-5A78EABCD168,biblical_quotations,biblical_intertexts,"[""Exod. 3.5""]",reported,SRC-73C44B143A9D,"p. 155, distribution table, M 138"
IBI-5A78EABCD168,current_or_reported_collection,location,Moussaieff Collection,reported,SRC-73C44B143A9D,"p. 155, distribution table, M 138"
IBI-5A78EABCD168,inscription_language,language,Jewish Babylonian Aramaic,reported,SRC-73C44B143A9D,"p. 155, distribution table, M 138"
IBI-5AE22A5683A5,catalogue_language_codes,language,heb,reported,SRC-E8D5BD16B78D,MMS 997008712403405171
IBI-5AE22A5683A5,current_location,location,"National Library of Israel, Jerusalem",reported,SRC-E8D5BD16B78D,MMS 997008712403405171
IBI-5AE22A5683A5,dating,dating,400–899 CE,reported,SRC-E8D5BD16B78D,MMS 997008712403405171
IBI-5AE22A5683A5,dimensions,dimensions,Height 67 mm; source field ‘הקף’ 156 mm,reported,SRC-E8D5BD16B78D,MMS 997008712403405171
IBI-5B1343517775,condition,condition,Broken and mended.,reported,SRC-943673B56FB8,"Catalogue, text 2, printed p. 321; PDF p. 327; description column"
IBI-5B1343517775,current_or_reported_collection,location,Penn Museum,reported,SRC-943673B56FB8,"p. 321, item 2"
IBI-5B1343517775,dimensions,dimensions,height 7.2 cm; diameter 17.4 cm,reported,SRC-943673B56FB8,"p. 321, item 2"
IBI-5B1343517775,dimensions,dimensions,height 7.2 cm; diameter 17.4 cm,reported,SRC-943673B56FB8,"Catalogue, text 2, printed p. 321; PDF p. 327; size column (height by diameter)"
IBI-5B1343517775,findspot,provenance,Nippur,reported,SRC-943673B56FB8,"p. 321, item 2"
IBI-5B1343517775,inscription_language,language,Jewish Babylonian Aramaic,reported,SRC-943673B56FB8,"p. 321, item 2"
IBI-5B1343517775,publication_register_identifier,publication,CBS 2945,reported,SRC-943673B56FB8,"Catalogue, text 2, printed p. 321; PDF p. 327; catalogue number column"
IBI-5B31D5318EAC,condition,condition,fragmentary,reported,SRC-3A8095B6D794,index entry BM025A
IBI-5B32B54C7F0C,catalogue_language_codes,language,heb,reported,SRC-41B17DE2900D,MMS 997008712400705171
IBI-5B32B54C7F0C,current_location,location,"National Library of Israel, Jerusalem",reported,SRC-41B17DE2900D,MMS 997008712400705171
IBI-5B32B54C7F0C,dating,dating,400–899 CE,reported,SRC-41B17DE2900D,MMS 997008712400705171
IBI-5B32B54C7F0C,dimensions,dimensions,Height 85 mm; source field ‘הקף’ 165 mm,reported,SRC-41B17DE2900D,MMS 997008712400705171
IBI-5B7219F61A21,current_location,location,Penn Museum,reported,SRC-9D328E5D571E,https://collections.penn.museum/collections/object/226368
IBI-5B7219F61A21,material,material,Ceramic Ink,reported,SRC-9D328E5D571E,https://collections.penn.museum/collections/object/226368
IBI-5B8A457394DA,inscription_language,language,Mandaic,reported,SRC-72D809FB4249,text 079M; section pp. 103–146
IBI-5B8AA7831836,catalogue_language_codes,language,heb,reported,SRC-DE98B3363294,MMS 997008712398105171
IBI-5B8AA7831836,current_location,location,"National Library of Israel, Jerusalem",reported,SRC-DE98B3363294,MMS 997008712398105171
IBI-5B8AA7831836,dating,dating,400–899 CE,reported,SRC-DE98B3363294,MMS 997008712398105171
IBI-5B8AA7831836,dimensions,dimensions,Height 68 mm; source field ‘הקף’ 182 mm,reported,SRC-DE98B3363294,MMS 997008712398105171
IBI-5BA864A5AA3B,condition,condition,fragmentary,reported,SRC-3A8095B6D794,index entry BM072A
IBI-5BD2C1B41501,client,client,Mari son of Awirta,reported,SRC-E94437DF5962,"Auction 32, lot 154"
IBI-5BD2C1B41501,dating,dating,5th–7th century CE,reported,SRC-E94437DF5962,"Auction 32, lot 154"
IBI-5BD2C1B41501,dimensions,dimensions,Diameter 14 cm; height 6 cm,reported,SRC-E94437DF5962,"Auction 32, lot 154"
IBI-5BD2C1B41501,inscription_language,language,Jewish Babylonian Aramaic,reported,SRC-E94437DF5962,"Auction 32, lot 154"
IBI-5BD2C1B41501,material,material,Pottery,reported,SRC-E94437DF5962,"Auction 32, lot 154"
IBI-5C355EF43D8D,condition,condition,Broken and mended; two small fragments missing.,reported,SRC-943673B56FB8,"Catalogue, text 8, printed p. 322; PDF p. 328; description column"
IBI-5C355EF43D8D,current_or_reported_collection,location,Penn Museum,reported,SRC-943673B56FB8,"p. 322, item 8"
IBI-5C355EF43D8D,dimensions,dimensions,height 8.5 cm; diameter 16.6 cm,reported,SRC-943673B56FB8,"p. 322, item 8"
IBI-5C355EF43D8D,dimensions,dimensions,height 8.5 cm; diameter 16.6 cm,reported,SRC-943673B56FB8,"Catalogue, text 8, printed p. 322; PDF p. 328; size column (height by diameter)"
IBI-5C355EF43D8D,findspot,provenance,Nippur,reported,SRC-943673B56FB8,"p. 322, item 8"
IBI-5C355EF43D8D,inscription_language,language,Jewish Babylonian Aramaic,reported,SRC-943673B56FB8,"p. 322, item 8"
IBI-5C355EF43D8D,publication_register_identifier,publication,CBS 9013,reported,SRC-943673B56FB8,"Catalogue, text 8, printed p. 322; PDF p. 328; catalogue number column"
IBI-5C48844F88FB,inscription_language,language,Aramaic,reported,SRC-72D809FB4249,text 040A; section pp. 43–102
IBI-5C4F91E6067E,catalogue_language_codes,language,heb,reported,SRC-924037351956,MMS 997008712406205171
IBI-5C4F91E6067E,current_location,location,"National Library of Israel, Jerusalem",reported,SRC-924037351956,MMS 997008712406205171
IBI-5C4F91E6067E,dating,dating,400–899 CE,reported,SRC-924037351956,MMS 997008712406205171
IBI-5C4F91E6067E,dimensions,dimensions,Height 62 mm; source field ‘הקף’ 170 mm,reported,SRC-924037351956,MMS 997008712406205171
IBI-5C86F6265738,current_or_reported_collection,location,Penn Museum,reported,SRC-6D313A7AA389,"p. 1, item 7"
IBI-5C86F6265738,inscription_language,language,Syriac,reported,SRC-6D313A7AA389,"p. 1, item 7"
IBI-5C86F6265738,script,script,Syriac ‘Manichaean’ script,reported,SRC-6D313A7AA389,"p. 1, item 7"
IBI-5CB5A9A5E46E,condition,condition,Broken and mended; one fragment missing.,reported,SRC-943673B56FB8,"Catalogue, text 29, printed p. 325; PDF p. 331; description column"
IBI-5CB5A9A5E46E,current_or_reported_collection,location,Penn Museum,reported,SRC-943673B56FB8,"p. 325, item 29"
IBI-5CB5A9A5E46E,dimensions,dimensions,height 6.8 cm; diameter 17 cm,reported,SRC-943673B56FB8,"Catalogue, text 29, printed p. 325; PDF p. 331; size column (height by diameter)"
IBI-5CB5A9A5E46E,dimensions,dimensions,height 6.8 cm; diameter 17 cm,reported,SRC-943673B56FB8,"p. 325, item 29"
IBI-5CB5A9A5E46E,findspot,provenance,Nippur,reported,SRC-943673B56FB8,"p. 325, item 29"
IBI-5CB5A9A5E46E,inscription_language,language,Jewish Babylonian Aramaic,reported,SRC-943673B56FB8,"p. 325, item 29"
IBI-5CB5A9A5E46E,publication_register_identifier,publication,CBS 16055,reported,SRC-943673B56FB8,"Catalogue, text 29, printed p. 325; PDF p. 331; catalogue number column"
IBI-5D08E0461F30,clients,client,"Danyesh, Ruay, and Duma, sons of MHLPTA",reported,SRC-C628D3B5E8F9,18N97 / Iraq Museum 114986
IBI-5D08E0461F30,current_location,location,Iraq Museum,reported,SRC-C628D3B5E8F9,18N97 / Iraq Museum 114986
IBI-5D08E0461F30,dating,dating,Sasanian–early Islamic; possibly as late as 8th century CE,reported,SRC-C628D3B5E8F9,18N97 / Iraq Museum 114986
IBI-5D08E0461F30,dimensions,dimensions,17.4 × 7.0 cm,reported,SRC-C628D3B5E8F9,18N97 / Iraq Museum 114986
IBI-5D08E0461F30,findspot,provenance,"Nippur Area WG, large-house courtyard, Level III",reported,SRC-C628D3B5E8F9,18N97 / Iraq Museum 114986
IBI-5D08E0461F30,inscription_language,language,Mandaic,reported,SRC-C628D3B5E8F9,18N97 / Iraq Museum 114986
IBI-5D08E0461F30,material,material,Pale-brown micaceous fabric with dense black grit; wheel-thrown,reported,SRC-C628D3B5E8F9,18N97 / Iraq Museum 114986
IBI-5DA6D4C914F4,current_location,location,Penn Museum,reported,SRC-0BB014E762FF,https://collections.penn.museum/collections/object/189411
IBI-5DA6D4C914F4,material,material,Ceramic; Ink,reported,SRC-0BB014E762FF,https://collections.penn.museum/collections/object/189411
IBI-5DF7F023CE35,biblical_quotation,biblical_intertexts,Zechariah 3:2,reported,SRC-C54888E36130,MS 2053/196 context: MS 2053/38
IBI-5DF7F023CE35,current_location,location,The Schøyen Collection,reported,SRC-C54888E36130,MS 2053/196 context: MS 2053/38
IBI-5E1534581648,current_location,location,Penn Museum,reported,SRC-1D8E2B6707B0,https://collections.penn.museum/collections/object/305967
IBI-5E1534581648,material,material,Ceramic; Ink,reported,SRC-1D8E2B6707B0,https://collections.penn.museum/collections/object/305967
IBI-5E32D964D468,dimensions,dimensions,16 cm,reported,SRC-213738DB2FB5,DOI 10.25549/inscriptifact-ouc15260317
IBI-5E32D964D468,material,material,Clay,reported,SRC-213738DB2FB5,DOI 10.25549/inscriptifact-ouc15260317
IBI-5E32D964D468,provenance_summary,provenance,Unprovenanced,reported,SRC-213738DB2FB5,DOI 10.25549/inscriptifact-ouc15260317
IBI-5E32D964D468,script_or_language,language,Jewish Aramaic,reported,SRC-213738DB2FB5,DOI 10.25549/inscriptifact-ouc15260317
IBI-5E45A166A621,current_location,location,Penn Museum,reported,SRC-78F948AF3697,https://collections.penn.museum/collections/object/330993
IBI-5E45A166A621,material,material,Ceramic; Ink,reported,SRC-78F948AF3697,https://collections.penn.museum/collections/object/330993
IBI-5E480A6DF9A3,current_location,location,Penn Museum,reported,SRC-F183B7163F77,https://collections.penn.museum/collections/object/135414
IBI-5E480A6DF9A3,material,material,Ceramic; Ink,reported,SRC-F183B7163F77,https://collections.penn.museum/collections/object/135414
IBI-5EA30AAE087E,catalogue_language_codes,language,heb,reported,SRC-A53D9913109D,MMS 997008712402905171
IBI-5EA30AAE087E,current_location,location,"National Library of Israel, Jerusalem",reported,SRC-A53D9913109D,MMS 997008712402905171
IBI-5EA30AAE087E,dating,dating,400–899 CE,reported,SRC-A53D9913109D,MMS 997008712402905171
IBI-5EA30AAE087E,dimensions,dimensions,Height 72 mm; source field ‘הקף’ 175 mm,reported,SRC-A53D9913109D,MMS 997008712402905171
IBI-5ECA91207942,current_location,location,"Frau Professor Hilprecht Collection, Friedrich Schiller University Jena",reported,SRC-3069F3084A04,dc00001099
IBI-5ECA91207942,dating,dating,500–700 CE,reported,SRC-3069F3084A04,dc00001099
IBI-5ECA91207942,dimensions,dimensions,Height 8.5 cm; diameter 14 cm,reported,SRC-3069F3084A04,dc00001099
IBI-5ECA91207942,findspot,provenance,"Nippur, Iraq",reported,SRC-3069F3084A04,dc00001099
IBI-5EFBFD3ADE74,current_location,location,The British Museum,reported,SRC-3D4B57D27A24,Related objects: 1980-0415-26
IBI-5EFBFD3ADE74,dating,dating,6thC-8thC,reported,SRC-3D4B57D27A24,Related objects: 1980-0415-26
IBI-5EFBFD3ADE74,period,dating,Late-Post Sasanian,reported,SRC-3D4B57D27A24,Related objects: 1980-0415-26
IBI-5EFBFD3ADE74,production_place,provenance,Made in: Iraq,reported,SRC-3D4B57D27A24,Related objects: 1980-0415-26
IBI-5EFFC55984C7,current_location,location,Penn Museum,reported,SRC-544C605C0F49,https://collections.penn.museum/collections/object/296104
IBI-5EFFC55984C7,material,material,Ceramic; Ink,reported,SRC-544C605C0F49,https://collections.penn.museum/collections/object/296104
IBI-5F0220831F74,current_location,location,Penn Museum,reported,SRC-0CAE1EF4AE7B,https://collections.penn.museum/collections/object/290797
IBI-5F0220831F74,material,material,Ceramic; Ink,reported,SRC-0CAE1EF4AE7B,https://collections.penn.museum/collections/object/290797
IBI-5F60BF45DDD7,biblical_quotations,biblical_intertexts,"[""Gen. 49.22"", ""Isa. 40.12""]",reported,SRC-73C44B143A9D,"p. 155, distribution table, CAMIB 71"
IBI-5F60BF45DDD7,current_or_reported_collection,location,British Museum,reported,SRC-73C44B143A9D,"p. 155, distribution table, CAMIB 71"
IBI-5F60BF45DDD7,inscription_language,language,Jewish Babylonian Aramaic,reported,SRC-73C44B143A9D,"p. 155, distribution table, CAMIB 71"
IBI-5FEA632C514C,biblical_quotations,biblical_intertexts,"[""Isa. 6.3""]",reported,SRC-73C44B143A9D,"p. 154, distribution table, Isbell 33"
IBI-5FEA632C514C,inscription_language,language,Jewish Babylonian Aramaic,reported,SRC-73C44B143A9D,"p. 154, distribution table, Isbell 33"
IBI-5FF17F04C265,inscription_language,language,Mandaic,reported,SRC-72D809FB4249,text 091M; section pp. 103–146
IBI-6005503283A5,current_location,location,Penn Museum,reported,SRC-756FA4A26B5C,https://collections.penn.museum/collections/object/254819
IBI-6005503283A5,material,material,Ceramic; Ink,reported,SRC-756FA4A26B5C,https://collections.penn.museum/collections/object/254819
IBI-601F54AC3BA6,inscription_language,language,Aramaic,reported,SRC-72D809FB4249,text 075A; section pp. 43–102
IBI-607F5A5A80C9,current_location,location,Penn Museum,reported,SRC-9C9ED9E5B737,https://collections.penn.museum/collections/object/189546
IBI-607F5A5A80C9,material,material,Ceramic; Ink,reported,SRC-9C9ED9E5B737,https://collections.penn.museum/collections/object/189546
IBI-60A67A350134,biblical_quotations,biblical_intertexts,"[""Exod. 3.15"", ""Isa. 40.31"", ""Isa. 60.11"", ""Gen. 27.28""]",reported,SRC-73C44B143A9D,"p. 157, distribution table, JBA 65"
IBI-60A67A350134,current_or_reported_collection,location,The Schøyen Collection,reported,SRC-73C44B143A9D,"p. 157, distribution table, JBA 65"
IBI-60A67A350134,inscription_language,language,Jewish Babylonian Aramaic,reported,SRC-73C44B143A9D,"p. 157, distribution table, JBA 65"
IBI-60CEFE849F9D,catalogue_language_codes,language,heb,reported,SRC-A424020B82FE,MMS 997008712398705171
IBI-60CEFE849F9D,current_location,location,"National Library of Israel, Jerusalem",reported,SRC-A424020B82FE,MMS 997008712398705171
IBI-60CEFE849F9D,dating,dating,400–899 CE,reported,SRC-A424020B82FE,MMS 997008712398705171
IBI-60CEFE849F9D,dimensions,dimensions,Height 80 mm; source field ‘הקף’ 180 mm,reported,SRC-A424020B82FE,MMS 997008712398705171
IBI-6125E2675488,condition,condition,fragmentary,reported,SRC-3A8095B6D794,index entry BM064A
IBI-61855D47B725,catalogue_language_codes,language,heb,reported,SRC-8EBFDF290AFE,MMS 997008712396505171
IBI-61855D47B725,current_location,location,"National Library of Israel, Jerusalem",reported,SRC-8EBFDF290AFE,MMS 997008712396505171
IBI-61855D47B725,dating,dating,400–899 CE,reported,SRC-8EBFDF290AFE,MMS 997008712396505171
IBI-61855D47B725,dimensions,dimensions,Height 75 mm; source field ‘הקף’ 165 mm,reported,SRC-8EBFDF290AFE,MMS 997008712396505171
IBI-618DB7091347,catalogue_language_codes,language,heb,reported,SRC-4E99FA9CB36E,MMS 997008712398005171
IBI-618DB7091347,current_location,location,"National Library of Israel, Jerusalem",reported,SRC-4E99FA9CB36E,MMS 997008712398005171
IBI-618DB7091347,dating,dating,400–899 CE,reported,SRC-4E99FA9CB36E,MMS 997008712398005171
IBI-618DB7091347,dimensions,dimensions,Height 72 mm; source field ‘הקף’ 159 mm,reported,SRC-4E99FA9CB36E,MMS 997008712398005171
IBI-61A4EA30B2D4,current_location,location,Penn Museum,reported,SRC-F271D7D7C938,https://collections.penn.museum/collections/object/216760
IBI-61A4EA30B2D4,material,material,Ceramic Ink,reported,SRC-F271D7D7C938,https://collections.penn.museum/collections/object/216760
IBI-61A96A00B7B1,biblical_quotations,biblical_intertexts,"[""Exod. 15.3"", ""Ps. 24.8"", ""Ps. 10.16"", ""Ps. 93.1"", ""Exod. 15.18""]",reported,SRC-73C44B143A9D,"p. 157, distribution table, JBA 11"
IBI-61A96A00B7B1,current_or_reported_collection,location,The Schøyen Collection,reported,SRC-73C44B143A9D,"p. 157, distribution table, JBA 11"
IBI-61A96A00B7B1,inscription_language,language,Jewish Babylonian Aramaic,reported,SRC-73C44B143A9D,"p. 157, distribution table, JBA 11"
IBI-61CFB166EF10,current_location,location,"Iraq Museum, Baghdad",reported,SRC-2471CE31E5D9,"pp. 139–147, figs. 1 and 3"
IBI-61CFB166EF10,dimensions,dimensions,Diameter 12.5 cm; height 6.5 cm,reported,SRC-2471CE31E5D9,"pp. 139–147, figs. 1 and 3"
IBI-61CFB166EF10,findspot,provenance,Babylon,reported,SRC-2471CE31E5D9,"pp. 139–147, figs. 1 and 3"
IBI-61CFB166EF10,inscription_language,language,Aramaic,reported,SRC-2471CE31E5D9,"pp. 139–147, figs. 1 and 3"
IBI-61CFB166EF10,line_count,text_form,Nine lines,reported,SRC-2471CE31E5D9,"pp. 139–147, figs. 1 and 3"
IBI-61CFB166EF10,material,material,Baked clay,reported,SRC-2471CE31E5D9,"pp. 139–147, figs. 1 and 3"
IBI-6205B2E61A71,current_location,location,The British Museum,reported,SRC-3D4B57D27A24,Related objects: 1886-0109-16
IBI-6205B2E61A71,dating,dating,6thC-8thC,reported,SRC-3D4B57D27A24,Related objects: 1886-0109-16
IBI-6205B2E61A71,period,dating,Late-Post Sasanian,reported,SRC-3D4B57D27A24,Related objects: 1886-0109-16
IBI-6205B2E61A71,production_place,provenance,Made in: Iraq,reported,SRC-3D4B57D27A24,Related objects: 1886-0109-16
IBI-620A239DAA70,biblical_quotation,biblical_intertexts,Zechariah 3:2,reported,SRC-C54888E36130,MS 2053/196 context: MS 2053/156
IBI-620A239DAA70,current_location,location,The Schøyen Collection,reported,SRC-C54888E36130,MS 2053/196 context: MS 2053/156
IBI-627E5C646C5B,current_location,location,Penn Museum,reported,SRC-87551DA5C233,https://collections.penn.museum/collections/object/265499
IBI-627E5C646C5B,material,material,Ceramic Ink,reported,SRC-87551DA5C233,https://collections.penn.museum/collections/object/265499
IBI-62DA4A36AF2B,current_location,location,Penn Museum,reported,SRC-F7F68B42D30F,https://collections.penn.museum/collections/object/79917
IBI-62DA4A36AF2B,material,material,Ceramic Ink,reported,SRC-F7F68B42D30F,https://collections.penn.museum/collections/object/79917
IBI-62F30A57A7A0,catalogue_language_codes,language,heb,reported,SRC-6708CC3332A2,MMS 997008712399705171
IBI-62F30A57A7A0,current_location,location,"National Library of Israel, Jerusalem",reported,SRC-6708CC3332A2,MMS 997008712399705171
IBI-62F30A57A7A0,dating,dating,400–899 CE,reported,SRC-6708CC3332A2,MMS 997008712399705171
IBI-62F30A57A7A0,dimensions,dimensions,Height 75 mm; source field ‘הקף’ 176 mm,reported,SRC-6708CC3332A2,MMS 997008712399705171
IBI-62F5934FB165,current_location,location,Iraq Museum,reported,SRC-E2797DB92056,"pp. 123–132, IM 91-100147"
IBI-62F5934FB165,findspot,provenance,"Tell al-Duwayhi, Babil, Iraq",reported,SRC-E2797DB92056,"pp. 123–132, IM 91-100147"
IBI-62F5934FB165,inscription_extent,text_form,27 radial lines,reported,SRC-E2797DB92056,"pp. 123–132, IM 91-100147"
IBI-62F5934FB165,inscription_language,language,Mandaic,reported,SRC-E2797DB92056,"pp. 123–132, IM 91-100147"
IBI-62F5934FB165,material,material,Terracotta,reported,SRC-E2797DB92056,"pp. 123–132, IM 91-100147"
IBI-62F5934FB165,object_form,vessel_form,Inner surface of a vessel cover,reported,SRC-E2797DB92056,"pp. 123–132, IM 91-100147"
IBI-62F5934FB165,text_purpose,ritual,Protection of the contents of the vessel against malevolent forces,reported,SRC-E2797DB92056,"pp. 123–132, IM 91-100147"
IBI-632C69FF10F4,current_location,location,Penn Museum,reported,SRC-21181A05137B,https://collections.penn.museum/collections/object/123065
IBI-632C69FF10F4,material,material,Ceramic; Ink; Bitumen,reported,SRC-21181A05137B,https://collections.penn.museum/collections/object/123065
IBI-6364E0AD56A8,inscription_language,language,Mandaic,reported,SRC-72D809FB4249,text 077M; section pp. 103–146
IBI-63793B0DDEBD,current_location,location,The British Museum,reported,SRC-3D4B57D27A24,Related objects: 1914-0214-44
IBI-63793B0DDEBD,dating,dating,6thC-8thC,reported,SRC-3D4B57D27A24,Related objects: 1914-0214-44
IBI-63793B0DDEBD,findspot,provenance,Found/Acquired: Khorsabad,reported,SRC-3D4B57D27A24,Related objects: 1914-0214-44
IBI-63793B0DDEBD,period,dating,Late-Post Sasanian,reported,SRC-3D4B57D27A24,Related objects: 1914-0214-44
IBI-63793B0DDEBD,production_place,provenance,"Made in: Iraq, South",reported,SRC-3D4B57D27A24,Related objects: 1914-0214-44
IBI-638A4565DB08,catalogue_language_codes,language,heb,reported,SRC-319EC4AD733E,MMS 997008712405205171
IBI-638A4565DB08,current_location,location,"National Library of Israel, Jerusalem",reported,SRC-319EC4AD733E,MMS 997008712405205171
IBI-638A4565DB08,dating,dating,400–899 CE,reported,SRC-319EC4AD733E,MMS 997008712405205171
IBI-638A4565DB08,dimensions,dimensions,Height 85 mm; source field ‘הקף’ 186 mm,reported,SRC-319EC4AD733E,MMS 997008712405205171
IBI-63BF471B795C,current_location,location,The British Museum,reported,SRC-3D4B57D27A24,Related objects: 1980-0415-31-l
IBI-63BF471B795C,dating,dating,6thC-8thC,reported,SRC-3D4B57D27A24,Related objects: 1980-0415-31-l
IBI-63BF471B795C,findspot,provenance,Found/Acquired: Iraq,reported,SRC-3D4B57D27A24,Related objects: 1980-0415-31-l
IBI-63BF471B795C,period,dating,Late-Post Sasanian,reported,SRC-3D4B57D27A24,Related objects: 1980-0415-31-l
IBI-63BF471B795C,production_place,provenance,Made in: Iraq,reported,SRC-3D4B57D27A24,Related objects: 1980-0415-31-l
IBI-63C66E7DD4EA,catalogue_language_codes,language,heb,reported,SRC-912B013AAAA2,MMS 997008712402805171
IBI-63C66E7DD4EA,current_location,location,"National Library of Israel, Jerusalem",reported,SRC-912B013AAAA2,MMS 997008712402805171
IBI-63C66E7DD4EA,dating,dating,400–899 CE,reported,SRC-912B013AAAA2,MMS 997008712402805171
IBI-63C66E7DD4EA,dimensions,dimensions,Height 71 mm; source field ‘הקף’ 178 mm,reported,SRC-912B013AAAA2,MMS 997008712402805171
IBI-63D2D8082D09,biblical_quotations,biblical_intertexts,"[""Deut. 6.4-9"", ""Deut. 11.13-21""]",reported,SRC-73C44B143A9D,"p. 161, distribution table, VA 3854"
IBI-63D2D8082D09,current_or_reported_collection,location,"Vorderasiatisches Museum, Berlin",reported,SRC-73C44B143A9D,"p. 161, distribution table, VA 3854"
IBI-63D2D8082D09,inscription_language,language,Jewish Babylonian Aramaic,reported,SRC-73C44B143A9D,"p. 161, distribution table, VA 3854"
IBI-63D659859D54,clients,client,Mihlad and Baran sons of Mirdukh,reported,SRC-21417589C8F9,pp. 283–308
IBI-63D659859D54,collection_history,provenance,Shlomo Moussaieff Collection,reported,SRC-21417589C8F9,pp. 283–308
IBI-63D659859D54,inscription_language,language,Jewish Aramaic,reported,SRC-21417589C8F9,pp. 283–308
IBI-63D659859D54,target,target,Isha son of Ifra Hurmiz,reported,SRC-21417589C8F9,pp. 283–308
IBI-63D659859D54,text_feature,text_description,Invocation includes Jesus,reported,SRC-21417589C8F9,pp. 283–308
IBI-63D659859D54,text_purpose,ritual,Curse / subjugation of an adversary,reported,SRC-21417589C8F9,pp. 283–308
IBI-63DC1A6B27EF,current_location,location,Penn Museum,reported,SRC-389564CE7381,https://collections.penn.museum/collections/object/225726
IBI-63DC1A6B27EF,material,material,Ceramic; Ink,reported,SRC-389564CE7381,https://collections.penn.museum/collections/object/225726
IBI-643AF1B799FD,current_location,location,The British Museum,reported,SRC-3D4B57D27A24,Related objects: 1883-0118-2602
IBI-643AF1B799FD,dating,dating,6thC-8thC,reported,SRC-3D4B57D27A24,Related objects: 1883-0118-2602
IBI-643AF1B799FD,findspot,provenance,Excavated/Findspot: Abu Habba (Sippar),reported,SRC-3D4B57D27A24,Related objects: 1883-0118-2602
IBI-643AF1B799FD,period,dating,Late-Post Sasanian,reported,SRC-3D4B57D27A24,Related objects: 1883-0118-2602
IBI-643AF1B799FD,production_place,provenance,Made in: Iraq,reported,SRC-3D4B57D27A24,Related objects: 1883-0118-2602
IBI-644F03502EC4,current_location,location,Penn Museum,reported,SRC-9E4A561DA4BB,https://collections.penn.museum/collections/object/25630
IBI-644F03502EC4,material,material,Ceramic Ink,reported,SRC-9E4A561DA4BB,https://collections.penn.museum/collections/object/25630
IBI-64889DD64911,current_location,location,Penn Museum,reported,SRC-932479553867,https://collections.penn.museum/collections/object/136538
IBI-64889DD64911,material,material,Ceramic Ink,reported,SRC-932479553867,https://collections.penn.museum/collections/object/136538
IBI-64FAFD2BE47A,catalogue_language_codes,language,heb,reported,SRC-0D9F521F9AA2,MMS 997008712404805171
IBI-64FAFD2BE47A,current_location,location,"National Library of Israel, Jerusalem",reported,SRC-0D9F521F9AA2,MMS 997008712404805171
IBI-64FAFD2BE47A,dating,dating,400–899 CE,reported,SRC-0D9F521F9AA2,MMS 997008712404805171
IBI-64FAFD2BE47A,dimensions,dimensions,Height 58 mm; source field ‘הקף’ 160 mm,reported,SRC-0D9F521F9AA2,MMS 997008712404805171
IBI-653C0F4DAF6F,biblical_quotations,biblical_intertexts,"[""Num. 9.23"", ""Num. 10.36""]",reported,SRC-73C44B143A9D,"p. 157, distribution table, JBA 42"
IBI-653C0F4DAF6F,current_or_reported_collection,location,The Schøyen Collection,reported,SRC-73C44B143A9D,"p. 157, distribution table, JBA 42"
IBI-653C0F4DAF6F,inscription_language,language,Jewish Babylonian Aramaic,reported,SRC-73C44B143A9D,"p. 157, distribution table, JBA 42"
IBI-65643BBAF2D8,current_location,location,The British Museum,reported,SRC-3D4B57D27A24,Related objects: 1911-0408-51
IBI-65643BBAF2D8,dating,dating,6thC-8thC,reported,SRC-3D4B57D27A24,Related objects: 1911-0408-51
IBI-65643BBAF2D8,period,dating,Late-Post Sasanian,reported,SRC-3D4B57D27A24,Related objects: 1911-0408-51
IBI-65643BBAF2D8,production_place,provenance,Made in: Iraq,reported,SRC-3D4B57D27A24,Related objects: 1911-0408-51
IBI-65A488C5A931,current_location,location,Penn Museum,reported,SRC-0C4F68A28B03,https://collections.penn.museum/collections/object/68949
IBI-65A488C5A931,material,material,Ceramic; Ink,reported,SRC-0C4F68A28B03,https://collections.penn.museum/collections/object/68949
IBI-664456D75E41,current_location,location,"State Hermitage Museum, St. Petersburg",reported,SRC-6AE1D2F1E16E,illustrated object S-444
IBI-664456D75E41,iconography,visual,Central figure,reported,SRC-6AE1D2F1E16E,illustrated object S-444
IBI-664456D75E41,material,material,Ceramic,reported,SRC-6AE1D2F1E16E,illustrated object S-444
IBI-664456D75E41,script,script,Imitation writing / pseudo-script,reported,SRC-6AE1D2F1E16E,illustrated object S-444
IBI-6660773386B7,current_location,location,Penn Museum,reported,SRC-6C3666635D28,https://collections.penn.museum/collections/object/324269
IBI-6660773386B7,material,material,Ceramic; Ink,reported,SRC-6C3666635D28,https://collections.penn.museum/collections/object/324269
IBI-66700DA0DFDA,client,client,Prwkzʿd son of Kwmy,reported,SRC-24B0EC105BC9,"text 1, pp. 194–198; Christie’s lot 348"
IBI-66700DA0DFDA,current_location,location,Unknown; unlocated after 1974 sale,reported,SRC-24B0EC105BC9,"text 1, pp. 194–198; Christie’s lot 348"
IBI-66700DA0DFDA,dating,dating,circa 4th century CE,reported,SRC-24B0EC105BC9,"text 1, pp. 194–198; Christie’s lot 348"
IBI-66700DA0DFDA,dimensions,dimensions,18.8 cm diameter,reported,SRC-24B0EC105BC9,"text 1, pp. 194–198; Christie’s lot 348"
IBI-66700DA0DFDA,inscription_language,language,Syriac,reported,SRC-24B0EC105BC9,"text 1, pp. 194–198; Christie’s lot 348"
IBI-66700DA0DFDA,line_count,text_form,9,reported,SRC-24B0EC105BC9,"text 1, pp. 194–198; Christie’s lot 348"
IBI-66700DA0DFDA,material,material,Pottery,reported,SRC-24B0EC105BC9,"text 1, pp. 194–198; Christie’s lot 348"
IBI-66700DA0DFDA,script,script,Estrangela,reported,SRC-24B0EC105BC9,"text 1, pp. 194–198; Christie’s lot 348"
IBI-66700DA0DFDA,text_layout,text_form,Clockwise spiral from centre to rim,reported,SRC-24B0EC105BC9,"text 1, pp. 194–198; Christie’s lot 348"
IBI-66700DA0DFDA,text_purpose,ritual,"Protection of the client's house, threshold, sons, and daughters",reported,SRC-24B0EC105BC9,"text 1, pp. 194–198; Christie’s lot 348"
IBI-66B8C4ED718F,current_location,location,Penn Museum,reported,SRC-94C8F3372F28,https://collections.penn.museum/collections/object/334210
IBI-66B8C4ED718F,material,material,Ceramic Ink,reported,SRC-94C8F3372F28,https://collections.penn.museum/collections/object/334210
IBI-66B8FD91B8A4,current_location,location,Penn Museum,reported,SRC-4E8D6AC9E9E4,https://collections.penn.museum/collections/object/338867
IBI-66B8FD91B8A4,material,material,Ceramic Ink,reported,SRC-4E8D6AC9E9E4,https://collections.penn.museum/collections/object/338867
IBI-66C56F42A195,current_location,location,Penn Museum,reported,SRC-9183803B353B,https://collections.penn.museum/collections/object/294157
IBI-66C56F42A195,material,material,Ceramic Ink,reported,SRC-9183803B353B,https://collections.penn.museum/collections/object/294157
IBI-66ED0C90B161,inscription_language,language,Aramaic,reported,SRC-72D809FB4249,text 010A; section pp. 43–102
IBI-677C9AD3E7E9,catalogue_language_codes,language,heb,reported,SRC-4FB63B3475F5,MMS 997008712408305171
IBI-677C9AD3E7E9,current_location,location,"National Library of Israel, Jerusalem",reported,SRC-4FB63B3475F5,MMS 997008712408305171
IBI-677C9AD3E7E9,dating,dating,400–899 CE,reported,SRC-4FB63B3475F5,MMS 997008712408305171
IBI-677C9AD3E7E9,dimensions,dimensions,Height 118 mm; source field ‘הקף’ 240 mm,reported,SRC-4FB63B3475F5,MMS 997008712408305171
IBI-6788A84FE8CA,dating,dating,Sasanian–Early Islamic context,reported,SRC-899462FAA735,"p. 138, table 8.1: 18N21"
IBI-6788A84FE8CA,findspot,provenance,"Nippur, Area WG, locus 54, floor 3",reported,SRC-899462FAA735,"p. 138, table 8.1: 18N21"
IBI-6788A84FE8CA,inscription_language,language,Mandaic,reported,SRC-899462FAA735,"p. 138, table 8.1: 18N21"
IBI-67A46456293B,current_or_reported_collection,location,Penn Museum,reported,SRC-6D313A7AA389,"p. 2, item 29"
IBI-67A46456293B,inscription_language,language,Syriac,reported,SRC-6D313A7AA389,"p. 2, item 29"
IBI-67A46456293B,script,script,Syriac ‘Manichaean’ script,reported,SRC-6D313A7AA389,"p. 2, item 29"
IBI-67A5D26A58C9,current_location,location,Penn Museum,reported,SRC-C2ACF825A4A5,https://collections.penn.museum/collections/object/69246
IBI-67A5D26A58C9,material,material,Ceramic Ink,reported,SRC-C2ACF825A4A5,https://collections.penn.museum/collections/object/69246
IBI-67DA4B9D3E9D,current_location,location,Penn Museum,reported,SRC-E7EEBC8FD486,https://collections.penn.museum/collections/object/204381
IBI-67DA4B9D3E9D,material,material,Ceramic; Ink,reported,SRC-E7EEBC8FD486,https://collections.penn.museum/collections/object/204381
IBI-683DEE5EB7BA,script,script,Pseudo-script,reported,SRC-72D809FB4249,text 122Ps; section pp. 150–162
IBI-686F34EE247B,catalogue_language_codes,language,heb,reported,SRC-8CC2951A6967,MMS 997008712400205171
IBI-686F34EE247B,current_location,location,"National Library of Israel, Jerusalem",reported,SRC-8CC2951A6967,MMS 997008712400205171
IBI-686F34EE247B,dating,dating,400–899 CE,reported,SRC-8CC2951A6967,MMS 997008712400205171
IBI-686F34EE247B,dimensions,dimensions,Height 69 mm; source field ‘הקף’ 146 mm,reported,SRC-8CC2951A6967,MMS 997008712400205171
IBI-68A32545462E,biblical_quotations,biblical_intertexts,"[""Num. 9.23"", ""Ezek. 32.27"", ""Zech. 3.2"", ""Ps. 91.11""]",reported,SRC-73C44B143A9D,"p. 160, distribution table, M 6"
IBI-68A32545462E,current_or_reported_collection,location,Moussaieff Collection,reported,SRC-73C44B143A9D,"p. 160, distribution table, M 6"
IBI-68A32545462E,inscription_language,language,Jewish Babylonian Aramaic,reported,SRC-73C44B143A9D,"p. 160, distribution table, M 6"
IBI-68D0AE18B550,catalogue_language_codes,language,heb,reported,SRC-5A90961FADFF,MMS 997008712548105171
IBI-68D0AE18B550,current_location,location,"National Library of Israel, Jerusalem",reported,SRC-5A90961FADFF,MMS 997008712548105171
IBI-68D0AE18B550,dating,dating,400–899 CE,reported,SRC-5A90961FADFF,MMS 997008712548105171
IBI-68D0AE18B550,dimensions,dimensions,Height 71 mm; source field ‘הקף’ 172 mm,reported,SRC-5A90961FADFF,MMS 997008712548105171
IBI-6918D270707A,biblical_quotations,biblical_intertexts,"[""Exod. 15.3"", ""Ps. 24.8"", ""Ps. 104.20"", ""Ps. 10.16"", ""Ps. 93.1"", ""Exod. 15.18""]",reported,SRC-73C44B143A9D,"p. 157, distribution table, JBA 09"
IBI-6918D270707A,current_or_reported_collection,location,The Schøyen Collection,reported,SRC-73C44B143A9D,"p. 157, distribution table, JBA 09"
IBI-6918D270707A,inscription_language,language,Jewish Babylonian Aramaic,reported,SRC-73C44B143A9D,"p. 157, distribution table, JBA 09"
IBI-691D04D6C1D1,current_location,location,Penn Museum,reported,SRC-8E2DACBA5AC1,https://collections.penn.museum/collections/object/97562
IBI-691D04D6C1D1,material,material,Ceramic; Ink,reported,SRC-8E2DACBA5AC1,https://collections.penn.museum/collections/object/97562
IBI-69255EEE1854,condition,condition,Intact with light encrustation,reported,SRC-603B9C3AF3B5,"auction 6005, lot 98083"
IBI-69255EEE1854,dating,dating,circa 5th century CE,reported,SRC-603B9C3AF3B5,"auction 6005, lot 98083"
IBI-69255EEE1854,dimensions,dimensions,6 in. (15.24 cm) diameter,reported,SRC-603B9C3AF3B5,"auction 6005, lot 98083"
IBI-69255EEE1854,inscription_language,language,Aramaic,reported,SRC-603B9C3AF3B5,"auction 6005, lot 98083"
IBI-69255EEE1854,material,material,Clay,reported,SRC-603B9C3AF3B5,"auction 6005, lot 98083"
IBI-69947100356A,inscription_language,language,Aramaic,reported,SRC-72D809FB4249,text 006A; section pp. 43–102
IBI-69BD5A4C197B,catalogue_language_codes,language,heb,reported,SRC-E72996E8597F,MMS 997008712404505171
IBI-69BD5A4C197B,current_location,location,"National Library of Israel, Jerusalem",reported,SRC-E72996E8597F,MMS 997008712404505171
IBI-69BD5A4C197B,dating,dating,400–899 CE,reported,SRC-E72996E8597F,MMS 997008712404505171
IBI-69BD5A4C197B,dimensions,dimensions,Height 75 mm; source field ‘הקף’ 164 mm,reported,SRC-E72996E8597F,MMS 997008712404505171
IBI-69CDF063CE1C,current_location,location,The British Museum,reported,SRC-3D4B57D27A24,Related objects: 1980-0415-20
IBI-69CDF063CE1C,dating,dating,6thC-8thC,reported,SRC-3D4B57D27A24,Related objects: 1980-0415-20
IBI-69CDF063CE1C,findspot,provenance,Excavated/Findspot: Tell Ibrahim (Kutha),reported,SRC-3D4B57D27A24,Related objects: 1980-0415-20
IBI-69CDF063CE1C,period,dating,Late-Post Sasanian,reported,SRC-3D4B57D27A24,Related objects: 1980-0415-20
IBI-69CDF063CE1C,production_place,provenance,"Made in: Iraq, South",reported,SRC-3D4B57D27A24,Related objects: 1980-0415-20
IBI-69CFC1400A1D,biblical_quotations,biblical_intertexts,"[""Num. 14.9"", ""Num. 32.33"", ""Isa. 40.31""]",reported,SRC-73C44B143A9D,"p. 155, distribution table, M 142"
IBI-69CFC1400A1D,current_or_reported_collection,location,Moussaieff Collection,reported,SRC-73C44B143A9D,"p. 155, distribution table, M 142"
IBI-69CFC1400A1D,inscription_language,language,Jewish Babylonian Aramaic,reported,SRC-73C44B143A9D,"p. 155, distribution table, M 142"
IBI-69D6B3739EA2,current_location,location,Penn Museum,reported,SRC-8573DCD9A5DE,https://collections.penn.museum/collections/object/27830
IBI-69D6B3739EA2,material,material,Ceramic; Ink,reported,SRC-8573DCD9A5DE,https://collections.penn.museum/collections/object/27830
IBI-6A24B33718DB,condition,condition,fragmentary,reported,SRC-3A8095B6D794,index entry BM044A
IBI-6A3D928A2501,current_location,location,"Frau Professor Hilprecht Collection, Friedrich Schiller University Jena",reported,SRC-2E36A0CC3152,dc00001083
IBI-6A3D928A2501,dating,dating,500–700 CE,reported,SRC-2E36A0CC3152,dc00001083
IBI-6A3D928A2501,dimensions,dimensions,Height 6 cm; diameter 15.1 cm,reported,SRC-2E36A0CC3152,dc00001083
IBI-6A3D928A2501,findspot,provenance,"Nippur, Iraq",reported,SRC-2E36A0CC3152,dc00001083
IBI-6A5B95130C25,current_or_reported_collection,location,Davidovitz Collection,reported,SRC-4071AE0F749A,pp. 215–230; newly published Davidovitz Collection bowl
IBI-6A5B95130C25,inscription_language,language,Jewish Babylonian Aramaic,reported,SRC-4071AE0F749A,pp. 215–230; newly published Davidovitz Collection bowl
IBI-6A5B95130C25,text_purpose,ritual,Popularity and economic success,reported,SRC-4071AE0F749A,pp. 215–230; newly published Davidovitz Collection bowl
IBI-6A9034D26F19,catalogue_language_codes,language,heb,reported,SRC-5140A73E9D7C,MMS 997008712407905171
IBI-6A9034D26F19,current_location,location,"National Library of Israel, Jerusalem",reported,SRC-5140A73E9D7C,MMS 997008712407905171
IBI-6A9034D26F19,dating,dating,400–899 CE,reported,SRC-5140A73E9D7C,MMS 997008712407905171
IBI-6A9034D26F19,dimensions,dimensions,Height 67 mm; source field ‘הקף’ 158 mm,reported,SRC-5140A73E9D7C,MMS 997008712407905171
IBI-6AB1C3C19294,current_location,location,The British Museum,reported,SRC-3D4B57D27A24,Related objects: Rm-III-29-30
IBI-6AB1C3C19294,dating,dating,6thC-8thC,reported,SRC-3D4B57D27A24,Related objects: Rm-III-29-30
IBI-6AB1C3C19294,findspot,provenance,Excavated/Findspot: Babylon (historic - Iraq)  | Excavated/Findspot: Ibrahim al-Khalil (Borsippa),reported,SRC-3D4B57D27A24,Related objects: Rm-III-29-30
IBI-6AB1C3C19294,period,dating,Late-Post Sasanian,reported,SRC-3D4B57D27A24,Related objects: Rm-III-29-30
IBI-6AB1C3C19294,production_place,provenance,Made in: Iraq,reported,SRC-3D4B57D27A24,Related objects: Rm-III-29-30
IBI-6ADE7D036DA0,current_location,location,The British Museum,reported,SRC-3D4B57D27A24,Related objects: 1980-0415-17
IBI-6ADE7D036DA0,dating,dating,6thC-8thC,reported,SRC-3D4B57D27A24,Related objects: 1980-0415-17
IBI-6ADE7D036DA0,findspot,provenance,Excavated/Findspot: Tell Ibrahim (Kutha),reported,SRC-3D4B57D27A24,Related objects: 1980-0415-17
IBI-6ADE7D036DA0,period,dating,Late-Post Sasanian,reported,SRC-3D4B57D27A24,Related objects: 1980-0415-17
IBI-6ADE7D036DA0,production_place,provenance,"Made in: Iraq, South",reported,SRC-3D4B57D27A24,Related objects: 1980-0415-17
IBI-6AE031E07D30,inscription_language,language,Mandaic,reported,SRC-72D809FB4249,text 100M; section pp. 103–146
IBI-6AEF476E4E4C,dimensions,dimensions,approximately 3 in diameter,reported,SRC-B43D4B958C6C,DOI 10.25549/inscriptifact-ouc110214169
IBI-6AEF476E4E4C,material,material,Metal,reported,SRC-B43D4B958C6C,DOI 10.25549/inscriptifact-ouc110214169
IBI-6AEF476E4E4C,provenance_summary,provenance,Unprovenanced,reported,SRC-B43D4B958C6C,DOI 10.25549/inscriptifact-ouc110214169
IBI-6AEF476E4E4C,script_or_language,language,Hebrew,reported,SRC-B43D4B958C6C,DOI 10.25549/inscriptifact-ouc110214169
IBI-6B180132497C,current_location,location,"Loyola Marymount University Archaeology Museum, Los Angeles",reported,SRC-16E6FD74D61C,"project page, bowl 4 of 4"
IBI-6B180132497C,dating,dating,circa 5th–6th centuries CE,reported,SRC-16E6FD74D61C,"project page, bowl 4 of 4"
IBI-6B180132497C,material,material,Terracotta,reported,SRC-16E6FD74D61C,"project page, bowl 4 of 4"
IBI-6B9FC4A844C6,catalogue_language_codes,language,heb,reported,SRC-172D44EE4FF0,MMS 997008712409805171
IBI-6B9FC4A844C6,current_location,location,"National Library of Israel, Jerusalem",reported,SRC-172D44EE4FF0,MMS 997008712409805171
IBI-6B9FC4A844C6,dating,dating,400–899 CE,reported,SRC-172D44EE4FF0,MMS 997008712409805171
IBI-6B9FC4A844C6,dimensions,dimensions,Height 69 mm; source field ‘הקף’ 164 mm,reported,SRC-172D44EE4FF0,MMS 997008712409805171
IBI-6BE6D619D1CF,condition,condition,fragmentary,reported,SRC-3A8095B6D794,index entry BM012A
IBI-6BEC680B1365,client,client,Azyazdan Khwast-Bindad son of Madukh,reported,SRC-83A3DFDE7924,"p. 162, M154"
IBI-6BEC680B1365,condition,condition,Well preserved,reported,SRC-83A3DFDE7924,"p. 162, M154"
IBI-6BEC680B1365,current_or_reported_collection,location,Shlomo Moussaieff Collection,reported,SRC-83A3DFDE7924,"p. 162, M154"
IBI-6BEC680B1365,inscription_language,language,Mandaic,reported,SRC-83A3DFDE7924,"p. 162, M154"
IBI-6BEC680B1365,line_count,text_form,13,reported,SRC-83A3DFDE7924,"p. 162, M154"
IBI-6BEC680B1365,script,script,Mandaic,reported,SRC-83A3DFDE7924,"p. 162, M154"
IBI-6BFAD1AD6664,handwriting_attribution,practitioner,Dukhtīč daughter of Bahāroy,reported,SRC-A90AB34CA3FE,"p. 134, note 546"
IBI-6BFAD1AD6664,inscription_language,language,Jewish Babylonian Aramaic,reported,SRC-A90AB34CA3FE,"p. 134, note 546"
IBI-6BFAD1AD6664,publication_status,publication,Unpublished,reported,SRC-A90AB34CA3FE,"p. 134, note 546"
IBI-6C27E5474140,current_location,location,Penn Museum,reported,SRC-0814FE138CE9,https://collections.penn.museum/collections/object/97097
IBI-6C27E5474140,material,material,Ceramic; Ink,reported,SRC-0814FE138CE9,https://collections.penn.museum/collections/object/97097
IBI-6C4D8112FFE2,condition,condition,Broken and mended; two fragments missing.,reported,SRC-943673B56FB8,"Catalogue, text 22, printed p. 324; PDF p. 330; description column"
IBI-6C4D8112FFE2,current_or_reported_collection,location,Penn Museum,reported,SRC-943673B56FB8,"p. 324, item 22"
IBI-6C4D8112FFE2,dimensions,dimensions,height 6.5 cm; diameter 16 cm,reported,SRC-943673B56FB8,"p. 324, item 22"
IBI-6C4D8112FFE2,dimensions,dimensions,height 6.5 cm; diameter 16 cm,reported,SRC-943673B56FB8,"Catalogue, text 22, printed p. 324; PDF p. 330; size column (height by diameter)"
IBI-6C4D8112FFE2,findspot,provenance,Nippur,reported,SRC-943673B56FB8,"p. 324, item 22"
IBI-6C4D8112FFE2,inscription_language,language,Jewish Babylonian Aramaic,reported,SRC-943673B56FB8,"p. 324, item 22"
IBI-6C4D8112FFE2,publication_register_identifier,publication,CBS 16006,reported,SRC-943673B56FB8,"Catalogue, text 22, printed p. 324; PDF p. 330; catalogue number column"
IBI-6C8ABCC45C7C,current_location,location,"Frau Professor Hilprecht Collection, Friedrich Schiller University Jena",reported,SRC-26EBAAB932E3,dc00001085
IBI-6C8ABCC45C7C,dating,dating,500–700 CE,reported,SRC-26EBAAB932E3,dc00001085
IBI-6C8ABCC45C7C,dimensions,dimensions,Height 6.4 cm; diameter 16.4 cm,reported,SRC-26EBAAB932E3,dc00001085
IBI-6C8ABCC45C7C,findspot,provenance,"Nippur, Iraq",reported,SRC-26EBAAB932E3,dc00001085
IBI-6CCE263ECF3D,catalogue_language_codes,language,heb,reported,SRC-F43CD7126732,MMS 997008712400905171
IBI-6CCE263ECF3D,current_location,location,"National Library of Israel, Jerusalem",reported,SRC-F43CD7126732,MMS 997008712400905171
IBI-6CCE263ECF3D,dating,dating,400–899 CE,reported,SRC-F43CD7126732,MMS 997008712400905171
IBI-6CCE263ECF3D,dimensions,dimensions,Height 53 mm; source field ‘הקף’ 179 mm,reported,SRC-F43CD7126732,MMS 997008712400905171
IBI-6CD6137EB7E6,inscription_language,language,Mandaic,reported,SRC-72D809FB4249,text 092M; section pp. 103–146
IBI-6CF4D7A637A1,catalogue_language_codes,language,heb,reported,SRC-D79B932D0350,MMS 997008712400005171
IBI-6CF4D7A637A1,current_location,location,"National Library of Israel, Jerusalem",reported,SRC-D79B932D0350,MMS 997008712400005171
IBI-6CF4D7A637A1,dating,dating,400–899 CE,reported,SRC-D79B932D0350,MMS 997008712400005171
IBI-6CF4D7A637A1,dimensions,dimensions,Height 78 mm; source field ‘הקף’ 170 mm,reported,SRC-D79B932D0350,MMS 997008712400005171
IBI-6D8EB3072104,catalogue_language_codes,language,heb,reported,SRC-4FF79FEECFC3,MMS 997008712406105171
IBI-6D8EB3072104,current_location,location,"National Library of Israel, Jerusalem",reported,SRC-4FF79FEECFC3,MMS 997008712406105171
IBI-6D8EB3072104,dating,dating,400–899 CE,reported,SRC-4FF79FEECFC3,MMS 997008712406105171
IBI-6D8EB3072104,dimensions,dimensions,Height 60 mm; source field ‘הקף’ 174 mm,reported,SRC-4FF79FEECFC3,MMS 997008712406105171
IBI-6DC11F8D3494,bibliography,publication,"Ford 2014 commentary on Shaked–Ford–Bhayro 2013, JBA 25",reported,SRC-FORD2014-AUOR,"Commentary on JBA 25, Ford 2014 pp. 239"
IBI-6DC11F8D3494,text_feature,text_description,Ford reports: Further examples of a kinship form.,reported,SRC-FORD2014-AUOR,pp. 239; JBA 25:5
IBI-6E087B8C539F,condition,condition,Broken and mended; two small fragments missing.,reported,SRC-943673B56FB8,"Catalogue, text 35, printed p. 326; PDF p. 332; description column"
IBI-6E087B8C539F,current_or_reported_collection,location,Penn Museum,reported,SRC-943673B56FB8,"p. 326, item 35"
IBI-6E087B8C539F,dimensions,dimensions,height 6.5 cm; diameter 16.1 cm,reported,SRC-943673B56FB8,"p. 326, item 35"
IBI-6E087B8C539F,dimensions,dimensions,height 6.5 cm; diameter 16.1 cm,reported,SRC-943673B56FB8,"Catalogue, text 35, printed p. 326; PDF p. 332; size column (height by diameter)"
IBI-6E087B8C539F,findspot,provenance,Nippur,reported,SRC-943673B56FB8,"p. 326, item 35"
IBI-6E087B8C539F,inscription_language,language,Syriac,reported,SRC-943673B56FB8,"p. 326, item 35"
IBI-6E087B8C539F,publication_register_identifier,publication,CBS 16097,reported,SRC-943673B56FB8,"Catalogue, text 35, printed p. 326; PDF p. 332; catalogue number column"
IBI-6E39509C0A3D,script,script,Pseudo-script,reported,SRC-72D809FB4249,text 132Ps; section pp. 150–162
IBI-6E4DCD510E4B,handwriting_attribution,practitioner,Dukhtīč daughter of Bahāroy,reported,SRC-A90AB34CA3FE,"p. 134, note 546"
IBI-6E4DCD510E4B,inscription_language,language,Jewish Babylonian Aramaic,reported,SRC-A90AB34CA3FE,"p. 134, note 546"
IBI-6E4DCD510E4B,publication_status,publication,Unpublished,reported,SRC-A90AB34CA3FE,"p. 134, note 546"
IBI-6E91E5BC2104,catalogue_language_codes,language,heb,reported,SRC-24DD1B6CC031,MMS 997008712406705171
IBI-6E91E5BC2104,current_location,location,"National Library of Israel, Jerusalem",reported,SRC-24DD1B6CC031,MMS 997008712406705171
IBI-6E91E5BC2104,dating,dating,400–899 CE,reported,SRC-24DD1B6CC031,MMS 997008712406705171
IBI-6E91E5BC2104,dimensions,dimensions,Height 57 mm; source field ‘הקף’ 166 mm,reported,SRC-24DD1B6CC031,MMS 997008712406705171
IBI-6ECF7BBA5A74,catalogue_language_codes,language,heb,reported,SRC-AEC0FA1CE6C0,MMS 997008712395305171
IBI-6ECF7BBA5A74,current_location,location,"National Library of Israel, Jerusalem",reported,SRC-AEC0FA1CE6C0,MMS 997008712395305171
IBI-6ECF7BBA5A74,dating,dating,400–899 CE,reported,SRC-AEC0FA1CE6C0,MMS 997008712395305171
IBI-6ECF7BBA5A74,dimensions,dimensions,Height 55 mm; source field ‘הקף’ 176 mm,reported,SRC-AEC0FA1CE6C0,MMS 997008712395305171
IBI-6EDBD224265D,attributed_author,practitioner,Kwarkšid Gušnas son of Dustay and Zebinta daughter of Zaywi,reported,SRC-A90AB34CA3FE,"p. 102, table 6, NFP 7 and note 414"
IBI-6EDBD224265D,current_or_reported_collection,location,British Museum,reported,SRC-A90AB34CA3FE,"p. 102, table 6, NFP 7 and note 414"
IBI-6EDBD224265D,formula_genre,ritual,Mesopotamian,reported,SRC-A90AB34CA3FE,"p. 102, table 6, NFP 7 and note 414"
IBI-6EDBD224265D,inscription_language,language,Jewish Babylonian Aramaic,reported,SRC-A90AB34CA3FE,"p. 102, table 6, NFP 7 and note 414"
IBI-6EDC36067929,catalogue_language_codes,language,heb,reported,SRC-57594963376F,MMS 997008712396905171
IBI-6EDC36067929,current_location,location,"National Library of Israel, Jerusalem",reported,SRC-57594963376F,MMS 997008712396905171
IBI-6EDC36067929,dating,dating,400–899 CE,reported,SRC-57594963376F,MMS 997008712396905171
IBI-6EDC36067929,dimensions,dimensions,Height 54 mm; source field ‘הקף’ 169 mm,reported,SRC-57594963376F,MMS 997008712396905171
IBI-6F09DFD10EC4,current_location,location,The British Museum,reported,SRC-3D4B57D27A24,Related objects: N-1692
IBI-6F09DFD10EC4,dating,dating,6thC-8thC,reported,SRC-3D4B57D27A24,Related objects: N-1692
IBI-6F09DFD10EC4,findspot,provenance,Excavated/Findspot: Nimrud,reported,SRC-3D4B57D27A24,Related objects: N-1692
IBI-6F09DFD10EC4,period,dating,Late-Post Sasanian,reported,SRC-3D4B57D27A24,Related objects: N-1692
IBI-6F09DFD10EC4,production_place,provenance,Made in: Iraq,reported,SRC-3D4B57D27A24,Related objects: N-1692
IBI-6F17044971CD,condition,condition,Fragment,reported,SRC-47A2A679B754,dc00001096
IBI-6F17044971CD,current_location,location,"Frau Professor Hilprecht Collection, Friedrich Schiller University Jena",reported,SRC-47A2A679B754,dc00001096
IBI-6F17044971CD,dating,dating,500–700 CE,reported,SRC-47A2A679B754,dc00001096
IBI-6F17044971CD,dimensions,dimensions,Height 5.3 cm; diameter 3.7 cm,reported,SRC-47A2A679B754,dc00001096
IBI-6F17044971CD,findspot,provenance,"Nippur, Iraq",reported,SRC-47A2A679B754,dc00001096
IBI-6F29DE6CB2A3,current_location,location,Penn Museum,reported,SRC-FCFB8F2D8D96,https://collections.penn.museum/collections/object/288383
IBI-6F29DE6CB2A3,material,material,Ceramic; Ink,reported,SRC-FCFB8F2D8D96,https://collections.penn.museum/collections/object/288383
IBI-6F774DF56560,condition,condition,fragmentary,reported,SRC-3A8095B6D794,index entry BM070A
IBI-6F7988CFF562,inscription_language,language,Mandaic,reported,SRC-72D809FB4249,text 083M; section pp. 103–146
IBI-6F82CB1B2935,inscription_language,language,Aramaic,reported,SRC-72D809FB4249,text 047A; section pp. 43–102
IBI-6F91666B40A7,condition,condition,fragmentary,reported,SRC-3A8095B6D794,index entry BM046A
IBI-6F96AEDF4945,biblical_quotation,biblical_intertexts,Zechariah 3:2,reported,SRC-C54888E36130,MS 2053/196 context: MS 2053/1
IBI-6F96AEDF4945,current_location,location,The Schøyen Collection,reported,SRC-C54888E36130,MS 2053/196 context: MS 2053/1
IBI-6F98412BF44D,biblical_quotations,biblical_intertexts,"[""2 Kgs 19.15""]",reported,SRC-73C44B143A9D,"p. 156, distribution table, VA 2416"
IBI-6F98412BF44D,current_or_reported_collection,location,"Vorderasiatisches Museum, Berlin",reported,SRC-73C44B143A9D,"p. 156, distribution table, VA 2416"
IBI-6F98412BF44D,inscription_language,language,Jewish Babylonian Aramaic,reported,SRC-73C44B143A9D,"p. 156, distribution table, VA 2416"
IBI-6FA7E982BF0B,catalogue_language_codes,language,heb,reported,SRC-D26AD3EC2523,MMS 997008712405505171
IBI-6FA7E982BF0B,current_location,location,"National Library of Israel, Jerusalem",reported,SRC-D26AD3EC2523,MMS 997008712405505171
IBI-6FA7E982BF0B,dating,dating,400–899 CE,reported,SRC-D26AD3EC2523,MMS 997008712405505171
IBI-6FA7E982BF0B,dimensions,dimensions,Height 56 mm; source field ‘הקף’ 129 mm,reported,SRC-D26AD3EC2523,MMS 997008712405505171
IBI-6FABD77BF235,current_location,location,The British Museum,reported,SRC-3D4B57D27A24,Related objects: 1908-0411-89
IBI-6FABD77BF235,dating,dating,6thC-8thC,reported,SRC-3D4B57D27A24,Related objects: 1908-0411-89
IBI-6FABD77BF235,period,dating,Late-Post Sasanian,reported,SRC-3D4B57D27A24,Related objects: 1908-0411-89
IBI-6FABD77BF235,production_place,provenance,Made in: Iraq,reported,SRC-3D4B57D27A24,Related objects: 1908-0411-89
IBI-6FF335082D5F,condition,condition,fragmentary,reported,SRC-3A8095B6D794,index entry IM9736
IBI-707CAB497217,current_location,location,The British Museum,reported,SRC-3D4B57D27A24,Related objects: 1908-0411-92
IBI-707CAB497217,dating,dating,6thC-8thC,reported,SRC-3D4B57D27A24,Related objects: 1908-0411-92
IBI-707CAB497217,period,dating,Late-Post Sasanian,reported,SRC-3D4B57D27A24,Related objects: 1908-0411-92
IBI-707CAB497217,production_place,provenance,Made in: Iraq,reported,SRC-3D4B57D27A24,Related objects: 1908-0411-92
IBI-70A33619FA7E,current_location,location,Penn Museum,reported,SRC-E9E6B626C293,https://collections.penn.museum/collections/object/107955
IBI-70A33619FA7E,material,material,Ceramic; Ink,reported,SRC-E9E6B626C293,https://collections.penn.museum/collections/object/107955
IBI-70CE0F40E409,current_location,location,Penn Museum,reported,SRC-356BBDFA84CF,https://collections.penn.museum/collections/object/129133
IBI-70CE0F40E409,material,material,Ceramic Ink,reported,SRC-356BBDFA84CF,https://collections.penn.museum/collections/object/129133
IBI-70F13CE9430F,catalogue_language_codes,language,heb,reported,SRC-05DFD4EEDD2F,MMS 997008712407505171
IBI-70F13CE9430F,current_location,location,"National Library of Israel, Jerusalem",reported,SRC-05DFD4EEDD2F,MMS 997008712407505171
IBI-70F13CE9430F,dating,dating,400–899 CE,reported,SRC-05DFD4EEDD2F,MMS 997008712407505171
IBI-70F13CE9430F,dimensions,dimensions,Height 51 mm; source field ‘הקף’ 153 mm,reported,SRC-05DFD4EEDD2F,MMS 997008712407505171
IBI-71268FC381A8,current_location,location,Penn Museum,reported,SRC-FFD168B85204,https://collections.penn.museum/collections/object/200237
IBI-71268FC381A8,material,material,Ceramic Ink,reported,SRC-FFD168B85204,https://collections.penn.museum/collections/object/200237
IBI-71275D19F5D2,dating,dating,5th–mid-7th century CE,reported,SRC-A9F7DEA0F113,Bidsquare product 1845576
IBI-71275D19F5D2,dimensions,dimensions,Diameter 15.2 cm; height 6.6 cm,reported,SRC-A9F7DEA0F113,Bidsquare product 1845576
IBI-71275D19F5D2,iconography,visual,Bust of Sol in a radiating disc and abstract anthropomorphic figure,reported,SRC-A9F7DEA0F113,Bidsquare product 1845576
IBI-71275D19F5D2,material,material,Pottery,reported,SRC-A9F7DEA0F113,Bidsquare product 1845576
IBI-71275D19F5D2,script_or_language,language,Syriac inscription (auction attribution),reported,SRC-A9F7DEA0F113,Bidsquare product 1845576
IBI-719DCF8C9757,catalogue_language_codes,language,heb,reported,SRC-E2C2C68691CB,MMS 997008712394805171
IBI-719DCF8C9757,current_location,location,"National Library of Israel, Jerusalem",reported,SRC-E2C2C68691CB,MMS 997008712394805171
IBI-719DCF8C9757,dating,dating,400–899 CE,reported,SRC-E2C2C68691CB,MMS 997008712394805171
IBI-719DCF8C9757,dimensions,dimensions,Height 133 mm; source field ‘הקף’ 275 mm,reported,SRC-E2C2C68691CB,MMS 997008712394805171
IBI-7202460CF53F,current_location,location,Penn Museum,reported,SRC-B5ED0698C76C,https://collections.penn.museum/collections/object/206952
IBI-7202460CF53F,material,material,Ceramic; Ink,reported,SRC-B5ED0698C76C,https://collections.penn.museum/collections/object/206952
IBI-7221ABC87DD6,catalogue_language_codes,language,heb,reported,SRC-F9041DB8EE3E,MMS 997008712403205171
IBI-7221ABC87DD6,current_location,location,"National Library of Israel, Jerusalem",reported,SRC-F9041DB8EE3E,MMS 997008712403205171
IBI-7221ABC87DD6,dating,dating,400–899 CE,reported,SRC-F9041DB8EE3E,MMS 997008712403205171
IBI-7221ABC87DD6,dimensions,dimensions,Height 63 mm; source field ‘הקף’ 180 mm,reported,SRC-F9041DB8EE3E,MMS 997008712403205171
IBI-724AC11312AB,client,client,Duktan Pruk,reported,SRC-539BB677443B,"DA 4, first Mandaean bowl"
IBI-724AC11312AB,current_location,location,"Royal Ontario Museum, Toronto",reported,SRC-539BB677443B,"DA 4, first Mandaean bowl"
IBI-724AC11312AB,findspot,provenance,"Nippur, Iraq",reported,SRC-539BB677443B,"DA 4, first Mandaean bowl"
IBI-724AC11312AB,inscription_language,language,Mandaic,reported,SRC-539BB677443B,"DA 4, first Mandaean bowl"
IBI-724AC11312AB,text_purpose,ritual,"Protection of Duktan Pruk, her pregnancy, spouse, sons, daughters, house, and threshold",reported,SRC-539BB677443B,"DA 4, first Mandaean bowl"
IBI-72719DB2F6BE,catalogue_language_codes,language,heb,reported,SRC-FE425474F5BC,MMS 997008712548705171
IBI-72719DB2F6BE,current_location,location,"National Library of Israel, Jerusalem",reported,SRC-FE425474F5BC,MMS 997008712548705171
IBI-72719DB2F6BE,dating,dating,400–899 CE,reported,SRC-FE425474F5BC,MMS 997008712548705171
IBI-72719DB2F6BE,dimensions,dimensions,Height 62 mm; source field ‘הקף’ 160 mm,reported,SRC-FE425474F5BC,MMS 997008712548705171
IBI-72847F594F9C,current_or_reported_collection,location,Schøyen Collection,reported,SRC-6D313A7AA389,"p. 2, item 36"
IBI-72847F594F9C,inscription_language,language,Syriac,reported,SRC-6D313A7AA389,"p. 2, item 36"
IBI-72847F594F9C,script,script,Syriac ‘Manichaean’ script,reported,SRC-6D313A7AA389,"p. 2, item 36"
IBI-72871546D7BB,catalogue_language_codes,language,heb,reported,SRC-48B63941459A,MMS 997008712409905171
IBI-72871546D7BB,current_location,location,"National Library of Israel, Jerusalem",reported,SRC-48B63941459A,MMS 997008712409905171
IBI-72871546D7BB,dating,dating,400–899 CE,reported,SRC-48B63941459A,MMS 997008712409905171
IBI-72871546D7BB,dimensions,dimensions,Height 72 mm; source field ‘הקף’ 155 mm,reported,SRC-48B63941459A,MMS 997008712409905171
IBI-72C2FEA80E01,current_location,location,Penn Museum,reported,SRC-D41B75B9DD89,https://collections.penn.museum/collections/object/113787
IBI-72C2FEA80E01,material,material,Ceramic; Ink,reported,SRC-D41B75B9DD89,https://collections.penn.museum/collections/object/113787
IBI-72FEFF11F8A7,current_location,location,Penn Museum,reported,SRC-94481B2559F0,https://collections.penn.museum/collections/object/38626
IBI-72FEFF11F8A7,material,material,Ceramic; Ink,reported,SRC-94481B2559F0,https://collections.penn.museum/collections/object/38626
IBI-730F26F11354,catalogue_language_codes,language,heb,reported,SRC-C5BEBDDA0AE1,MMS 997008712395805171
IBI-730F26F11354,current_location,location,"National Library of Israel, Jerusalem",reported,SRC-C5BEBDDA0AE1,MMS 997008712395805171
IBI-730F26F11354,dating,dating,400–899 CE,reported,SRC-C5BEBDDA0AE1,MMS 997008712395805171
IBI-730F26F11354,dimensions,dimensions,Height 79 mm; source field ‘הקף’ 195 mm,reported,SRC-C5BEBDDA0AE1,MMS 997008712395805171
IBI-73216B6C3FD7,catalogue_language_codes,language,heb,reported,SRC-C3467F2E8EA4,MMS 997008712400105171
IBI-73216B6C3FD7,current_location,location,"National Library of Israel, Jerusalem",reported,SRC-C3467F2E8EA4,MMS 997008712400105171
IBI-73216B6C3FD7,dating,dating,400–899 CE,reported,SRC-C3467F2E8EA4,MMS 997008712400105171
IBI-73216B6C3FD7,dimensions,dimensions,Height 170 mm; source field ‘הקף’ 325 mm,reported,SRC-C3467F2E8EA4,MMS 997008712400105171
IBI-73425D0E99C6,biblical_quotation,biblical_intertexts,Zechariah 3:2,reported,SRC-C54888E36130,MS 2053/196 context: MS 2053/238
IBI-73425D0E99C6,current_location,location,The Schøyen Collection,reported,SRC-C54888E36130,MS 2053/196 context: MS 2053/238
IBI-7346BB53B72D,current_location,location,The British Museum,reported,SRC-3D4B57D27A24,Related objects: 1911-0408-49
IBI-7346BB53B72D,dating,dating,6thC-8thC,reported,SRC-3D4B57D27A24,Related objects: 1911-0408-49
IBI-7346BB53B72D,findspot,provenance,Found/Acquired: Iraq,reported,SRC-3D4B57D27A24,Related objects: 1911-0408-49
IBI-7346BB53B72D,period,dating,Late-Post Sasanian,reported,SRC-3D4B57D27A24,Related objects: 1911-0408-49
IBI-7346BB53B72D,production_place,provenance,Made in: Iraq,reported,SRC-3D4B57D27A24,Related objects: 1911-0408-49
IBI-73933652D077,inscription_language,language,Aramaic,reported,SRC-72D809FB4249,text 002A; section pp. 43–102
IBI-7394BFD7A73B,current_location,location,"Iraq Museum, Baghdad",reported,SRC-9D7F88975731,bowl IM 76106
IBI-7394BFD7A73B,findspot,provenance,Nippur,reported,SRC-9D7F88975731,bowl IM 76106
IBI-7394BFD7A73B,inscription_language,language,Jewish Babylonian Aramaic,reported,SRC-9D7F88975731,bowl IM 76106
IBI-7395CFCC8BBD,catalogue_language_codes,language,heb,reported,SRC-9281A3F0294E,MMS 997008712404205171
IBI-7395CFCC8BBD,current_location,location,"National Library of Israel, Jerusalem",reported,SRC-9281A3F0294E,MMS 997008712404205171
IBI-7395CFCC8BBD,dating,dating,400–899 CE,reported,SRC-9281A3F0294E,MMS 997008712404205171
IBI-7395CFCC8BBD,dimensions,dimensions,Height 49 mm; source field ‘הקף’ 179 mm,reported,SRC-9281A3F0294E,MMS 997008712404205171
IBI-73D2DAE13663,inscription_language,language,Aramaic,reported,SRC-72D809FB4249,text 069A; section pp. 43–102
IBI-740D6F751B98,condition,condition,fragmentary,reported,SRC-3A8095B6D794,index entry BM050A
IBI-74625165CE1F,condition,condition,Broken and mended; four fragments missing.,reported,SRC-943673B56FB8,"Catalogue, text 25, printed p. 325; PDF p. 331; description column"
IBI-74625165CE1F,current_or_reported_collection,location,Penn Museum,reported,SRC-943673B56FB8,"p. 325, item 25"
IBI-74625165CE1F,dimensions,dimensions,height 6.9 cm; diameter 17.2 cm,reported,SRC-943673B56FB8,"p. 325, item 25"
IBI-74625165CE1F,dimensions,dimensions,height 6.9 cm; diameter 17.2 cm,reported,SRC-943673B56FB8,"Catalogue, text 25, printed p. 325; PDF p. 331; size column (height by diameter)"
IBI-74625165CE1F,findspot,provenance,Nippur,reported,SRC-943673B56FB8,"p. 325, item 25"
IBI-74625165CE1F,inscription_language,language,Jewish Babylonian Aramaic,reported,SRC-943673B56FB8,"p. 325, item 25"
IBI-74625165CE1F,publication_register_identifier,publication,CBS 16009,reported,SRC-943673B56FB8,"Catalogue, text 25, printed p. 325; PDF p. 331; catalogue number column"
IBI-7483C18A7D30,current_location,location,The British Museum,reported,SRC-3D4B57D27A24,Related objects: 1980-0415-31-e
IBI-7483C18A7D30,dating,dating,6thC-8thC,reported,SRC-3D4B57D27A24,Related objects: 1980-0415-31-e
IBI-7483C18A7D30,findspot,provenance,Found/Acquired: Iraq,reported,SRC-3D4B57D27A24,Related objects: 1980-0415-31-e
IBI-7483C18A7D30,period,dating,Late-Post Sasanian,reported,SRC-3D4B57D27A24,Related objects: 1980-0415-31-e
IBI-7483C18A7D30,production_place,provenance,Made in: Iraq,reported,SRC-3D4B57D27A24,Related objects: 1980-0415-31-e
IBI-748B22D39260,client,client,Mahperoz son of Hindu,reported,SRC-C98D8598819D,object W_1851-1009-99
IBI-748B22D39260,current_location,location,The British Museum,reported,SRC-3D4B57D27A24,Related objects: 1851-1009-99
IBI-748B22D39260,current_location,location,The British Museum,reported,SRC-C98D8598819D,object W_1851-1009-99
IBI-748B22D39260,dating,dating,6thC–8thC,reported,SRC-C98D8598819D,object W_1851-1009-99
IBI-748B22D39260,dating,dating,6thC-8thC,reported,SRC-3D4B57D27A24,Related objects: 1851-1009-99
IBI-748B22D39260,dimensions,dimensions,Diameter 19.00 cm; depth 5.20 cm,reported,SRC-C98D8598819D,object W_1851-1009-99
IBI-748B22D39260,findspot,provenance,Found/Acquired: Babylon (historic - Iraq),reported,SRC-3D4B57D27A24,Related objects: 1851-1009-99
IBI-748B22D39260,findspot,provenance,Babylon; reportedly found in a tomb,reported,SRC-C98D8598819D,object W_1851-1009-99
IBI-748B22D39260,inscription_language,language,Aramaic,reported,SRC-C98D8598819D,object W_1851-1009-99
IBI-748B22D39260,material,material,pottery,reported,SRC-C98D8598819D,object W_1851-1009-99
IBI-748B22D39260,period,dating,Late-Post Sasanian,reported,SRC-3D4B57D27A24,Related objects: 1851-1009-99
IBI-748B22D39260,production_place,provenance,Made in: Iraq,reported,SRC-3D4B57D27A24,Related objects: 1851-1009-99
IBI-748B22D39260,text_purpose,ritual,"Ill health, judges, and judgement",reported,SRC-C98D8598819D,object W_1851-1009-99
IBI-74947CF1C998,condition,condition,fragmentary,reported,SRC-3A8095B6D794,index entry BM031A
IBI-74B3A0AA8A87,client,client,Dadgadya daughter of Mimʿa,reported,SRC-71F6B506CE96,object W_1883-0118-AH-2601
IBI-74B3A0AA8A87,condition,condition,Fair,reported,SRC-71F6B506CE96,object W_1883-0118-AH-2601
IBI-74B3A0AA8A87,current_location,location,The British Museum,reported,SRC-3D4B57D27A24,Related objects: 1883-0118-AH-2601
IBI-74B3A0AA8A87,current_location,location,The British Museum,reported,SRC-71F6B506CE96,object W_1883-0118-AH-2601
IBI-74B3A0AA8A87,dating,dating,6thC-8thC,reported,SRC-3D4B57D27A24,Related objects: 1883-0118-AH-2601
IBI-74B3A0AA8A87,dating,dating,6thC–8thC,reported,SRC-71F6B506CE96,object W_1883-0118-AH-2601
IBI-74B3A0AA8A87,dimensions,dimensions,Diameter 11.70 cm; depth 4.50 cm,reported,SRC-71F6B506CE96,object W_1883-0118-AH-2601
IBI-74B3A0AA8A87,findspot,provenance,Excavated/Findspot: Abu Habba (Sippar),reported,SRC-3D4B57D27A24,Related objects: 1883-0118-AH-2601
IBI-74B3A0AA8A87,findspot,provenance,Abu Habba (Sippar),reported,SRC-71F6B506CE96,object W_1883-0118-AH-2601
IBI-74B3A0AA8A87,inscription_language,language,"Syriac, Estrangelo script",reported,SRC-71F6B506CE96,object W_1883-0118-AH-2601
IBI-74B3A0AA8A87,material,material,pottery,reported,SRC-71F6B506CE96,object W_1883-0118-AH-2601
IBI-74B3A0AA8A87,period,dating,Late-Post Sasanian,reported,SRC-3D4B57D27A24,Related objects: 1883-0118-AH-2601
IBI-74B3A0AA8A87,production_place,provenance,Made in: Iraq,reported,SRC-3D4B57D27A24,Related objects: 1883-0118-AH-2601
IBI-74D92579EF70,current_location,location,Penn Museum,reported,SRC-854641D21DA4,https://collections.penn.museum/collections/object/15709
IBI-74D92579EF70,material,material,Ceramic; Ink,reported,SRC-854641D21DA4,https://collections.penn.museum/collections/object/15709
IBI-75154F6F38E4,condition,condition,fragmentary,reported,SRC-3A8095B6D794,index entry BM032A
IBI-7575F61C0341,current_location,location,Penn Museum,reported,SRC-B6E38E9A68F4,https://collections.penn.museum/collections/object/161404
IBI-7575F61C0341,material,material,Ceramic Ink,reported,SRC-B6E38E9A68F4,https://collections.penn.museum/collections/object/161404
IBI-75FA7EAA1BF4,current_location,location,Penn Museum,reported,SRC-3AC5DC6A8452,https://collections.penn.museum/collections/object/134690
IBI-75FA7EAA1BF4,material,material,Ceramic; Ink,reported,SRC-3AC5DC6A8452,https://collections.penn.museum/collections/object/134690
IBI-761FF5C3F057,inscription_language,language,Aramaic,reported,SRC-72D809FB4249,text 020A; section pp. 43–102
IBI-766C8AAE7C05,script,script,Pseudo-script,reported,SRC-72D809FB4249,text 135Ps; section pp. 150–162
IBI-7680B927BB2F,condition,condition,Broken and mended; two holes.,reported,SRC-943673B56FB8,"Catalogue, text 1, printed p. 321; PDF p. 327; description column"
IBI-7680B927BB2F,current_or_reported_collection,location,Penn Museum,reported,SRC-943673B56FB8,"p. 321, item 1"
IBI-7680B927BB2F,dimensions,dimensions,height 6.5 cm; diameter 17 cm,reported,SRC-943673B56FB8,"Catalogue, text 1, printed p. 321; PDF p. 327; size column (height by diameter)"
IBI-7680B927BB2F,dimensions,dimensions,height 6.5 cm; diameter 17 cm,reported,SRC-943673B56FB8,"p. 321, item 1"
IBI-7680B927BB2F,findspot,provenance,Nippur,reported,SRC-943673B56FB8,"p. 321, item 1"
IBI-7680B927BB2F,inscription_language,language,Jewish Babylonian Aramaic,reported,SRC-943673B56FB8,"p. 321, item 1"
IBI-7680B927BB2F,publication_register_identifier,publication,CBS 8693,reported,SRC-943673B56FB8,"Catalogue, text 1, printed p. 321; PDF p. 327; catalogue number column"
IBI-76A1BD1CA1A4,current_location,location,Penn Museum,reported,SRC-CFD266DE4958,https://collections.penn.museum/collections/object/202010
IBI-76A1BD1CA1A4,material,material,Ceramic; Ink,reported,SRC-CFD266DE4958,https://collections.penn.museum/collections/object/202010
IBI-76B1288C73F4,current_or_reported_collection,location,Yale Babylonian Collection,reported,SRC-6D313A7AA389,"p. 1, item 1"
IBI-76B1288C73F4,inscription_language,language,Syriac,reported,SRC-6D313A7AA389,"p. 1, item 1"
IBI-76B1288C73F4,script,script,Syriac ‘Manichaean’ script,reported,SRC-6D313A7AA389,"p. 1, item 1"
IBI-76DD89B4A04F,current_or_reported_collection,location,Penn Museum,reported,SRC-6D313A7AA389,"p. 2, designation CBS 16014"
IBI-76DD89B4A04F,inscription_language,language,Jewish Babylonian Aramaic,reported,SRC-6D313A7AA389,"p. 2, designation CBS 16014"
IBI-76DD89B4A04F,script,script,Jewish Aramaic script,reported,SRC-6D313A7AA389,"p. 2, designation CBS 16014"
IBI-76FB63CDA695,current_location,location,Penn Museum,reported,SRC-CC5AB88F01DC,https://collections.penn.museum/collections/object/161879
IBI-7705A74EC455,biblical_quotations,biblical_intertexts,"[""Gen. 49.22"", ""Isa. 40.12""]",reported,SRC-73C44B143A9D,"p. 155, distribution table, CAMIB 72"
IBI-7705A74EC455,current_or_reported_collection,location,British Museum,reported,SRC-73C44B143A9D,"p. 155, distribution table, CAMIB 72"
IBI-7705A74EC455,inscription_language,language,Jewish Babylonian Aramaic,reported,SRC-73C44B143A9D,"p. 155, distribution table, CAMIB 72"
IBI-770EFE0D1A29,inscription_language,language,Aramaic,reported,SRC-72D809FB4249,text 017A; section pp. 43–102
IBI-77314E5A3199,biblical_quotations,biblical_intertexts,"[""Exod. 14.20""]",reported,SRC-73C44B143A9D,"p. 159, distribution table, IM 9736"
IBI-77314E5A3199,current_or_reported_collection,location,Iraq Museum,reported,SRC-73C44B143A9D,"p. 159, distribution table, IM 9736"
IBI-77314E5A3199,inscription_language,language,Jewish Babylonian Aramaic,reported,SRC-73C44B143A9D,"p. 159, distribution table, IM 9736"
IBI-7736310A8752,current_or_reported_collection,location,Penn Museum,reported,SRC-A90AB34CA3FE,"p. 106, note 435"
IBI-7736310A8752,handwriting_group,practitioner,Same hand as CBS 16041,reported,SRC-A90AB34CA3FE,"p. 106, note 435"
IBI-7736310A8752,inscription_language,language,Jewish Babylonian Aramaic,reported,SRC-A90AB34CA3FE,"p. 106, note 435"
IBI-77584E7FC2CA,current_location,location,The British Museum,reported,SRC-3D4B57D27A24,Related objects: 1886-0109-13
IBI-77584E7FC2CA,dating,dating,6thC-8thC,reported,SRC-3D4B57D27A24,Related objects: 1886-0109-13
IBI-77584E7FC2CA,findspot,provenance,Found/Acquired: Iraq,reported,SRC-3D4B57D27A24,Related objects: 1886-0109-13
IBI-77584E7FC2CA,period,dating,Late-Post Sasanian,reported,SRC-3D4B57D27A24,Related objects: 1886-0109-13
IBI-77584E7FC2CA,production_place,provenance,Made in: Iraq,reported,SRC-3D4B57D27A24,Related objects: 1886-0109-13
IBI-778D533455D4,current_location,location,The British Museum,reported,SRC-3D4B57D27A24,Related objects: 1901-0209-1131
IBI-778D533455D4,dating,dating,6thC-8thC,reported,SRC-3D4B57D27A24,Related objects: 1901-0209-1131
IBI-778D533455D4,period,dating,Late-Post Sasanian,reported,SRC-3D4B57D27A24,Related objects: 1901-0209-1131
IBI-778D533455D4,production_place,provenance,Made in: Iraq,reported,SRC-3D4B57D27A24,Related objects: 1901-0209-1131
IBI-77A885AF1965,current_location,location,Penn Museum,reported,SRC-9DAA7880D3A0,https://collections.penn.museum/collections/object/252936
IBI-77A885AF1965,material,material,Ceramic; Ink,reported,SRC-9DAA7880D3A0,https://collections.penn.museum/collections/object/252936
IBI-77AF26949E80,condition,condition,fragmentary,reported,SRC-3A8095B6D794,index entry BM010A
IBI-77E84A2CC99D,current_location,location,Penn Museum,reported,SRC-08CD8D5C9BC7,https://collections.penn.museum/collections/object/47350
IBI-77E84A2CC99D,material,material,Ceramic; Ink,reported,SRC-08CD8D5C9BC7,https://collections.penn.museum/collections/object/47350
IBI-7801EB9E36C2,current_location,location,Penn Museum,reported,SRC-B28E99A341D0,https://collections.penn.museum/collections/object/1919
IBI-7801EB9E36C2,material,material,Ceramic; Ink,reported,SRC-B28E99A341D0,https://collections.penn.museum/collections/object/1919
IBI-7809B8513409,current_location,location,The British Museum,reported,SRC-3D4B57D27A24,Related objects: 1911-0408-47
IBI-7809B8513409,dating,dating,6thC-8thC,reported,SRC-3D4B57D27A24,Related objects: 1911-0408-47
IBI-7809B8513409,period,dating,Late-Post Sasanian,reported,SRC-3D4B57D27A24,Related objects: 1911-0408-47
IBI-7809B8513409,production_place,provenance,Made in: Iraq,reported,SRC-3D4B57D27A24,Related objects: 1911-0408-47
IBI-784A76964A74,catalogue_language_codes,language,heb,reported,SRC-EC32A6CBE741,MMS 997008712547805171
IBI-784A76964A74,current_location,location,"National Library of Israel, Jerusalem",reported,SRC-EC32A6CBE741,MMS 997008712547805171
IBI-784A76964A74,dating,dating,400–899 CE,reported,SRC-EC32A6CBE741,MMS 997008712547805171
IBI-784A76964A74,dimensions,dimensions,Height 63 mm; source field ‘הקף’ 178 mm,reported,SRC-EC32A6CBE741,MMS 997008712547805171
IBI-7884182D0362,biblical_quotations,biblical_intertexts,"[""Isa. 12.3""]",reported,SRC-73C44B143A9D,"p. 158, distribution table, JBA 90"
IBI-7884182D0362,current_or_reported_collection,location,The Schøyen Collection,reported,SRC-73C44B143A9D,"p. 158, distribution table, JBA 90"
IBI-7884182D0362,inscription_language,language,Jewish Babylonian Aramaic,reported,SRC-73C44B143A9D,"p. 158, distribution table, JBA 90"
IBI-7895CC72B849,current_location,location,"State Hermitage Museum, St. Petersburg",reported,SRC-EB27DA285DC5,"bowl S-448, especially pp. 300–302"
IBI-78BDAC8F3B1B,catalogue_language_codes,language,heb,reported,SRC-38D8AED97A7A,MMS 997008712409405171
IBI-78BDAC8F3B1B,current_location,location,"National Library of Israel, Jerusalem",reported,SRC-38D8AED97A7A,MMS 997008712409405171
IBI-78BDAC8F3B1B,dating,dating,400–899 CE,reported,SRC-38D8AED97A7A,MMS 997008712409405171
IBI-78BDAC8F3B1B,dimensions,dimensions,Height 65 mm; source field ‘הקף’ 165 mm,reported,SRC-38D8AED97A7A,MMS 997008712409405171
IBI-790A43FE121F,current_location,location,"Di Castro Collection, Rome, in 2016",reported,SRC-4C44E5816E4F,pp. 207–220
IBI-790A43FE121F,inscription_language,language,Arabic,reported,SRC-4C44E5816E4F,pp. 207–220
IBI-790A43FE121F,inscription_placement,text_form,Interior and exterior,reported,SRC-4C44E5816E4F,pp. 207–220
IBI-798DF2BF6161,current_location,location,Penn Museum,reported,SRC-3C8BC6D81A1F,https://collections.penn.museum/collections/object/199041
IBI-798DF2BF6161,material,material,Ceramic; Ink,reported,SRC-3C8BC6D81A1F,https://collections.penn.museum/collections/object/199041
IBI-799AE236CDBB,condition,condition,Some areas faded; mended from several pieces,reported,SRC-FC77989995C8,"catalogue p. 92, lot 441; image p. 93"
IBI-799AE236CDBB,dating,dating,6th–7th century CE,reported,SRC-FC77989995C8,"catalogue p. 92, lot 441; image p. 93"
IBI-799AE236CDBB,dimensions,dimensions,Diameter 16.7 cm,reported,SRC-FC77989995C8,"catalogue p. 92, lot 441; image p. 93"
IBI-799AE236CDBB,material,material,Terracotta,reported,SRC-FC77989995C8,"catalogue p. 92, lot 441; image p. 93"
IBI-799AE236CDBB,script_or_language,language,Aramaic text,reported,SRC-FC77989995C8,"catalogue p. 92, lot 441; image p. 93"
IBI-79A4D3B0726E,catalogue_language_codes,language,heb,reported,SRC-C0872322A931,MMS 997008712406605171
IBI-79A4D3B0726E,current_location,location,"National Library of Israel, Jerusalem",reported,SRC-C0872322A931,MMS 997008712406605171
IBI-79A4D3B0726E,dating,dating,400–899 CE,reported,SRC-C0872322A931,MMS 997008712406605171
IBI-79A4D3B0726E,dimensions,dimensions,Height 49 mm; source field ‘הקף’ 130 mm,reported,SRC-C0872322A931,MMS 997008712406605171
IBI-79CB88572315,dating,dating,600–800 CE,reported,SRC-2227D5AC463A,item 232753117
IBI-79CB88572315,dimensions,dimensions,250 × 115 mm; weight 1.18 kg,reported,SRC-2227D5AC463A,item 232753117
IBI-79CB88572315,inscription_language,language,Aramaic,reported,SRC-2227D5AC463A,item 232753117
IBI-79CB88572315,material,material,Terracotta,reported,SRC-2227D5AC463A,item 232753117
IBI-79CB88572315,material,material,Pottery,reported,SRC-2227D5AC463A,item 232753117
IBI-79CB88572315,provenance,provenance,Private UK collection; purchased on the London art market in the 1980s,reported,SRC-2227D5AC463A,item 232753117
IBI-79CB88572315,text_layout,text_form,Spiral bands,reported,SRC-2227D5AC463A,item 232753117
IBI-79CB88572315,vessel_form,vessel_form,"Conical, flat circular base, thick rim",reported,SRC-2227D5AC463A,item 232753117
IBI-79D32E0C0500,current_location,location,Penn Museum,reported,SRC-E03AC9F337A8,https://collections.penn.museum/collections/object/64458
IBI-79D32E0C0500,material,material,Ceramic Ink,reported,SRC-E03AC9F337A8,https://collections.penn.museum/collections/object/64458
IBI-7A467A8AACE3,current_location,location,Penn Museum,reported,SRC-1A1CA0D8975E,https://collections.penn.museum/collections/object/28709
IBI-7A467A8AACE3,material,material,Ceramic Ink,reported,SRC-1A1CA0D8975E,https://collections.penn.museum/collections/object/28709
IBI-7A65D1FE72ED,handwriting_attribution,practitioner,Dukhtīč daughter of Bahāroy,reported,SRC-A90AB34CA3FE,"p. 134, note 546"
IBI-7A65D1FE72ED,inscription_language,language,Jewish Babylonian Aramaic,reported,SRC-A90AB34CA3FE,"p. 134, note 546"
IBI-7A65D1FE72ED,publication_status,publication,Unpublished,reported,SRC-A90AB34CA3FE,"p. 134, note 546"
IBI-7A94ED1805A5,inscription_language,language,Mandaic,reported,SRC-72D809FB4249,text 114M; section pp. 103–146
IBI-7AB2CDFBCADC,biblical_quotations,biblical_intertexts,"[""Exod. 3.5""]",reported,SRC-73C44B143A9D,"p. 155, distribution table, M 123"
IBI-7AB2CDFBCADC,current_or_reported_collection,location,Moussaieff Collection,reported,SRC-73C44B143A9D,"p. 155, distribution table, M 123"
IBI-7AB2CDFBCADC,inscription_language,language,Jewish Babylonian Aramaic,reported,SRC-73C44B143A9D,"p. 155, distribution table, M 123"
IBI-7AF2C3E31FDD,current_location,location,The British Museum,reported,SRC-3D4B57D27A24,Related objects: 1881-0714-1
IBI-7AF2C3E31FDD,dating,dating,6thC-8thC,reported,SRC-3D4B57D27A24,Related objects: 1881-0714-1
IBI-7AF2C3E31FDD,findspot,provenance,Excavated/Findspot: Tell Ibrahim (Kutha),reported,SRC-3D4B57D27A24,Related objects: 1881-0714-1
IBI-7AF2C3E31FDD,period,dating,Late-Post Sasanian,reported,SRC-3D4B57D27A24,Related objects: 1881-0714-1
IBI-7AF2C3E31FDD,production_place,provenance,Made in: Iraq,reported,SRC-3D4B57D27A24,Related objects: 1881-0714-1
IBI-7B5FC6F7A0FA,client,client,Mahperoz son of Hindu,reported,SRC-76DC03BE6AEF,object W_1851-1009-97
IBI-7B5FC6F7A0FA,current_location,location,The British Museum,reported,SRC-76DC03BE6AEF,object W_1851-1009-97
IBI-7B5FC6F7A0FA,current_location,location,The British Museum,reported,SRC-3D4B57D27A24,Related objects: 1851-1009-97
IBI-7B5FC6F7A0FA,dating,dating,6thC–8thC,reported,SRC-76DC03BE6AEF,object W_1851-1009-97
IBI-7B5FC6F7A0FA,dating,dating,6thC-8thC,reported,SRC-3D4B57D27A24,Related objects: 1851-1009-97
IBI-7B5FC6F7A0FA,dimensions,dimensions,Diameter 18.20 cm; depth 4.90 cm,reported,SRC-76DC03BE6AEF,object W_1851-1009-97
IBI-7B5FC6F7A0FA,findspot,provenance,Babylon; reportedly found in a tomb,reported,SRC-76DC03BE6AEF,object W_1851-1009-97
IBI-7B5FC6F7A0FA,findspot,provenance,Found/Acquired: Babylon (historic - Iraq),reported,SRC-3D4B57D27A24,Related objects: 1851-1009-97
IBI-7B5FC6F7A0FA,inscription_language,language,Aramaic,reported,SRC-76DC03BE6AEF,object W_1851-1009-97
IBI-7B5FC6F7A0FA,material,material,pottery,reported,SRC-76DC03BE6AEF,object W_1851-1009-97
IBI-7B5FC6F7A0FA,period,dating,Late-Post Sasanian,reported,SRC-3D4B57D27A24,Related objects: 1851-1009-97
IBI-7B5FC6F7A0FA,production_place,provenance,Made in: Iraq,reported,SRC-3D4B57D27A24,Related objects: 1851-1009-97
IBI-7B7F91559A1C,client,client,Ḥammādā daughter of Xwārōy,reported,SRC-27D35A24C6BC,"MC 77.233, pp. 415–471"
IBI-7B7F91559A1C,current_location,location,Magnes Collection,reported,SRC-27D35A24C6BC,"MC 77.233, pp. 415–471"
IBI-7B7F91559A1C,inscription_language,language,Jewish Babylonian Aramaic,reported,SRC-27D35A24C6BC,"MC 77.233, pp. 415–471"
IBI-7B9A81135B29,biblical_quotations,biblical_intertexts,"[""Exod. 15.3"", ""Ps. 24.8"", ""Ps. 104.20"", ""Ps. 10.16"", ""Ps. 93.1"", ""Exod. 15.18""]",reported,SRC-73C44B143A9D,"p. 156, distribution table, JBA 01"
IBI-7B9A81135B29,current_or_reported_collection,location,The Schøyen Collection,reported,SRC-73C44B143A9D,"p. 156, distribution table, JBA 01"
IBI-7B9A81135B29,inscription_language,language,Jewish Babylonian Aramaic,reported,SRC-73C44B143A9D,"p. 156, distribution table, JBA 01"
IBI-7BCBBD6A6A80,current_location,location,The British Museum,reported,SRC-3D4B57D27A24,Related objects: 1881-0714-5
IBI-7BCBBD6A6A80,dating,dating,6thC-8thC,reported,SRC-3D4B57D27A24,Related objects: 1881-0714-5
IBI-7BCBBD6A6A80,findspot,provenance,Excavated/Findspot: Tell Ibrahim (Kutha),reported,SRC-3D4B57D27A24,Related objects: 1881-0714-5
IBI-7BCBBD6A6A80,period,dating,Late-Post Sasanian,reported,SRC-3D4B57D27A24,Related objects: 1881-0714-5
IBI-7BCBBD6A6A80,production_place,provenance,"Made in: Iraq, South",reported,SRC-3D4B57D27A24,Related objects: 1881-0714-5
IBI-7BD7F0E6C60E,catalogue_language_codes,language,heb,reported,SRC-5404D2F24BCB,MMS 997008712548805171
IBI-7BD7F0E6C60E,current_location,location,"National Library of Israel, Jerusalem",reported,SRC-5404D2F24BCB,MMS 997008712548805171
IBI-7BD7F0E6C60E,dating,dating,400–899 CE,reported,SRC-5404D2F24BCB,MMS 997008712548805171
IBI-7BD7F0E6C60E,dimensions,dimensions,Height 62 mm; source field ‘הקף’ 157 mm,reported,SRC-5404D2F24BCB,MMS 997008712548805171
IBI-7BEE2637A6E3,catalogue_language_codes,language,heb,reported,SRC-A4FB9CD506C0,MMS 997008712403305171
IBI-7BEE2637A6E3,current_location,location,"National Library of Israel, Jerusalem",reported,SRC-A4FB9CD506C0,MMS 997008712403305171
IBI-7BEE2637A6E3,dating,dating,400–899 CE,reported,SRC-A4FB9CD506C0,MMS 997008712403305171
IBI-7BEE2637A6E3,dimensions,dimensions,Height 55 mm; source field ‘הקף’ 174 mm,reported,SRC-A4FB9CD506C0,MMS 997008712403305171
IBI-7BFAF3E1718C,biblical_quotations,biblical_intertexts,"[""Deut. 29.27"", ""Jer. 21.5""]",reported,SRC-73C44B143A9D,"p. 155, distribution table, CAMIB 43"
IBI-7BFAF3E1718C,current_or_reported_collection,location,British Museum,reported,SRC-73C44B143A9D,"p. 155, distribution table, CAMIB 43"
IBI-7BFAF3E1718C,inscription_language,language,Jewish Babylonian Aramaic,reported,SRC-73C44B143A9D,"p. 155, distribution table, CAMIB 43"
IBI-7C1BFCA908F2,current_location,location,Penn Museum,reported,SRC-E6A21F75ED17,https://collections.penn.museum/collections/object/3828
IBI-7C1BFCA908F2,material,material,Ceramic; Ink,reported,SRC-E6A21F75ED17,https://collections.penn.museum/collections/object/3828
IBI-7C446F6E0A21,inscription_language,language,Mandaic,reported,SRC-72D809FB4249,text 085M; section pp. 103–146
IBI-7C5D3911148E,current_location,location,Penn Museum,reported,SRC-0148A161BFB8,https://collections.penn.museum/collections/object/277251
IBI-7C5D3911148E,material,material,Ceramic; Ink,reported,SRC-0148A161BFB8,https://collections.penn.museum/collections/object/277251
IBI-7C8AF79EC8C6,current_location,location,Penn Museum,reported,SRC-58B42AA8EB67,https://collections.penn.museum/collections/object/28413
IBI-7C8AF79EC8C6,material,material,Ceramic; Ink,reported,SRC-58B42AA8EB67,https://collections.penn.museum/collections/object/28413
IBI-7C92CE21BB01,current_location,location,Penn Museum,reported,SRC-F52A70CBD17C,https://collections.penn.museum/collections/object/304291
IBI-7C92CE21BB01,material,material,Ceramic; Ink,reported,SRC-F52A70CBD17C,https://collections.penn.museum/collections/object/304291
IBI-7CBFFEC3A2FE,current_location,location,The British Museum,reported,SRC-3D4B57D27A24,Related objects: 1841-0726-90_1
IBI-7CBFFEC3A2FE,dating,dating,6thC-8thC,reported,SRC-3D4B57D27A24,Related objects: 1841-0726-90_1
IBI-7CBFFEC3A2FE,period,dating,Late-Post Sasanian,reported,SRC-3D4B57D27A24,Related objects: 1841-0726-90_1
IBI-7CBFFEC3A2FE,production_place,provenance,Made in: Iraq,reported,SRC-3D4B57D27A24,Related objects: 1841-0726-90_1
IBI-7D0085FFB227,current_location,location,"Frau Professor Hilprecht Collection, Friedrich Schiller University Jena",reported,SRC-A4EF037CBA76,dc00000866
IBI-7D0085FFB227,dating,dating,500–700 CE,reported,SRC-A4EF037CBA76,dc00000866
IBI-7D0085FFB227,dimensions,dimensions,Height 6 cm; diameter 17 cm,reported,SRC-A4EF037CBA76,dc00000866
IBI-7D0085FFB227,findspot,provenance,"Nippur, Iraq",reported,SRC-A4EF037CBA76,dc00000866
IBI-7D4797212D4C,current_location,location,The British Museum,reported,SRC-3D4B57D27A24,Related objects: 1885-1209-2
IBI-7D4797212D4C,dating,dating,6thC-8thC,reported,SRC-3D4B57D27A24,Related objects: 1885-1209-2
IBI-7D4797212D4C,findspot,provenance,Found/Acquired: Iraq,reported,SRC-3D4B57D27A24,Related objects: 1885-1209-2
IBI-7D4797212D4C,period,dating,Late-Post Sasanian,reported,SRC-3D4B57D27A24,Related objects: 1885-1209-2
IBI-7D4797212D4C,production_place,provenance,"Made in: Iraq, South",reported,SRC-3D4B57D27A24,Related objects: 1885-1209-2
IBI-7D489FCC0799,current_location,location,Penn Museum,reported,SRC-55A6FF6CE594,https://collections.penn.museum/collections/object/193277
IBI-7D489FCC0799,material,material,Ceramic; Ink,reported,SRC-55A6FF6CE594,https://collections.penn.museum/collections/object/193277
IBI-7DAD76C36F8E,current_location,location,The Schøyen Collection,reported,SRC-C54888E36130,Schøyen record MS 2053/196
IBI-7DAD76C36F8E,dating,dating,5c - 7c AD,reported,SRC-C54888E36130,Schøyen record MS 2053/196
IBI-7DAD76C36F8E,dimensions,dimensions,10. 5x27.0 cm,reported,SRC-C54888E36130,Schøyen record MS 2053/196
IBI-7DAD76C36F8E,inscription_language,language,Jewish Babylonian Aramaic,reported,SRC-C54888E36130,Schøyen record MS 2053/196
IBI-7DAD76C36F8E,material,material,clay,reported,SRC-C54888E36130,Schøyen record MS 2053/196
IBI-7DAD76C36F8E,origin,provenance,Near East,reported,SRC-C54888E36130,Schøyen record MS 2053/196
IBI-7DAD76C36F8E,publication_status,publication,"The partial quote of text 4 is preliminary and by permission of Prof. Shaul Shaked, who will publish the present incantation bowl in the series Manuscripts in The Schøyen Collection.",reported,SRC-C54888E36130,Schøyen record MS 2053/196
IBI-7E3DBF7BAC14,current_location,location,Penn Museum,reported,SRC-B07506C4C68D,https://collections.penn.museum/collections/object/237590
IBI-7E3DBF7BAC14,material,material,Ceramic; Ink,reported,SRC-B07506C4C68D,https://collections.penn.museum/collections/object/237590
IBI-7EE6B714A1A1,current_location,location,Penn Museum,reported,SRC-BB3F246E3292,https://collections.penn.museum/collections/object/13573
IBI-7EE6B714A1A1,material,material,Ceramic; Ink,reported,SRC-BB3F246E3292,https://collections.penn.museum/collections/object/13573
IBI-7F04261178CB,condition,condition,Broken and mended.,reported,SRC-943673B56FB8,"Catalogue, text 15, printed p. 323; PDF p. 329; description column"
IBI-7F04261178CB,current_or_reported_collection,location,Penn Museum,reported,SRC-943673B56FB8,"p. 323, item 15"
IBI-7F04261178CB,dimensions,dimensions,height 7.3 cm; diameter 17.2 cm,reported,SRC-943673B56FB8,"Catalogue, text 15, printed p. 323; PDF p. 329; size column (height by diameter)"
IBI-7F04261178CB,dimensions,dimensions,height 7.3 cm; diameter 17.2 cm,reported,SRC-943673B56FB8,"p. 323, item 15"
IBI-7F04261178CB,findspot,provenance,Nippur,reported,SRC-943673B56FB8,"p. 323, item 15"
IBI-7F04261178CB,inscription_language,language,Jewish Babylonian Aramaic,reported,SRC-943673B56FB8,"p. 323, item 15"
IBI-7F04261178CB,publication_register_identifier,publication,CBS 16087,reported,SRC-943673B56FB8,"Catalogue, text 15, printed p. 323; PDF p. 329; catalogue number column"
IBI-7F2C7C91BD32,dating,dating,6th–7th century CE,reported,SRC-0F8B82A71EC7,19 September 2025; Barnebys mx2DTW9-621490181
IBI-7F2C7C91BD32,dimensions,dimensions,15 × 16 × 7 cm,reported,SRC-0F8B82A71EC7,19 September 2025; Barnebys mx2DTW9-621490181
IBI-7F2C7C91BD32,inscription_language,language,Aramaic,reported,SRC-0F8B82A71EC7,19 September 2025; Barnebys mx2DTW9-621490181
IBI-7F2C7C91BD32,material,material,Ceramic,reported,SRC-0F8B82A71EC7,19 September 2025; Barnebys mx2DTW9-621490181
IBI-7F2C7C91BD32,provenance,provenance,Private European collection; formerly old UK and European collections formed since the 1970s,reported,SRC-0F8B82A71EC7,19 September 2025; Barnebys mx2DTW9-621490181
IBI-7F45E9808B4D,current_or_reported_collection,location,Penn Museum,reported,SRC-A90AB34CA3FE,"p. 105, note 434"
IBI-7F45E9808B4D,handwriting_attribution,practitioner,Giyonay daughter of Lalay,reported,SRC-A90AB34CA3FE,"p. 105, note 434"
IBI-7F45E9808B4D,inscription_language,language,Jewish Babylonian Aramaic,reported,SRC-A90AB34CA3FE,"p. 105, note 434"
IBI-7F45E9808B4D,publication_status,publication,Unpublished,reported,SRC-A90AB34CA3FE,"p. 105, note 434"
IBI-7F7DB35F6EFA,catalogue_language_codes,language,heb,reported,SRC-8FD3C2906C4C,MMS 997008712409505171
IBI-7F7DB35F6EFA,current_location,location,"National Library of Israel, Jerusalem",reported,SRC-8FD3C2906C4C,MMS 997008712409505171
IBI-7F7DB35F6EFA,dating,dating,400–899 CE,reported,SRC-8FD3C2906C4C,MMS 997008712409505171
IBI-7F7DB35F6EFA,dimensions,dimensions,Height 69 mm; source field ‘הקף’ 159 mm,reported,SRC-8FD3C2906C4C,MMS 997008712409505171
IBI-7FD16B24CE37,current_location,location,Penn Museum,reported,SRC-40B8EF642ED4,https://collections.penn.museum/collections/object/30401
IBI-7FD16B24CE37,material,material,Ceramic; Ink,reported,SRC-40B8EF642ED4,https://collections.penn.museum/collections/object/30401
IBI-8059813DF1C5,biblical_quotations,biblical_intertexts,"[""Ps. 91.7"", ""Ps. 91.10""]",reported,SRC-73C44B143A9D,"p. 154, distribution table, Isbell 52"
IBI-8059813DF1C5,inscription_language,language,Jewish Babylonian Aramaic,reported,SRC-73C44B143A9D,"p. 154, distribution table, Isbell 52"
IBI-80A2CB091A04,biblical_quotations,biblical_intertexts,"[""Num. 9.23""]",reported,SRC-73C44B143A9D,"p. 157, distribution table, JBA 31"
IBI-80A2CB091A04,current_or_reported_collection,location,The Schøyen Collection,reported,SRC-73C44B143A9D,"p. 157, distribution table, JBA 31"
IBI-80A2CB091A04,inscription_language,language,Jewish Babylonian Aramaic,reported,SRC-73C44B143A9D,"p. 157, distribution table, JBA 31"
IBI-80E139281335,condition,condition,fragmentary,reported,SRC-3A8095B6D794,index entry 1932.619
IBI-812A2B38A50E,current_location,location,Penn Museum,reported,SRC-239F8591C3B5,https://collections.penn.museum/collections/object/300084
IBI-812A2B38A50E,material,material,Ceramic Ink,reported,SRC-239F8591C3B5,https://collections.penn.museum/collections/object/300084
IBI-8176C19CFDAF,catalogue_language_codes,language,heb,reported,SRC-63E581DB2C77,MMS 997008712395705171
IBI-8176C19CFDAF,current_location,location,"National Library of Israel, Jerusalem",reported,SRC-63E581DB2C77,MMS 997008712395705171
IBI-8176C19CFDAF,dating,dating,400–899 CE,reported,SRC-63E581DB2C77,MMS 997008712395705171
IBI-8176C19CFDAF,dimensions,dimensions,Height 81 mm; source field ‘הקף’ 189 mm,reported,SRC-63E581DB2C77,MMS 997008712395705171
IBI-817B3324D21D,current_location,location,"Vorderasiatisches Museum, Staatliche Museen zu Berlin",reported,SRC-7B803E3973EE,ObjID 1743770
IBI-817B3324D21D,dating,dating,First half of the first millennium CE,reported,SRC-7B803E3973EE,ObjID 1743770
IBI-817B3324D21D,dimensions,dimensions,Height 5.8 cm; diameter 16.7 cm; weight 0.29 kg,reported,SRC-7B803E3973EE,ObjID 1743770
IBI-817B3324D21D,geographic_association,provenance,"Babylon, Iraq",reported,SRC-7B803E3973EE,ObjID 1743770
IBI-817B3324D21D,material,material,Ceramic,reported,SRC-7B803E3973EE,ObjID 1743770
IBI-81AE4E796DC4,condition,condition,fragmentary,reported,SRC-3A8095B6D794,index entry MS2053/55
IBI-81D1B97CB192,catalogue_language_codes,language,heb,reported,SRC-AB3EC0D8A6CF,MMS 997008712408505171
IBI-81D1B97CB192,current_location,location,"National Library of Israel, Jerusalem",reported,SRC-AB3EC0D8A6CF,MMS 997008712408505171
IBI-81D1B97CB192,dating,dating,400–899 CE,reported,SRC-AB3EC0D8A6CF,MMS 997008712408505171
IBI-81D1B97CB192,dimensions,dimensions,Height 70 mm; source field ‘הקף’ 150 mm,reported,SRC-AB3EC0D8A6CF,MMS 997008712408505171
IBI-81EDA3CB0E4B,dimensions,dimensions,18 × 18 × 6 cm,reported,SRC-99EFC7EC2D5B,Catawiki lot 68030117
IBI-81EDA3CB0E4B,inscription_language,language,Judeo-Aramaic (auction attribution),reported,SRC-99EFC7EC2D5B,Catawiki lot 68030117
IBI-81EDA3CB0E4B,material,material,Terracotta,reported,SRC-99EFC7EC2D5B,Catawiki lot 68030117
IBI-81FDC4078390,current_location,location,The British Museum,reported,SRC-3D4B57D27A24,Related objects: 1932-1212-23
IBI-81FDC4078390,dating,dating,6thC-8thC,reported,SRC-3D4B57D27A24,Related objects: 1932-1212-23
IBI-81FDC4078390,findspot,provenance,Excavated/Findspot: Kouyunjik,reported,SRC-3D4B57D27A24,Related objects: 1932-1212-23
IBI-81FDC4078390,period,dating,Late-Post Sasanian,reported,SRC-3D4B57D27A24,Related objects: 1932-1212-23
IBI-81FDC4078390,production_place,provenance,Made in: Iraq,reported,SRC-3D4B57D27A24,Related objects: 1932-1212-23
IBI-82E0C40BE6C7,inscription_language,language,Aramaic,reported,SRC-72D809FB4249,text 015A; section pp. 43–102
IBI-831C58240DC0,catalogue_language_codes,language,heb,reported,SRC-1CAFEFE49E1B,MMS 997008712544205171
IBI-831C58240DC0,current_location,location,"National Library of Israel, Jerusalem",reported,SRC-1CAFEFE49E1B,MMS 997008712544205171
IBI-831C58240DC0,dating,dating,400–899 CE,reported,SRC-1CAFEFE49E1B,MMS 997008712544205171
IBI-831C58240DC0,dimensions,dimensions,Height 98 mm; source field ‘הקף’ 243 mm,reported,SRC-1CAFEFE49E1B,MMS 997008712544205171
IBI-83474AFCE4F8,current_or_reported_collection,location,Schøyen Collection,reported,SRC-6D313A7AA389,"p. 2, item 37"
IBI-83474AFCE4F8,inscription_language,language,Syriac,reported,SRC-6D313A7AA389,"p. 2, item 37"
IBI-83474AFCE4F8,script,script,Syriac ‘Manichaean’ script,reported,SRC-6D313A7AA389,"p. 2, item 37"
IBI-834E8999515E,current_location,location,Penn Museum,reported,SRC-8A22FE453E07,https://collections.penn.museum/collections/object/66411
IBI-834E8999515E,material,material,Ceramic; Ink,reported,SRC-8A22FE453E07,https://collections.penn.museum/collections/object/66411
IBI-83915232010B,biblical_quotations,biblical_intertexts,"[""Gen. 49.22"", ""Isa. 40.12""]",reported,SRC-73C44B143A9D,"p. 155, distribution table, CAMIB 73"
IBI-83915232010B,current_or_reported_collection,location,British Museum,reported,SRC-73C44B143A9D,"p. 155, distribution table, CAMIB 73"
IBI-83915232010B,inscription_language,language,Jewish Babylonian Aramaic,reported,SRC-73C44B143A9D,"p. 155, distribution table, CAMIB 73"
IBI-83A0A347B7C4,collection_history,provenance,Shlomo Moussaieff Collection,reported,SRC-A08F75BDD59C,pp. 59–70
IBI-83EFA38D9260,dating,dating,5th–6th century CE,reported,SRC-F20148C5DA92,"lot 270, fragment 1 of 3"
IBI-83EFA38D9260,inscription_language,language,Aramaic or Aramaic-like patterns,reported,SRC-F20148C5DA92,"lot 270, fragment 1 of 3"
IBI-83EFA38D9260,material,material,Pottery,reported,SRC-F20148C5DA92,"lot 270, fragment 1 of 3"
IBI-84068198E4A7,biblical_quotations,biblical_intertexts,"[""Zech. 3.2""]",reported,SRC-73C44B143A9D,"p. 153, distribution table, Isbell 10"
IBI-84068198E4A7,inscription_language,language,Jewish Babylonian Aramaic,reported,SRC-73C44B143A9D,"p. 153, distribution table, Isbell 10"
IBI-843CFCE02D20,current_location,location,"State Hermitage Museum, St. Petersburg",reported,SRC-EB27DA285DC5,"bowl S-447, pp. 283–316"
IBI-844F7374DC37,dating,dating,5th–6th century CE,reported,SRC-F20148C5DA92,"lot 270, fragment 2 of 3"
IBI-844F7374DC37,inscription_language,language,Aramaic or Aramaic-like patterns,reported,SRC-F20148C5DA92,"lot 270, fragment 2 of 3"
IBI-844F7374DC37,material,material,Pottery,reported,SRC-F20148C5DA92,"lot 270, fragment 2 of 3"
IBI-84598A59426E,inscription_language,language,Syriac,reported,SRC-6D313A7AA389,"p. 2, item 39"
IBI-84598A59426E,script,script,Syriac ‘Manichaean’ script,reported,SRC-6D313A7AA389,"p. 2, item 39"
IBI-847BA478D9ED,biblical_quotations,biblical_intertexts,"[""Exod. 15.3"", ""Ps. 24.8"", ""Ps. 104.20"", ""Ps. 10.16"", ""Ps. 93.1"", ""Exod. 15.18""]",reported,SRC-73C44B143A9D,"p. 156, distribution table, JBA 06"
IBI-847BA478D9ED,current_or_reported_collection,location,The Schøyen Collection,reported,SRC-73C44B143A9D,"p. 156, distribution table, JBA 06"
IBI-847BA478D9ED,inscription_language,language,Jewish Babylonian Aramaic,reported,SRC-73C44B143A9D,"p. 156, distribution table, JBA 06"
IBI-84940DBA48F7,biblical_quotations,biblical_intertexts,"[""Dan. 3.6""]",reported,SRC-73C44B143A9D,"p. 160, distribution table, S-447"
IBI-84940DBA48F7,inscription_language,language,Jewish Babylonian Aramaic,reported,SRC-73C44B143A9D,"p. 160, distribution table, S-447"
IBI-84A0257C12CF,condition,condition,fragmentary,reported,SRC-3A8095B6D794,index entry BM049A
IBI-84F3D6311D64,current_location,location,Penn Museum,reported,SRC-D28CDCB2377E,https://collections.penn.museum/collections/object/272782
IBI-84F3D6311D64,material,material,Ceramic; Ink,reported,SRC-D28CDCB2377E,https://collections.penn.museum/collections/object/272782
IBI-84F6B8FD30B3,condition,condition,Broken and mended.,reported,SRC-943673B56FB8,"Catalogue, text 19, printed p. 324; PDF p. 330; description column"
IBI-84F6B8FD30B3,current_or_reported_collection,location,Penn Museum,reported,SRC-943673B56FB8,"p. 324, item 19"
IBI-84F6B8FD30B3,dimensions,dimensions,height 6.6 cm; diameter 17.6 cm,reported,SRC-943673B56FB8,"p. 324, item 19"
IBI-84F6B8FD30B3,dimensions,dimensions,height 6.6 cm; diameter 17.6 cm,reported,SRC-943673B56FB8,"Catalogue, text 19, printed p. 324; PDF p. 330; size column (height by diameter)"
IBI-84F6B8FD30B3,findspot,provenance,Nippur,reported,SRC-943673B56FB8,"p. 324, item 19"
IBI-84F6B8FD30B3,inscription_language,language,Jewish Babylonian Aramaic,reported,SRC-943673B56FB8,"p. 324, item 19"
IBI-84F6B8FD30B3,publication_heading_identifier,publication,CBS 16018,certain,SRC-943673B56FB8,"text 19 heading, printed p. 195; PDF p. 201"
IBI-84F6B8FD30B3,publication_register_identifier,publication,blank,reported,SRC-943673B56FB8,"Catalogue, text 19, printed p. 324; PDF p. 330; catalogue number column"
IBI-84F6B8FD30B3,publication_register_identifier,publication,blank,certain,SRC-943673B56FB8,"closing register, printed p. 324; PDF p. 330"
IBI-8516931DE44E,clients,client,Dadbeh son of Asmanduk; Sharqoi daughter of Dada; their named children and household,reported,SRC-4955445F0A7A,"Isbell bowl 23, pp. 71–72"
IBI-8516931DE44E,inscription_language,language,Jewish Babylonian Aramaic,reported,SRC-4955445F0A7A,"Isbell bowl 23, pp. 71–72"
IBI-8516931DE44E,installation_instruction,ritual,Exterior directs placement ‘for the inner room of the hall’,reported,SRC-4955445F0A7A,"Isbell bowl 23, pp. 71–72"
IBI-8516931DE44E,text_purpose,ritual,"Protection of a family, household, and possessions from demons, curses, liliths, and other harms",reported,SRC-4955445F0A7A,"Isbell bowl 23, pp. 71–72"
IBI-85A9ED12421A,biblical_quotations,biblical_intertexts,"[""Ps. 32.7"", ""Ps. 55.9""]",reported,SRC-73C44B143A9D,"p. 157, distribution table, JBA 55"
IBI-85A9ED12421A,bibliography,publication,"Ford 2014 commentary on Shaked–Ford–Bhayro 2013, JBA 55",reported,SRC-FORD2014-AUOR,"Commentary on JBA 55, Ford 2014 pp. 242–244"
IBI-85A9ED12421A,current_or_reported_collection,location,The Schøyen Collection,reported,SRC-73C44B143A9D,"p. 157, distribution table, JBA 55"
IBI-85A9ED12421A,inscription_language,language,Jewish Babylonian Aramaic,reported,SRC-73C44B143A9D,"p. 157, distribution table, JBA 55"
IBI-85A9ED12421A,text_feature,text_description,Ford reports: Discussion of a spelling variant and parallels.,reported,SRC-FORD2014-AUOR,pp. 242–244; JBA 55:13
IBI-85C8219A7F74,biblical_quotations,biblical_intertexts,"[""Exod. 3.15"", ""Isa. 40.31"", ""Isa. 60.11"", ""Gen. 27.28""]",reported,SRC-73C44B143A9D,"p. 158, distribution table, JBA 95"
IBI-85C8219A7F74,current_or_reported_collection,location,The Schøyen Collection,reported,SRC-73C44B143A9D,"p. 158, distribution table, JBA 95"
IBI-85C8219A7F74,inscription_language,language,Jewish Babylonian Aramaic,reported,SRC-73C44B143A9D,"p. 158, distribution table, JBA 95"
IBI-85CF9D30BA6E,biblical_quotation,biblical_intertexts,Zechariah 3:2,reported,SRC-C54888E36130,MS 2053/196 context: MS 2053/7
IBI-85CF9D30BA6E,current_location,location,The Schøyen Collection,reported,SRC-C54888E36130,MS 2053/196 context: MS 2053/7
IBI-85F852645114,current_location,location,Penn Museum,reported,SRC-8276911E4531,https://collections.penn.museum/collections/object/34145
IBI-85F852645114,material,material,Ceramic,reported,SRC-8276911E4531,https://collections.penn.museum/collections/object/34145
IBI-86CA10424E8F,script,script,Pseudo-script,reported,SRC-72D809FB4249,text 126Ps; section pp. 150–162
IBI-871A5CC64C08,catalogue_language_codes,language,heb,reported,SRC-0A0B34FCB8C4,MMS 997008712547305171
IBI-871A5CC64C08,current_location,location,"National Library of Israel, Jerusalem",reported,SRC-0A0B34FCB8C4,MMS 997008712547305171
IBI-871A5CC64C08,dating,dating,400–899 CE,reported,SRC-0A0B34FCB8C4,MMS 997008712547305171
IBI-871A5CC64C08,dimensions,dimensions,Height 84 mm; source field ‘הקף’ 139 mm,reported,SRC-0A0B34FCB8C4,MMS 997008712547305171
IBI-87227EEFF156,current_location,location,The British Museum,reported,SRC-3D4B57D27A24,Related objects: 1980-0415-31-s
IBI-87227EEFF156,dating,dating,6thC-8thC,reported,SRC-3D4B57D27A24,Related objects: 1980-0415-31-s
IBI-87227EEFF156,findspot,provenance,Found/Acquired: Iraq,reported,SRC-3D4B57D27A24,Related objects: 1980-0415-31-s
IBI-87227EEFF156,period,dating,Late-Post Sasanian,reported,SRC-3D4B57D27A24,Related objects: 1980-0415-31-s
IBI-87227EEFF156,production_place,provenance,Made in: Iraq,reported,SRC-3D4B57D27A24,Related objects: 1980-0415-31-s
IBI-8745953F454E,catalogue_language_codes,language,heb,reported,SRC-5DC5C41E5F44,MMS 997008712402605171
IBI-8745953F454E,current_location,location,"National Library of Israel, Jerusalem",reported,SRC-5DC5C41E5F44,MMS 997008712402605171
IBI-8745953F454E,dating,dating,400–899 CE,reported,SRC-5DC5C41E5F44,MMS 997008712402605171
IBI-8745953F454E,dimensions,dimensions,Height 78 mm; source field ‘הקף’ 165 mm,reported,SRC-5DC5C41E5F44,MMS 997008712402605171
IBI-8746509B00D1,biblical_quotations,biblical_intertexts,"[""Exod. 15.3"", ""Ps. 24.8"", ""Ps. 104.20"", ""Ps. 10.16"", ""Ps. 93.1"", ""Exod. 15.18""]",reported,SRC-73C44B143A9D,"p. 156, distribution table, JBA 04"
IBI-8746509B00D1,current_or_reported_collection,location,The Schøyen Collection,reported,SRC-73C44B143A9D,"p. 156, distribution table, JBA 04"
IBI-8746509B00D1,inscription_language,language,Jewish Babylonian Aramaic,reported,SRC-73C44B143A9D,"p. 156, distribution table, JBA 04"
IBI-874E34F7B3B5,client,client,Chwaraq,reported,SRC-B47F6370B1D0,pp. 56–72
IBI-874E34F7B3B5,current_location,location,"British Museum, London",reported,SRC-B47F6370B1D0,pp. 56–72
IBI-874E34F7B3B5,inscription_language,language,Jewish Babylonian Aramaic,reported,SRC-B47F6370B1D0,pp. 56–72
IBI-8750B6F61AFD,inscription_language,language,Mandaic,reported,SRC-72D809FB4249,text 111M; section pp. 103–146
IBI-87B3F205EF11,current_location,location,The British Museum,reported,SRC-3D4B57D27A24,Related objects: 1980-0415-25
IBI-87B3F205EF11,dating,dating,6thC-8thC,reported,SRC-3D4B57D27A24,Related objects: 1980-0415-25
IBI-87B3F205EF11,findspot,provenance,"Found/Acquired: Iraq, South",reported,SRC-3D4B57D27A24,Related objects: 1980-0415-25
IBI-87B3F205EF11,period,dating,Late-Post Sasanian,reported,SRC-3D4B57D27A24,Related objects: 1980-0415-25
IBI-87B3F205EF11,production_place,provenance,Made in: Iraq,reported,SRC-3D4B57D27A24,Related objects: 1980-0415-25
IBI-88103E2EB680,condition,condition,Broken and mended; small piece missing.,reported,SRC-943673B56FB8,"Catalogue, text 13, printed p. 323; PDF p. 329; description column"
IBI-88103E2EB680,current_or_reported_collection,location,Penn Museum,reported,SRC-943673B56FB8,"p. 323, item 13"
IBI-88103E2EB680,dimensions,dimensions,height 7 cm; diameter 16.2 cm,reported,SRC-943673B56FB8,"p. 323, item 13"
IBI-88103E2EB680,dimensions,dimensions,height 7 cm; diameter 16.2 cm,reported,SRC-943673B56FB8,"Catalogue, text 13, printed p. 323; PDF p. 329; size column (height by diameter)"
IBI-88103E2EB680,findspot,provenance,Nippur,reported,SRC-943673B56FB8,"p. 323, item 13"
IBI-88103E2EB680,inscription_language,language,Jewish Babylonian Aramaic,reported,SRC-943673B56FB8,"p. 323, item 13"
IBI-88103E2EB680,publication_register_identifier,publication,CBS 8694,reported,SRC-943673B56FB8,"Catalogue, text 13, printed p. 323; PDF p. 329; catalogue number column"
IBI-8831874BC0D0,current_location,location,Penn Museum,reported,SRC-C4AD9F24411E,https://collections.penn.museum/collections/object/56707
IBI-8831874BC0D0,material,material,Ceramic; Ink,reported,SRC-C4AD9F24411E,https://collections.penn.museum/collections/object/56707
IBI-884C0EC644E9,inscription_language,language,Mandaic,reported,SRC-72D809FB4249,text 110M; section pp. 103–146
IBI-88505642BE2E,inscription_language,language,Aramaic,reported,SRC-72D809FB4249,text 044A; section pp. 43–102
IBI-88D1937D3ED2,current_location,location,"Frau Professor Hilprecht Collection, Friedrich Schiller University Jena",reported,SRC-4111AE185F98,dc00001084
IBI-88D1937D3ED2,dating,dating,500–700 CE,reported,SRC-4111AE185F98,dc00001084
IBI-88D1937D3ED2,dimensions,dimensions,Height 6 cm; diameter 15.9 cm,reported,SRC-4111AE185F98,dc00001084
IBI-88D1937D3ED2,findspot,provenance,"Nippur, Iraq",reported,SRC-4111AE185F98,dc00001084
IBI-88D53AE086DE,inscription_language,language,Syriac?,uncertain,SRC-72D809FB4249,text 118ES; section pp. 147–149
IBI-890CF7818665,current_or_reported_collection,location,Iraq Museum,reported,SRC-6D313A7AA389,"p. 1, item 10"
IBI-890CF7818665,inscription_language,language,Syriac,reported,SRC-6D313A7AA389,"p. 1, item 10"
IBI-890CF7818665,script,script,Syriac ‘Manichaean’ script,reported,SRC-6D313A7AA389,"p. 1, item 10"
IBI-8919DB3E898E,current_location,location,Penn Museum,reported,SRC-4130DB9BC015,https://collections.penn.museum/collections/object/95655
IBI-8919DB3E898E,material,material,Ceramic Ink,reported,SRC-4130DB9BC015,https://collections.penn.museum/collections/object/95655
IBI-89364EC487FF,current_location,location,"Loyola Marymount University Archaeology Museum, Los Angeles",reported,SRC-16E6FD74D61C,"project page, bowl 1 of 4"
IBI-89364EC487FF,dating,dating,circa 5th–6th centuries CE,reported,SRC-16E6FD74D61C,"project page, bowl 1 of 4"
IBI-89364EC487FF,material,material,Terracotta,reported,SRC-16E6FD74D61C,"project page, bowl 1 of 4"
IBI-898A714F8DDE,current_location,location,Penn Museum,reported,SRC-57D7DC37C6A4,https://collections.penn.museum/collections/object/54420
IBI-898A714F8DDE,material,material,Ceramic; Ink,reported,SRC-57D7DC37C6A4,https://collections.penn.museum/collections/object/54420
IBI-898FA72381ED,current_location,location,Penn Museum,reported,SRC-1CB4C889AD40,https://collections.penn.museum/collections/object/252935
IBI-898FA72381ED,material,material,Ceramic; Ink,reported,SRC-1CB4C889AD40,https://collections.penn.museum/collections/object/252935
IBI-8997E7C02290,current_location,location,The British Museum,reported,SRC-3D4B57D27A24,Related objects: 1980-0415-21
IBI-8997E7C02290,dating,dating,6thC-8thC,reported,SRC-3D4B57D27A24,Related objects: 1980-0415-21
IBI-8997E7C02290,findspot,provenance,Excavated/Findspot: Tell Ibrahim (Kutha),reported,SRC-3D4B57D27A24,Related objects: 1980-0415-21
IBI-8997E7C02290,period,dating,Late-Post Sasanian,reported,SRC-3D4B57D27A24,Related objects: 1980-0415-21
IBI-8997E7C02290,production_place,provenance,Made in: Iraq,reported,SRC-3D4B57D27A24,Related objects: 1980-0415-21
IBI-89D70498E475,clients,client,Bar-Imma son of Sukhtoy; Parkoy daughter of Abanduk,reported,SRC-64C2F01953A2,"Bidsquare product 1500258, lot 113"
IBI-89D70498E475,dating,dating,7th century CE,reported,SRC-64C2F01953A2,"Bidsquare product 1500258, lot 113"
IBI-89D70498E475,dimensions,dimensions,Diameter 28.8 cm; height 14 cm,reported,SRC-64C2F01953A2,"Bidsquare product 1500258, lot 113"
IBI-89D70498E475,iconography,visual,"Central figure, perhaps Lilith, with snakes and a scorpion",reported,SRC-64C2F01953A2,"Bidsquare product 1500258, lot 113"
IBI-89D70498E475,inscription_language,language,Judeo-Aramaic,reported,SRC-64C2F01953A2,"Bidsquare product 1500258, lot 113"
IBI-89D70498E475,material,material,Terracotta,reported,SRC-64C2F01953A2,"Bidsquare product 1500258, lot 113"
IBI-89D70498E475,text_purpose,ritual,Restoration of love and release from demons appearing in dreams,reported,SRC-64C2F01953A2,"Bidsquare product 1500258, lot 113"
IBI-8A079736CDD6,catalogue_language_codes,language,heb,reported,SRC-9D818A9AF9D9,MMS 997008712396005171
IBI-8A079736CDD6,current_location,location,"National Library of Israel, Jerusalem",reported,SRC-9D818A9AF9D9,MMS 997008712396005171
IBI-8A079736CDD6,dating,dating,400–899 CE,reported,SRC-9D818A9AF9D9,MMS 997008712396005171
IBI-8A079736CDD6,dimensions,dimensions,Height 65 mm; source field ‘הקף’ 182 mm,reported,SRC-9D818A9AF9D9,MMS 997008712396005171
IBI-8A3BAEA23243,biblical_quotations,biblical_intertexts,"[""Zech. 3.2"", ""Ps. 72.18-19"", ""Ps. 89.53"", ""Ps. 104.31"", ""Ps. 106.48"", ""Ps. 106.47"", ""1 Chron. 16.35""]",reported,SRC-73C44B143A9D,"p. 155, distribution table, M 108"
IBI-8A3BAEA23243,current_or_reported_collection,location,Moussaieff Collection,reported,SRC-73C44B143A9D,"p. 155, distribution table, M 108"
IBI-8A3BAEA23243,inscription_language,language,Jewish Babylonian Aramaic,reported,SRC-73C44B143A9D,"p. 155, distribution table, M 108"
IBI-8A414E482E1F,catalogue_language_codes,language,heb,reported,SRC-1A4FE805E509,MMS 997008712408905171
IBI-8A414E482E1F,current_location,location,"National Library of Israel, Jerusalem",reported,SRC-1A4FE805E509,MMS 997008712408905171
IBI-8A414E482E1F,dating,dating,400–899 CE,reported,SRC-1A4FE805E509,MMS 997008712408905171
IBI-8A414E482E1F,dimensions,dimensions,Height 72 mm; source field ‘הקף’ 185 mm,reported,SRC-1A4FE805E509,MMS 997008712408905171
IBI-8A9E737C9252,current_location,location,Penn Museum,reported,SRC-B66F63BA033E,https://collections.penn.museum/collections/object/128125
IBI-8A9E737C9252,material,material,Ceramic; Ink,reported,SRC-B66F63BA033E,https://collections.penn.museum/collections/object/128125
IBI-8AB643D0833F,current_location,location,Penn Museum,reported,SRC-D018E60187B4,https://collections.penn.museum/collections/object/191681
IBI-8AB643D0833F,material,material,Ceramic; Ink,reported,SRC-D018E60187B4,https://collections.penn.museum/collections/object/191681
IBI-8ADDEA9CC8CC,inscription_language,language,Aramaic,reported,SRC-72D809FB4249,text 036A; section pp. 43–102
IBI-8B4301E118EE,condition,condition,fragmentary,reported,SRC-3A8095B6D794,index entry 1931.175
IBI-8BD97D622B48,inscription_language,language,Syriac,reported,SRC-6D313A7AA389,"p. 2, item 41"
IBI-8BD97D622B48,script,script,Syriac ‘Manichaean’ script,reported,SRC-6D313A7AA389,"p. 2, item 41"
IBI-8C00422B6E33,script,script,Pseudo-script,reported,SRC-72D809FB4249,text 138Ps; section pp. 150–162
IBI-8C0760129E59,current_location,location,Penn Museum,reported,SRC-BDDF7C1BBEDA,https://collections.penn.museum/collections/object/120271
IBI-8C0760129E59,material,material,Ceramic; Ink,reported,SRC-BDDF7C1BBEDA,https://collections.penn.museum/collections/object/120271
IBI-8C0AC5D39D04,inscription_language,language,Mandaic,reported,SRC-72D809FB4249,text 115M; section pp. 103–146
IBI-8C2D4494C773,current_location,location,The British Museum,reported,SRC-3D4B57D27A24,Related objects: 1980-0415-6
IBI-8C2D4494C773,dating,dating,6thC-8thC,reported,SRC-3D4B57D27A24,Related objects: 1980-0415-6
IBI-8C2D4494C773,findspot,provenance,"Excavated/Findspot: Iraq, South",reported,SRC-3D4B57D27A24,Related objects: 1980-0415-6
IBI-8C2D4494C773,period,dating,Late-Post Sasanian,reported,SRC-3D4B57D27A24,Related objects: 1980-0415-6
IBI-8C2D4494C773,production_place,provenance,"Made in: Iraq, South",reported,SRC-3D4B57D27A24,Related objects: 1980-0415-6
IBI-8C33CF70266B,current_location,location,The Schøyen Collection,reported,SRC-9BE3105F3F31,Schøyen record MS 2053/198
IBI-8C33CF70266B,dating,dating,5c - 7c AD,reported,SRC-9BE3105F3F31,Schøyen record MS 2053/198
IBI-8C33CF70266B,dimensions,dimensions,13.0x26.2 cm,reported,SRC-9BE3105F3F31,Schøyen record MS 2053/198
IBI-8C33CF70266B,inscription_language,language,Jewish Babylonian Aramaic,reported,SRC-9BE3105F3F31,Schøyen record MS 2053/198
IBI-8C33CF70266B,material,material,clay,reported,SRC-9BE3105F3F31,Schøyen record MS 2053/198
IBI-8C33CF70266B,origin,provenance,Near East,reported,SRC-9BE3105F3F31,Schøyen record MS 2053/198
IBI-8C33CF70266B,publication_status,publication,"The partial quote of the text is preliminary and by permission of Prof. Shaul Shaked, who will publish the present incantation bowl in the series Manuscripts in The Schøyen Collection.",reported,SRC-9BE3105F3F31,Schøyen record MS 2053/198
IBI-8C5D24A42E37,current_location,location,Penn Museum,reported,SRC-466B79ABC36C,https://collections.penn.museum/collections/object/98355
IBI-8C5D24A42E37,material,material,Ceramic; Ink,reported,SRC-466B79ABC36C,https://collections.penn.museum/collections/object/98355
IBI-8CB0CA407E6E,client,client,Isoqay; mother's name missing,reported,SRC-53AFEA741E4F,object W_1925-1015-7
IBI-8CB0CA407E6E,condition,condition,Fair; base sherd only,reported,SRC-53AFEA741E4F,object W_1925-1015-7
IBI-8CB0CA407E6E,current_location,location,The British Museum,reported,SRC-53AFEA741E4F,object W_1925-1015-7
IBI-8CB0CA407E6E,current_location,location,The British Museum,reported,SRC-3D4B57D27A24,Related objects: 1925-1015-7
IBI-8CB0CA407E6E,dating,dating,6thC–8thC,reported,SRC-53AFEA741E4F,object W_1925-1015-7
IBI-8CB0CA407E6E,dating,dating,6thC-8thC,reported,SRC-3D4B57D27A24,Related objects: 1925-1015-7
IBI-8CB0CA407E6E,dimensions,dimensions,Diameter 16.30 cm; depth 5.80 cm,reported,SRC-53AFEA741E4F,object W_1925-1015-7
IBI-8CB0CA407E6E,findspot,provenance,"Iraq, South",reported,SRC-53AFEA741E4F,object W_1925-1015-7
IBI-8CB0CA407E6E,findspot,provenance,"Found/Acquired: Iraq, South",reported,SRC-3D4B57D27A24,Related objects: 1925-1015-7
IBI-8CB0CA407E6E,inscription_language,language,Aramaic,reported,SRC-53AFEA741E4F,object W_1925-1015-7
IBI-8CB0CA407E6E,material,material,pottery,reported,SRC-53AFEA741E4F,object W_1925-1015-7
IBI-8CB0CA407E6E,period,dating,Late-Post Sasanian,reported,SRC-3D4B57D27A24,Related objects: 1925-1015-7
IBI-8CB0CA407E6E,production_place,provenance,Made in: Iraq,reported,SRC-3D4B57D27A24,Related objects: 1925-1015-7
IBI-8CE1A46F46E2,bibliography,publication,"Naveh and Shaked 1993, no. 26, pp. 139–142, pl. 31; Moriggi 2014, no. 28, pp. 138–143",reported,SRC-4A1FC349B813,Smithsonian record nmnhanthropology_8046135
IBI-8CE1A46F46E2,clients,client,Khusro son of Qaqay and Shelta daughter of Qayumta,reported,SRC-4A1FC349B813,Smithsonian record nmnhanthropology_8046135
IBI-8CE1A46F46E2,current_location,location,Smithsonian National Museum of Natural History,reported,SRC-4A1FC349B813,Smithsonian record nmnhanthropology_8046135
IBI-8CE1A46F46E2,dimensions,dimensions,Diameter 17.5 cm,reported,SRC-4A1FC349B813,Smithsonian record nmnhanthropology_8046135
IBI-8CE1A46F46E2,findspot,provenance,"Hillah, Babil Governorate, Iraq (South Babylonia)",reported,SRC-4A1FC349B813,Smithsonian record nmnhanthropology_8046135
IBI-8CE1A46F46E2,inscription_language,language,Syriac,reported,SRC-4A1FC349B813,Smithsonian record nmnhanthropology_8046135
IBI-8CE840CF9115,inscription_language,language,Mandaic,reported,SRC-72D809FB4249,text 109M; section pp. 103–146
IBI-8D435836FB42,current_or_reported_collection,location,Shlomo Moussaieff Collection,reported,SRC-83A3DFDE7924,"pp. 164–165, unnumbered bowl B"
IBI-8D435836FB42,inscription_language,language,Mandaic,reported,SRC-83A3DFDE7924,"pp. 164–165, unnumbered bowl B"
IBI-8D435836FB42,script,script,Mandaic,reported,SRC-83A3DFDE7924,"pp. 164–165, unnumbered bowl B"
IBI-8D49D8735E51,catalogue_language_codes,language,heb,reported,SRC-63FE9BA4E75E,MMS 997008712404305171
IBI-8D49D8735E51,current_location,location,"National Library of Israel, Jerusalem",reported,SRC-63FE9BA4E75E,MMS 997008712404305171
IBI-8D49D8735E51,dating,dating,400–899 CE,reported,SRC-63FE9BA4E75E,MMS 997008712404305171
IBI-8D49D8735E51,dimensions,dimensions,Height 80 mm; source field ‘הקף’ 158 mm,reported,SRC-63FE9BA4E75E,MMS 997008712404305171
IBI-8D4A2D8DC7DA,current_location,location,The British Museum,reported,SRC-3D4B57D27A24,Related objects: 1971-0229-1
IBI-8D4A2D8DC7DA,dating,dating,6thC-8thC,reported,SRC-3D4B57D27A24,Related objects: 1971-0229-1
IBI-8D4A2D8DC7DA,findspot,provenance,Found/Acquired: Kermanshah (town),reported,SRC-3D4B57D27A24,Related objects: 1971-0229-1
IBI-8D4A2D8DC7DA,period,dating,Late-Post Sasanian,reported,SRC-3D4B57D27A24,Related objects: 1971-0229-1
IBI-8D4A2D8DC7DA,production_place,provenance,Made in: Iraq,reported,SRC-3D4B57D27A24,Related objects: 1971-0229-1
IBI-8D512FDF86E0,inscription_language,language,Aramaic,reported,SRC-72D809FB4249,text 061A; section pp. 43–102
IBI-8D5D7E958737,current_location,location,The British Museum,reported,SRC-3D4B57D27A24,Related objects: 1980-0415-30
IBI-8D5D7E958737,dating,dating,6thC-8thC,reported,SRC-3D4B57D27A24,Related objects: 1980-0415-30
IBI-8D5D7E958737,period,dating,Late-Post Sasanian,reported,SRC-3D4B57D27A24,Related objects: 1980-0415-30
IBI-8D5D7E958737,production_place,provenance,Made in: Iraq,reported,SRC-3D4B57D27A24,Related objects: 1980-0415-30
IBI-8D8C026752CF,current_location,location,Penn Museum,reported,SRC-B171946A119D,https://collections.penn.museum/collections/object/102142
IBI-8D8C026752CF,dimensions,dimensions,height 7 cm; outside diameter 16.5 cm,reported,SRC-B171946A119D,https://collections.penn.museum/collections/object/102142; Details table; observed 2026-09-05T14:30:47.199Z; Height and Outside Diameter
IBI-8D8C026752CF,material,material,Ceramic Ink,reported,SRC-B171946A119D,https://collections.penn.museum/collections/object/102142
IBI-8D915E3AD761,current_location,location,The British Museum,reported,SRC-3D4B57D27A24,Related objects: 1980-0415-18
IBI-8D915E3AD761,dating,dating,6thC-8thC,reported,SRC-3D4B57D27A24,Related objects: 1980-0415-18
IBI-8D915E3AD761,findspot,provenance,Excavated/Findspot: Tell Ibrahim (Kutha),reported,SRC-3D4B57D27A24,Related objects: 1980-0415-18
IBI-8D915E3AD761,period,dating,Late-Post Sasanian,reported,SRC-3D4B57D27A24,Related objects: 1980-0415-18
IBI-8D915E3AD761,production_place,provenance,"Made in: Iraq, South",reported,SRC-3D4B57D27A24,Related objects: 1980-0415-18
IBI-8D98BEE1638B,current_location,location,The British Museum,reported,SRC-3D4B57D27A24,Related objects: 1886-0109-12
IBI-8D98BEE1638B,dating,dating,6thC-8thC,reported,SRC-3D4B57D27A24,Related objects: 1886-0109-12
IBI-8D98BEE1638B,findspot,provenance,Found/Acquired: Iraq,reported,SRC-3D4B57D27A24,Related objects: 1886-0109-12
IBI-8D98BEE1638B,period,dating,Late-Post Sasanian,reported,SRC-3D4B57D27A24,Related objects: 1886-0109-12
IBI-8D98BEE1638B,production_place,provenance,Made in: Iraq,reported,SRC-3D4B57D27A24,Related objects: 1886-0109-12
IBI-8DA204C6914A,condition,condition,Some areas faded; fair condition,reported,SRC-FC77989995C8,"catalogue p. 92, lot 440; image p. 93"
IBI-8DA204C6914A,dating,dating,6th–7th century CE,reported,SRC-FC77989995C8,"catalogue p. 92, lot 440; image p. 93"
IBI-8DA204C6914A,dimensions,dimensions,Diameter 18.5 cm,reported,SRC-FC77989995C8,"catalogue p. 92, lot 440; image p. 93"
IBI-8DA204C6914A,material,material,Terracotta,reported,SRC-FC77989995C8,"catalogue p. 92, lot 440; image p. 93"
IBI-8DA204C6914A,script_or_language,language,Aramaic text,reported,SRC-FC77989995C8,"catalogue p. 92, lot 440; image p. 93"
IBI-8DBB2FDDBA64,client,client,"Baboy son of Immi; Abda, Zebina, and Hormiz sons of Gušhnazduk",reported,SRC-C790CF0327BB,object W_1983-1002-2
IBI-8DBB2FDDBA64,condition,condition,Fair,reported,SRC-C790CF0327BB,object W_1983-1002-2
IBI-8DBB2FDDBA64,current_location,location,The British Museum,reported,SRC-3D4B57D27A24,Related objects: 1983-1002-2
IBI-8DBB2FDDBA64,current_location,location,The British Museum,reported,SRC-C790CF0327BB,object W_1983-1002-2
IBI-8DBB2FDDBA64,dating,dating,6thC-8thC,reported,SRC-3D4B57D27A24,Related objects: 1983-1002-2
IBI-8DBB2FDDBA64,dating,dating,6thC–8thC,reported,SRC-C790CF0327BB,object W_1983-1002-2
IBI-8DBB2FDDBA64,dimensions,dimensions,Diameter 16.30 cm; height 7.10 cm; depth 6.80 cm,reported,SRC-C790CF0327BB,object W_1983-1002-2
IBI-8DBB2FDDBA64,inscription_language,language,Aramaic,reported,SRC-C790CF0327BB,object W_1983-1002-2
IBI-8DBB2FDDBA64,material,material,pottery,reported,SRC-C790CF0327BB,object W_1983-1002-2
IBI-8DBB2FDDBA64,period,dating,Late-Post Sasanian,reported,SRC-3D4B57D27A24,Related objects: 1983-1002-2
IBI-8DBB2FDDBA64,production_place,provenance,Made in: Iraq,reported,SRC-3D4B57D27A24,Related objects: 1983-1002-2
IBI-8DF5C0C9CF56,biblical_quotation,biblical_intertexts,Zechariah 3:2,reported,SRC-C54888E36130,MS 2053/196 context: MS 2053/158
IBI-8DF5C0C9CF56,current_location,location,The Schøyen Collection,reported,SRC-C54888E36130,MS 2053/196 context: MS 2053/158
IBI-8E0BB84CFA0F,current_location,location,Penn Museum,reported,SRC-E36A3DBC391F,https://collections.penn.museum/collections/object/287815
IBI-8E5308A4A137,current_location,location,Penn Museum,reported,SRC-FFE3830F7B87,https://collections.penn.museum/collections/object/97118
IBI-8E5308A4A137,material,material,Ceramic; Ink,reported,SRC-FFE3830F7B87,https://collections.penn.museum/collections/object/97118
IBI-8EDCA2132C79,current_location,location,The British Museum,reported,SRC-3D4B57D27A24,Related objects: 1914-0404-3254
IBI-8EDCA2132C79,dating,dating,6thC-8thC,reported,SRC-3D4B57D27A24,Related objects: 1914-0404-3254
IBI-8EDCA2132C79,period,dating,Late-Post Sasanian,reported,SRC-3D4B57D27A24,Related objects: 1914-0404-3254
IBI-8EDCA2132C79,production_place,provenance,Made in: Iraq,reported,SRC-3D4B57D27A24,Related objects: 1914-0404-3254
IBI-8FDA7C4C0FF6,bibliography,publication,"Christa Müller-Kessler, Die Zauberschalentexte in der Hilprecht-Sammlung, Jena, und weitere Nippur-Texte anderer Sammlungen (2005), 121–122, 236, plate 30.",reported,SRC-D2482299BAC7,paragraph 3: YBC 15334
IBI-8FDA7C4C0FF6,current_location,location,Yale Babylonian Collection,reported,SRC-D2482299BAC7,paragraph 3: YBC 15334
IBI-8FDA7C4C0FF6,dating,dating,"Late Sasanian period, probably 6th–7th centuries; broader suggested range mid-4th–8th century",reported,SRC-D2482299BAC7,paragraph 3: YBC 15334
IBI-8FDA7C4C0FF6,inscription_language,language,Mandaic,reported,SRC-D2482299BAC7,paragraph 3: YBC 15334
IBI-9025903BB357,clients,client,Rav Mešaršia son of Qaqay; probably Dudi daughter of Aḥata,reported,SRC-8F8BA58FAE9F,pp. 219–230 / JSTOR 23607828
IBI-9025903BB357,current_location,location,Unknown / not exposed in accessible bibliographic metadata,uncertain,SRC-8F8BA58FAE9F,pp. 219–230 / JSTOR 23607828
IBI-9025903BB357,inscription_language,language,Jewish Babylonian Aramaic,probable,SRC-8F8BA58FAE9F,pp. 219–230 / JSTOR 23607828
IBI-9078953DB2E7,biblical_citations,biblical_intertexts,Zechariah 3:2 and Deuteronomy 6:4,reported,SRC-B1A37FD6D79D,stock X.0552 / record 54886
IBI-9078953DB2E7,clients,client,"Hurmizdad son of Mamy, his wife, sons, and daughters",reported,SRC-B1A37FD6D79D,stock X.0552 / record 54886
IBI-9078953DB2E7,current_location,location,Barakat Gallery or subsequent buyer,uncertain,SRC-B1A37FD6D79D,stock X.0552 / record 54886
IBI-9078953DB2E7,dating,dating,500–800 CE,reported,SRC-B1A37FD6D79D,stock X.0552 / record 54886
IBI-9078953DB2E7,dimensions,dimensions,15.9 × 6.4 cm,reported,SRC-B1A37FD6D79D,stock X.0552 / record 54886
IBI-9078953DB2E7,inscription_language,language,Jewish Babylonian Aramaic,reported,SRC-B1A37FD6D79D,stock X.0552 / record 54886
IBI-9078953DB2E7,material,material,Terracotta,reported,SRC-B1A37FD6D79D,stock X.0552 / record 54886
IBI-9078953DB2E7,origin,provenance,Mesopotamia,reported,SRC-B1A37FD6D79D,stock X.0552 / record 54886
IBI-9078953DB2E7,text_purpose,ritual,Protection from dreams of the night and day,reported,SRC-B1A37FD6D79D,stock X.0552 / record 54886
IBI-907E7D4A3B11,current_location,location,Penn Museum,reported,SRC-E62506EF1954,https://collections.penn.museum/collections/object/271620
IBI-907E7D4A3B11,dimensions,dimensions,height 8 cm; outside diameter 18 cm,reported,SRC-E62506EF1954,https://collections.penn.museum/collections/object/271620; Details table; observed 2026-09-05T14:30:19.136Z; Height and Outside Diameter
IBI-90833A9B7D36,condition,condition,fragmentary,reported,SRC-3A8095B6D794,index entry BM062A
IBI-9092CCC4D2C5,catalogue_language_codes,language,heb,reported,SRC-AF90A597E493,MMS 997008712410305171
IBI-9092CCC4D2C5,current_location,location,"National Library of Israel, Jerusalem",reported,SRC-AF90A597E493,MMS 997008712410305171
IBI-9092CCC4D2C5,dating,dating,400–899 CE,reported,SRC-AF90A597E493,MMS 997008712410305171
IBI-9092CCC4D2C5,dimensions,dimensions,Height 75 mm; source field ‘הקף’ 165 mm,reported,SRC-AF90A597E493,MMS 997008712410305171
IBI-90A3DFF32458,current_or_reported_collection,location,Schøyen Collection,reported,SRC-A90AB34CA3FE,"p. 105, note 434"
IBI-90A3DFF32458,handwriting_attribution,practitioner,Giyonay daughter of Lalay,reported,SRC-A90AB34CA3FE,"p. 105, note 434"
IBI-90A3DFF32458,inscription_language,language,Jewish Babylonian Aramaic,reported,SRC-A90AB34CA3FE,"p. 105, note 434"
IBI-90B88EACB9FB,inscription_language,language,Aramaic,reported,SRC-72D809FB4249,text 018A; section pp. 43–102
IBI-90C14612734A,biblical_quotations,biblical_intertexts,"[""Isa. 40.12""]",reported,SRC-73C44B143A9D,"p. 161, distribution table, Müller-Kessler 1994: B2"
IBI-90C14612734A,inscription_language,language,Jewish Babylonian Aramaic,reported,SRC-73C44B143A9D,"p. 161, distribution table, Müller-Kessler 1994: B2"
IBI-90E31133B7AB,biblical_quotation,biblical_intertexts,Zechariah 3:2,reported,SRC-C54888E36130,MS 2053/196 context: MS 2053/223
IBI-90E31133B7AB,current_location,location,The Schøyen Collection,reported,SRC-C54888E36130,MS 2053/196 context: MS 2053/223
IBI-90E3D2265AC0,current_location,location,The Schøyen Collection,reported,SRC-CCB4BB4FAD99,Schøyen record MS 2056/12
IBI-90E3D2265AC0,dating,dating,5th-7th Century,reported,SRC-CCB4BB4FAD99,Schøyen record MS 2056/12
IBI-90E3D2265AC0,dimensions,dimensions,28.4x14.5 cm,reported,SRC-CCB4BB4FAD99,Schøyen record MS 2056/12
IBI-90E3D2265AC0,inscription_language,language,Middle Persian,reported,SRC-CCB4BB4FAD99,Schøyen record MS 2056/12
IBI-90E3D2265AC0,material,material,clay,reported,SRC-CCB4BB4FAD99,Schøyen record MS 2056/12
IBI-90E3D2265AC0,origin,provenance,Persia,reported,SRC-CCB4BB4FAD99,Schøyen record MS 2056/12
IBI-90E3D2265AC0,publication_status,publication,To be published by Prof. Shaul Shaked.,reported,SRC-CCB4BB4FAD99,Schøyen record MS 2056/12
IBI-90E4425BBD7D,biblical_quotations,biblical_intertexts,"[""Isa. 37.16""]",reported,SRC-73C44B143A9D,"p. 159, distribution table, IM 212093"
IBI-90E4425BBD7D,current_or_reported_collection,location,Iraq Museum,reported,SRC-73C44B143A9D,"p. 159, distribution table, IM 212093"
IBI-90E4425BBD7D,inscription_language,language,Jewish Babylonian Aramaic,reported,SRC-73C44B143A9D,"p. 159, distribution table, IM 212093"
IBI-90EB147AD3EE,current_location,location,The British Museum,reported,SRC-3D4B57D27A24,Related objects: 1980-0415-31-J
IBI-90EB147AD3EE,dating,dating,6thC-8thC,reported,SRC-3D4B57D27A24,Related objects: 1980-0415-31-J
IBI-90EB147AD3EE,findspot,provenance,Found/Acquired: Iraq,reported,SRC-3D4B57D27A24,Related objects: 1980-0415-31-J
IBI-90EB147AD3EE,period,dating,Late-Post Sasanian,reported,SRC-3D4B57D27A24,Related objects: 1980-0415-31-J
IBI-90EB147AD3EE,production_place,provenance,Made in: Iraq,reported,SRC-3D4B57D27A24,Related objects: 1980-0415-31-J
IBI-915C0B323E6F,catalogue_language_codes,language,heb,reported,SRC-F5FF2B133C4D,MMS 997008712401105171
IBI-915C0B323E6F,current_location,location,"National Library of Israel, Jerusalem",reported,SRC-F5FF2B133C4D,MMS 997008712401105171
IBI-915C0B323E6F,dating,dating,400–899 CE,reported,SRC-F5FF2B133C4D,MMS 997008712401105171
IBI-915C0B323E6F,dimensions,dimensions,Height 85 mm; source field ‘הקף’ 185 mm,reported,SRC-F5FF2B133C4D,MMS 997008712401105171
IBI-917276249B87,condition,condition,Broken and mended; small segment missing.,reported,SRC-943673B56FB8,"Catalogue, text 4, printed p. 321; PDF p. 327; description column"
IBI-917276249B87,current_or_reported_collection,location,Penn Museum,reported,SRC-943673B56FB8,"p. 321, item 4"
IBI-917276249B87,dimensions,dimensions,height 7.5 cm; diameter 17.3 cm,reported,SRC-943673B56FB8,"p. 321, item 4"
IBI-917276249B87,dimensions,dimensions,height 7.5 cm; diameter 17.3 cm,reported,SRC-943673B56FB8,"Catalogue, text 4, printed p. 321; PDF p. 327; size column (height by diameter)"
IBI-917276249B87,findspot,provenance,Nippur,reported,SRC-943673B56FB8,"p. 321, item 4"
IBI-917276249B87,inscription_language,language,Jewish Babylonian Aramaic,reported,SRC-943673B56FB8,"p. 321, item 4"
IBI-917276249B87,publication_register_identifier,publication,CBS 2923,reported,SRC-943673B56FB8,"Catalogue, text 4, printed p. 321; PDF p. 327; catalogue number column"
IBI-917397575566,attributed_author,practitioner,Yezidad son of Izdanduch and Mirdukh daughter of Banai,reported,SRC-A90AB34CA3FE,"p. 102, table 6, NFP 6 and note 413"
IBI-917397575566,current_or_reported_collection,location,Penn Museum,reported,SRC-A90AB34CA3FE,"p. 102, table 6, NFP 6 and note 413"
IBI-917397575566,formula_genre,ritual,General charm,reported,SRC-A90AB34CA3FE,"p. 102, table 6, NFP 6 and note 413"
IBI-917397575566,inscription_language,language,Jewish Babylonian Aramaic,reported,SRC-A90AB34CA3FE,"p. 102, table 6, NFP 6 and note 413"
IBI-917B397C66C2,catalogue_language_codes,language,heb,reported,SRC-1BB50C76BF2C,MMS 997008712396605171
IBI-917B397C66C2,current_location,location,"National Library of Israel, Jerusalem",reported,SRC-1BB50C76BF2C,MMS 997008712396605171
IBI-917B397C66C2,dating,dating,400–899 CE,reported,SRC-1BB50C76BF2C,MMS 997008712396605171
IBI-917B397C66C2,dimensions,dimensions,Height 65 mm; source field ‘הקף’ 160 mm,reported,SRC-1BB50C76BF2C,MMS 997008712396605171
IBI-924B5252E5D5,inscription_language,language,Syriac,reported,SRC-6D313A7AA389,"p. 1, item 15"
IBI-924B5252E5D5,script,script,Syriac ‘Manichaean’ script,reported,SRC-6D313A7AA389,"p. 1, item 15"
IBI-92F5B3CC2C41,current_location,location,The British Museum,reported,SRC-3D4B57D27A24,Related objects: 1974-1209-1
IBI-92F5B3CC2C41,dating,dating,6thC-8thC,reported,SRC-3D4B57D27A24,Related objects: 1974-1209-1
IBI-92F5B3CC2C41,findspot,provenance,Found/Acquired: Iran,reported,SRC-3D4B57D27A24,Related objects: 1974-1209-1
IBI-92F5B3CC2C41,period,dating,Late-Post Sasanian,reported,SRC-3D4B57D27A24,Related objects: 1974-1209-1
IBI-92F5B3CC2C41,production_place,provenance,"Made in: Iraq, South",reported,SRC-3D4B57D27A24,Related objects: 1974-1209-1
IBI-93050DC592D4,catalogue_language_codes,language,heb,reported,SRC-C402D951B97E,MMS 997008712395505171
IBI-93050DC592D4,current_location,location,"National Library of Israel, Jerusalem",reported,SRC-C402D951B97E,MMS 997008712395505171
IBI-93050DC592D4,dating,dating,400–899 CE,reported,SRC-C402D951B97E,MMS 997008712395505171
IBI-93050DC592D4,dimensions,dimensions,Height 55 mm; source field ‘הקף’ 163 mm,reported,SRC-C402D951B97E,MMS 997008712395505171
IBI-935680A3E627,current_location,location,Penn Museum,reported,SRC-6E01F490BAF0,https://collections.penn.museum/collections/object/97758
IBI-935680A3E627,material,material,Ceramic; Ink,reported,SRC-6E01F490BAF0,https://collections.penn.museum/collections/object/97758
IBI-935792C842AB,bibliography,publication,"Ford 2014 commentary on Shaked–Ford–Bhayro 2013, JBA 18",reported,SRC-FORD2014-AUOR,"Commentary on JBA 18, Ford 2014 pp. 236"
IBI-935792C842AB,text_feature,text_description,Ford reports: Alternative interpretation of an expression for thieves.,reported,SRC-FORD2014-AUOR,pp. 236; JBA 18:10
IBI-93762BB9D0E1,dating,dating,4th–8th century CE,reported,SRC-06ED81256DF5,"lot 1077, component 1 of 2; record 224609"
IBI-93762BB9D0E1,dimensions,dimensions,Within lot range 9.5–12.4 cm,reported,SRC-06ED81256DF5,"lot 1077, component 1 of 2; record 224609"
IBI-93762BB9D0E1,material,material,Terracotta,reported,SRC-06ED81256DF5,"lot 1077, component 1 of 2; record 224609"
IBI-93762BB9D0E1,provenance,provenance,"German art market 1989–1995; Museum Gallery, London, 1998–2003; London academic collection from 2003",reported,SRC-06ED81256DF5,"lot 1077, component 1 of 2; record 224609"
IBI-93762BB9D0E1,script,script,Faint Aramaic script,reported,SRC-06ED81256DF5,"lot 1077, component 1 of 2; record 224609"
IBI-93D8D01109BC,current_or_reported_collection,location,"Frau Professor Hilprecht Collection, Jena",reported,SRC-6D313A7AA389,"p. 2, item 27"
IBI-93D8D01109BC,inscription_language,language,Syriac,reported,SRC-6D313A7AA389,"p. 2, item 27"
IBI-93D8D01109BC,script,script,Syriac ‘Manichaean’ script,reported,SRC-6D313A7AA389,"p. 2, item 27"
IBI-93D8EFA6B3C3,current_location,location,The British Museum,reported,SRC-3D4B57D27A24,Related objects: 1886-0109-8
IBI-93D8EFA6B3C3,dating,dating,6thC-8thC,reported,SRC-3D4B57D27A24,Related objects: 1886-0109-8
IBI-93D8EFA6B3C3,findspot,provenance,"Found/Acquired: Iraq, South",reported,SRC-3D4B57D27A24,Related objects: 1886-0109-8
IBI-93D8EFA6B3C3,period,dating,Late-Post Sasanian,reported,SRC-3D4B57D27A24,Related objects: 1886-0109-8
IBI-93D8EFA6B3C3,production_place,provenance,"Made in: Iraq, South",reported,SRC-3D4B57D27A24,Related objects: 1886-0109-8
IBI-948D89090FA8,current_location,location,Penn Museum,reported,SRC-FA0E7F8FF22E,https://collections.penn.museum/collections/object/281212
IBI-948D89090FA8,material,material,Ceramic; Ink,reported,SRC-FA0E7F8FF22E,https://collections.penn.museum/collections/object/281212
IBI-950537E68315,catalogue_concordance,publication,"Segal 2000, text 021A",reported,SRC-3848F0A07B43,object W_1880-1112-1964
IBI-950537E68315,client,client,Aban son of Daday,reported,SRC-3848F0A07B43,object W_1880-1112-1964
IBI-950537E68315,condition,condition,Fair; repaired and incomplete,reported,SRC-3848F0A07B43,object W_1880-1112-1964
IBI-950537E68315,current_location,location,The British Museum,reported,SRC-3848F0A07B43,object W_1880-1112-1964
IBI-950537E68315,dating,dating,6th–8th century CE,reported,SRC-3848F0A07B43,object W_1880-1112-1964
IBI-950537E68315,dating,dating,6thC–8thC,reported,SRC-3848F0A07B43,object W_1880-1112-1964
IBI-950537E68315,dimensions,dimensions,Diameter 16.20 cm; depth 5.80 cm,reported,SRC-3848F0A07B43,object W_1880-1112-1964
IBI-950537E68315,findspot,provenance,Birs-Nimrud (Borsippa),reported,SRC-3848F0A07B43,object W_1880-1112-1964
IBI-950537E68315,inscription_language,language,Aramaic,reported,SRC-3848F0A07B43,object W_1880-1112-1964
IBI-950537E68315,material,material,Pottery,reported,SRC-3848F0A07B43,object W_1880-1112-1964
IBI-950537E68315,material,material,pottery,reported,SRC-3848F0A07B43,object W_1880-1112-1964
IBI-950537E68315,period,dating,Late–Post Sasanian,reported,SRC-3848F0A07B43,object W_1880-1112-1964
IBI-950537E68315,production_place,provenance,Iraq,reported,SRC-3848F0A07B43,object W_1880-1112-1964
IBI-950537E68315,text_purpose,ritual,"Prosperity and safety of house, shop, and family",reported,SRC-3848F0A07B43,object W_1880-1112-1964
IBI-9522B8791237,current_location,location,"Loyola Marymount University Archaeology Museum, Los Angeles",reported,SRC-16E6FD74D61C,"project page, bowl 3 of 4"
IBI-9522B8791237,dating,dating,circa 5th–6th centuries CE,reported,SRC-16E6FD74D61C,"project page, bowl 3 of 4"
IBI-9522B8791237,material,material,Terracotta,reported,SRC-16E6FD74D61C,"project page, bowl 3 of 4"
IBI-95409522D6EC,dating,dating,5th–6th century CE,reported,SRC-4B0CEB2BE96C,"lot 58, larger fragment"
IBI-95409522D6EC,dimensions,dimensions,14 × 13 cm,reported,SRC-4B0CEB2BE96C,"lot 58, larger fragment"
IBI-95409522D6EC,inscription_language,language,Aramaic,reported,SRC-4B0CEB2BE96C,"lot 58, larger fragment"
IBI-95409522D6EC,material,material,Pottery,reported,SRC-4B0CEB2BE96C,"lot 58, larger fragment"
IBI-95409522D6EC,provenance,provenance,Said Ali Madhloom collection; brought to the UK in 1981; thence by descent,reported,SRC-4B0CEB2BE96C,"lot 58, larger fragment"
IBI-95B32DB89DA3,catalogue_language_codes,language,heb,reported,SRC-FA6415CB9660,MMS 997008712547705171
IBI-95B32DB89DA3,current_location,location,"National Library of Israel, Jerusalem",reported,SRC-FA6415CB9660,MMS 997008712547705171
IBI-95B32DB89DA3,dating,dating,400–899 CE,reported,SRC-FA6415CB9660,MMS 997008712547705171
IBI-95B32DB89DA3,dimensions,dimensions,Height 53 mm; source field ‘הקף’ 128 mm,reported,SRC-FA6415CB9660,MMS 997008712547705171
IBI-95E9F42816BF,biblical_quotation,biblical_intertexts,Zechariah 3:2,reported,SRC-C54888E36130,MS 2053/196 context: MS 2053/70
IBI-95E9F42816BF,current_location,location,The Schøyen Collection,reported,SRC-C54888E36130,MS 2053/196 context: MS 2053/70
IBI-9625CFD9198C,current_location,location,The British Museum,reported,SRC-3D4B57D27A24,Related objects: 1980-0415-2
IBI-9625CFD9198C,dating,dating,6thC-8thC,reported,SRC-3D4B57D27A24,Related objects: 1980-0415-2
IBI-9625CFD9198C,period,dating,Late-Post Sasanian,reported,SRC-3D4B57D27A24,Related objects: 1980-0415-2
IBI-9625CFD9198C,production_place,provenance,Made in: Iraq,reported,SRC-3D4B57D27A24,Related objects: 1980-0415-2
IBI-963564D9179D,catalogue_language_codes,language,heb,reported,SRC-F5FD4D31B37A,MMS 997008712395905171
IBI-963564D9179D,current_location,location,"National Library of Israel, Jerusalem",reported,SRC-F5FD4D31B37A,MMS 997008712395905171
IBI-963564D9179D,dating,dating,400–899 CE,reported,SRC-F5FD4D31B37A,MMS 997008712395905171
IBI-963564D9179D,dimensions,dimensions,Height 58 mm; source field ‘הקף’ 163 mm,reported,SRC-F5FD4D31B37A,MMS 997008712395905171
IBI-96661F866A76,current_location,location,"Erbil Civilization Museum, Erbil, Iraqi Kurdistan",reported,SRC-D9FE0348C1C5,"object photograph and caption, lines 267–268"
IBI-96661F866A76,dating,dating,"Seleucid period, 312–139 BCE",disputed,SRC-D9FE0348C1C5,"object photograph and caption, lines 267–268"
IBI-96661F866A76,inscription_language,language,Aramaic,reported,SRC-D9FE0348C1C5,"object photograph and caption, lines 267–268"
IBI-96661F866A76,material,material,Pottery,reported,SRC-D9FE0348C1C5,"object photograph and caption, lines 267–268"
IBI-96661F866A76,origin,provenance,Modern-day Iraq; precise excavation provenance unknown,reported,SRC-D9FE0348C1C5,"object photograph and caption, lines 267–268"
IBI-967FFF92E37F,biblical_quotations,biblical_intertexts,"[""Exod. 14.31"", ""Ps. 114.3"", ""Isa. 6.3""]",reported,SRC-73C44B143A9D,"p. 158, distribution table, JBA 116"
IBI-967FFF92E37F,current_or_reported_collection,location,The Schøyen Collection,reported,SRC-73C44B143A9D,"p. 158, distribution table, JBA 116"
IBI-967FFF92E37F,inscription_language,language,Jewish Babylonian Aramaic,reported,SRC-73C44B143A9D,"p. 158, distribution table, JBA 116"
IBI-96BF25574EC7,script,script,Pseudo-script,reported,SRC-72D809FB4249,text 133Ps; section pp. 150–162
IBI-96C65489B296,current_location,location,Penn Museum,reported,SRC-36AF248B137B,https://collections.penn.museum/collections/object/73758
IBI-96C65489B296,material,material,Ceramic; Ink,reported,SRC-36AF248B137B,https://collections.penn.museum/collections/object/73758
IBI-96E0594FD57F,current_location,location,Penn Museum,reported,SRC-AEF474F46045,https://collections.penn.museum/collections/object/255211
IBI-96E0594FD57F,material,material,Ceramic Ink,reported,SRC-AEF474F46045,https://collections.penn.museum/collections/object/255211
IBI-9746820141A2,current_location,location,"Jewish Museum of Switzerland, Basel",reported,SRC-1375F4DCFE63,object JMS 1973-2
IBI-9746820141A2,dating,dating,"5th–6th century, no later than 8th century CE",reported,SRC-1375F4DCFE63,object JMS 1973-2
IBI-9746820141A2,inscription_language,language,Mandaic,reported,SRC-1375F4DCFE63,object JMS 1973-2
IBI-9746820141A2,material,material,Clay,reported,SRC-1375F4DCFE63,object JMS 1973-2
IBI-9746820141A2,origin,provenance,Mesopotamia,reported,SRC-1375F4DCFE63,object JMS 1973-2
IBI-9746820141A2,period,dating,Sasanian,reported,SRC-1375F4DCFE63,object JMS 1973-2
IBI-974F2B5B0B55,current_or_reported_collection,location,Penn Museum,reported,SRC-6D313A7AA389,"p. 1, item 4"
IBI-974F2B5B0B55,inscription_language,language,Syriac,reported,SRC-6D313A7AA389,"p. 1, item 4"
IBI-974F2B5B0B55,script,script,Syriac ‘Manichaean’ script,reported,SRC-6D313A7AA389,"p. 1, item 4"
IBI-9758D297FB44,current_location,location,The British Museum,reported,SRC-3D4B57D27A24,Related objects: 1925-1015-6
IBI-9758D297FB44,dating,dating,6thC-8thC,reported,SRC-3D4B57D27A24,Related objects: 1925-1015-6
IBI-9758D297FB44,period,dating,Late-Post Sasanian,reported,SRC-3D4B57D27A24,Related objects: 1925-1015-6
IBI-9758D297FB44,production_place,provenance,Made in: Iraq,reported,SRC-3D4B57D27A24,Related objects: 1925-1015-6
IBI-97ED0532D516,current_location,location,"Frau Professor Hilprecht Collection, Friedrich Schiller University Jena",reported,SRC-1B2EA0C25D31,dc00001087
IBI-97ED0532D516,dating,dating,500–700 CE,reported,SRC-1B2EA0C25D31,dc00001087
IBI-97ED0532D516,dimensions,dimensions,Height 6.8 cm; diameter not reported,reported,SRC-1B2EA0C25D31,dc00001087
IBI-97ED0532D516,findspot,provenance,"Nippur, Iraq",reported,SRC-1B2EA0C25D31,dc00001087
IBI-986201E25DF1,catalogue_language_codes,language,heb,reported,SRC-B418B68EA454,MMS 997008712548505171
IBI-986201E25DF1,current_location,location,"National Library of Israel, Jerusalem",reported,SRC-B418B68EA454,MMS 997008712548505171
IBI-986201E25DF1,dating,dating,400–899 CE,reported,SRC-B418B68EA454,MMS 997008712548505171
IBI-986201E25DF1,dimensions,dimensions,Height 62 mm; source field ‘הקף’ 162 mm,reported,SRC-B418B68EA454,MMS 997008712548505171
IBI-9864B55DD2CF,biblical_quotations,biblical_intertexts,"[""Num. 9.23""]",reported,SRC-73C44B143A9D,"p. 154, distribution table, Isbell 55"
IBI-9864B55DD2CF,inscription_language,language,Jewish Babylonian Aramaic,reported,SRC-73C44B143A9D,"p. 154, distribution table, Isbell 55"
IBI-98E2E65877A9,current_location,location,Penn Museum,reported,SRC-D6DF11669149,https://collections.penn.museum/collections/object/75888
IBI-98E2E65877A9,material,material,Ceramic; Ink,reported,SRC-D6DF11669149,https://collections.penn.museum/collections/object/75888
IBI-996580409AEC,condition,condition,Thick dark crust obscured much of interior and exterior before conservation,reported,SRC-29E8BB7237EE,TMA 1931.455 / KM 31455
IBI-996580409AEC,current_location,location,"Kelsey Museum of Archaeology, University of Michigan",reported,SRC-29E8BB7237EE,TMA 1931.455 / KM 31455
IBI-996580409AEC,findspot,provenance,"Seleucia on the Tigris, Iraq",reported,SRC-29E8BB7237EE,TMA 1931.455 / KM 31455
IBI-996580409AEC,iconography,visual,Anthropomorphic figures,reported,SRC-29E8BB7237EE,TMA 1931.455 / KM 31455
IBI-996580409AEC,material,material,Buff earthenware with black pigment,reported,SRC-29E8BB7237EE,TMA 1931.455 / KM 31455
IBI-996580409AEC,script,script,Pseudo-script mimicking Aramaic,reported,SRC-29E8BB7237EE,TMA 1931.455 / KM 31455
IBI-99A827DC94C1,current_location,location,The British Museum,reported,SRC-3D4B57D27A24,Related objects: 1889-0112-5
IBI-99A827DC94C1,dating,dating,6thC-8thC,reported,SRC-3D4B57D27A24,Related objects: 1889-0112-5
IBI-99A827DC94C1,findspot,provenance,Found/Acquired: Mesopotamia (historic),reported,SRC-3D4B57D27A24,Related objects: 1889-0112-5
IBI-99A827DC94C1,period,dating,Late-Post Sasanian,reported,SRC-3D4B57D27A24,Related objects: 1889-0112-5
IBI-99A827DC94C1,production_place,provenance,Made in: Iraq,reported,SRC-3D4B57D27A24,Related objects: 1889-0112-5
IBI-99CA1DB9C484,current_or_reported_collection,location,Shlomo Moussaieff Collection,reported,SRC-83A3DFDE7924,"pp. 161–162, M139"
IBI-99CA1DB9C484,dimensions,dimensions,355 × 175 mm,reported,SRC-83A3DFDE7924,"pp. 161–162, M139"
IBI-99CA1DB9C484,iconography,visual,Large long-haired demon bound at arms and legs,reported,SRC-83A3DFDE7924,"pp. 161–162, M139"
IBI-99CA1DB9C484,inscription_language,language,Mandaic,reported,SRC-83A3DFDE7924,"pp. 161–162, M139"
IBI-99CA1DB9C484,script,script,Mandaic,reported,SRC-83A3DFDE7924,"pp. 161–162, M139"
IBI-9A362DCF2CFA,biblical_citation,biblical_intertexts,"Isaiah 51:14, followed by a coda restating the clients and purpose",reported,SRC-0B9E40B67D88,Matenadaran MS 132; pp. 139–146
IBI-9A362DCF2CFA,clients,client,"Adib and Sanah, sons of Immay",reported,SRC-0B9E40B67D88,Matenadaran MS 132; pp. 139–146
IBI-9A362DCF2CFA,current_location,location,"Matenadaran, Mesrop Mashtots Institute of Ancient Manuscripts, Yerevan",reported,SRC-0B9E40B67D88,Matenadaran MS 132; pp. 139–146
IBI-9A362DCF2CFA,inscription_language,language,Jewish Babylonian Aramaic,reported,SRC-0B9E40B67D88,Matenadaran MS 132; pp. 139–146
IBI-9A362DCF2CFA,named_angels,ritual,"ʿQbʾl, ʿSgynʾl, and ʿByʾl",reported,SRC-0B9E40B67D88,Matenadaran MS 132; pp. 139–146
IBI-9A53997D1CD3,current_or_reported_collection,location,Wolf Collection,reported,SRC-A90AB34CA3FE,"p. 105, note 434"
IBI-9A53997D1CD3,handwriting_attribution,practitioner,Giyonay daughter of Lalay,reported,SRC-A90AB34CA3FE,"p. 105, note 434"
IBI-9A53997D1CD3,inscription_language,language,Jewish Babylonian Aramaic,reported,SRC-A90AB34CA3FE,"p. 105, note 434"
IBI-9A53997D1CD3,publication_status,publication,Unpublished,reported,SRC-A90AB34CA3FE,"p. 105, note 434"
IBI-9A5BAF49A18E,current_location,location,The British Museum,reported,SRC-3D4B57D27A24,Related objects: 1914-0214-45
IBI-9A5BAF49A18E,dating,dating,6thC-8thC,reported,SRC-3D4B57D27A24,Related objects: 1914-0214-45
IBI-9A5BAF49A18E,findspot,provenance,Found/Acquired: Khorsabad,reported,SRC-3D4B57D27A24,Related objects: 1914-0214-45
IBI-9A5BAF49A18E,period,dating,Late-Post Sasanian,reported,SRC-3D4B57D27A24,Related objects: 1914-0214-45
IBI-9A5BAF49A18E,production_place,provenance,Made in: Iraq,reported,SRC-3D4B57D27A24,Related objects: 1914-0214-45
IBI-9AB5883DFA15,biblical_quotations,biblical_intertexts,"[""Zech. 3.2""]",reported,SRC-73C44B143A9D,"p. 154, distribution table, Isbell 42"
IBI-9AB5883DFA15,inscription_language,language,Jewish Babylonian Aramaic,reported,SRC-73C44B143A9D,"p. 154, distribution table, Isbell 42"
IBI-9AC8BF7669C1,current_location,location,Penn Museum,reported,SRC-0FE31B18B496,https://collections.penn.museum/collections/object/108790
IBI-9AC8BF7669C1,material,material,Ceramic; Ink,reported,SRC-0FE31B18B496,https://collections.penn.museum/collections/object/108790
IBI-9B0CE6A4F4DE,current_location,location,Penn Museum,reported,SRC-B0EC4E0F95AA,https://collections.penn.museum/collections/object/220281
IBI-9B0CE6A4F4DE,material,material,Ceramic; Ink,reported,SRC-B0EC4E0F95AA,https://collections.penn.museum/collections/object/220281
IBI-9B6BD36CC471,dating,dating,5th–6th century CE,reported,SRC-F20148C5DA92,lot 272
IBI-9B6BD36CC471,dating,dating,600–800 CE,reported,SRC-F20148C5DA92,lot 272
IBI-9B6BD36CC471,inscription_language,language,Judeo-Aramaic,reported,SRC-F20148C5DA92,lot 272
IBI-9B6BD36CC471,inscription_language,language,Aramaic or Aramaic-like patterns,reported,SRC-F20148C5DA92,lot 272
IBI-9B6BD36CC471,material,material,Pottery,reported,SRC-F20148C5DA92,lot 272
IBI-9B8F241403D7,condition,condition,fragmentary,reported,SRC-3A8095B6D794,index entry BM008A
IBI-9BB1E32FF0C7,current_location,location,Penn Museum,reported,SRC-5F479179CEBE,https://collections.penn.museum/collections/object/44308
IBI-9BB1E32FF0C7,material,material,Ceramic; Ink,reported,SRC-5F479179CEBE,https://collections.penn.museum/collections/object/44308
IBI-9BBDC3BD6086,current_location,location,Penn Museum,reported,SRC-AA8C3A1B02D4,https://collections.penn.museum/collections/object/170102
IBI-9BBDC3BD6086,material,material,Ceramic; Ink,reported,SRC-AA8C3A1B02D4,https://collections.penn.museum/collections/object/170102
IBI-9BC4FB520566,catalogue_language_codes,language,heb,reported,SRC-8098BF9389D6,MMS 997008712406005171
IBI-9BC4FB520566,current_location,location,"National Library of Israel, Jerusalem",reported,SRC-8098BF9389D6,MMS 997008712406005171
IBI-9BC4FB520566,dating,dating,400–899 CE,reported,SRC-8098BF9389D6,MMS 997008712406005171
IBI-9BC4FB520566,dimensions,dimensions,Height 66 mm; source field ‘הקף’ 150 mm,reported,SRC-8098BF9389D6,MMS 997008712406005171
IBI-9BF942623298,biblical_quotations,biblical_intertexts,"[""Exod. 15.3"", ""Ps. 24.8"", ""Ps. 104.20"", ""Ps. 10.16"", ""Ps. 93.1"", ""Exod. 15.18""]",reported,SRC-73C44B143A9D,"p. 156, distribution table, JBA 03"
IBI-9BF942623298,current_or_reported_collection,location,The Schøyen Collection,reported,SRC-73C44B143A9D,"p. 156, distribution table, JBA 03"
IBI-9BF942623298,inscription_language,language,Jewish Babylonian Aramaic,reported,SRC-73C44B143A9D,"p. 156, distribution table, JBA 03"
IBI-9C3EE339378D,client,client,Mahperoz son of Hindu,reported,SRC-790D28CDD890,object W_1851-1009-101
IBI-9C3EE339378D,current_location,location,The British Museum,reported,SRC-3D4B57D27A24,Related objects: 1851-1009-101
IBI-9C3EE339378D,current_location,location,The British Museum,reported,SRC-790D28CDD890,object W_1851-1009-101
IBI-9C3EE339378D,dating,dating,6thC–8thC,reported,SRC-790D28CDD890,object W_1851-1009-101
IBI-9C3EE339378D,dating,dating,6thC-8thC,reported,SRC-3D4B57D27A24,Related objects: 1851-1009-101
IBI-9C3EE339378D,dimensions,dimensions,Diameter 19.50 cm; depth 6.00 cm,reported,SRC-790D28CDD890,object W_1851-1009-101
IBI-9C3EE339378D,findspot,provenance,Found/Acquired: Babylon (historic - Iraq),reported,SRC-3D4B57D27A24,Related objects: 1851-1009-101
IBI-9C3EE339378D,findspot,provenance,Babylon; reportedly found in a tomb,reported,SRC-790D28CDD890,object W_1851-1009-101
IBI-9C3EE339378D,inscription_language,language,Aramaic,reported,SRC-790D28CDD890,object W_1851-1009-101
IBI-9C3EE339378D,material,material,pottery,reported,SRC-790D28CDD890,object W_1851-1009-101
IBI-9C3EE339378D,period,dating,Late-Post Sasanian,reported,SRC-3D4B57D27A24,Related objects: 1851-1009-101
IBI-9C3EE339378D,production_place,provenance,Made in: Iraq,reported,SRC-3D4B57D27A24,Related objects: 1851-1009-101
IBI-9C4A68654295,current_location,location,Penn Museum,reported,SRC-ED9F1C93E14A,https://collections.penn.museum/collections/object/90763
IBI-9C4A68654295,material,material,Ceramic Ink,reported,SRC-ED9F1C93E14A,https://collections.penn.museum/collections/object/90763
IBI-9C59F4B49756,catalogue_language_codes,language,heb,reported,SRC-27402D8BE8BE,MMS 997008712405405171
IBI-9C59F4B49756,current_location,location,"National Library of Israel, Jerusalem",reported,SRC-27402D8BE8BE,MMS 997008712405405171
IBI-9C59F4B49756,dating,dating,400–899 CE,reported,SRC-27402D8BE8BE,MMS 997008712405405171
IBI-9C59F4B49756,dimensions,dimensions,Height 96 mm; source field ‘הקף’ 100 mm,reported,SRC-27402D8BE8BE,MMS 997008712405405171
IBI-9C67725EA308,catalogue_language_codes,language,heb,reported,SRC-FC3EE21D1928,MMS 997008712547005171
IBI-9C67725EA308,current_location,location,"National Library of Israel, Jerusalem",reported,SRC-FC3EE21D1928,MMS 997008712547005171
IBI-9C67725EA308,dating,dating,400–899 CE,reported,SRC-FC3EE21D1928,MMS 997008712547005171
IBI-9C67725EA308,dimensions,dimensions,Height 69 mm; source field ‘הקף’ 170 mm,reported,SRC-FC3EE21D1928,MMS 997008712547005171
IBI-9C7F41866630,catalogue_language_codes,language,heb,reported,SRC-134B12FB133A,MMS 997008712405605171
IBI-9C7F41866630,current_location,location,"National Library of Israel, Jerusalem",reported,SRC-134B12FB133A,MMS 997008712405605171
IBI-9C7F41866630,dating,dating,400–899 CE,reported,SRC-134B12FB133A,MMS 997008712405605171
IBI-9C7F41866630,dimensions,dimensions,Height 78 mm; source field ‘הקף’ 193 mm,reported,SRC-134B12FB133A,MMS 997008712405605171
IBI-9CDD9096F957,biblical_quotation,biblical_intertexts,Zechariah 3:2,reported,SRC-C5AA2D8C1284,illustrated bowl transcription and translation; identified as M59 via Levene dissertation pp. 39–40
IBI-9CDD9096F957,client,client,Ardoi son of Kirkshidukh,certain,SRC-C5AA2D8C1284,illustrated bowl transcription and translation; identified as M59 via Levene dissertation pp. 39–40
IBI-9CDD9096F957,dimensions,dimensions,Diameter 16.5 cm; height 5.5 cm,reported,SRC-C5AA2D8C1284,illustrated bowl transcription and translation; identified as M59 via Levene dissertation pp. 39–40
IBI-9CDD9096F957,inscription_language,language,Jewish Babylonian Aramaic,certain,SRC-C5AA2D8C1284,illustrated bowl transcription and translation; identified as M59 via Levene dissertation pp. 39–40
IBI-9CDD9096F957,scribal_attribution,practitioner,Same scribe as MS 1929/16,reported,SRC-C5AA2D8C1284,illustrated bowl transcription and translation; identified as M59 via Levene dissertation pp. 39–40
IBI-9CDD9096F957,textual_parallel,parallels,"M50, AIT 9, AIT 32, AIT 33, MS 1927/5, MS 1927/39, and MS 1929/16",reported,SRC-C5AA2D8C1284,illustrated bowl transcription and translation; identified as M59 via Levene dissertation pp. 39–40
IBI-9D13CDD62235,current_location,location,Penn Museum,reported,SRC-A4A435A92C0E,https://collections.penn.museum/collections/object/140769
IBI-9D13CDD62235,material,material,Ceramic Ink,reported,SRC-A4A435A92C0E,https://collections.penn.museum/collections/object/140769
IBI-9D21947B0388,client_or_beneficiary,client,Kamkewi Hamadan,uncertain,SRC-F42955665921,printed p. 591
IBI-9D21947B0388,condition,condition,Defective or damaged; exact losses not quantified,reported,SRC-F42955665921,printed p. 590
IBI-9D21947B0388,dimensions,dimensions,Diameter 10 cm,reported,SRC-F42955665921,printed p. 590
IBI-9D21947B0388,findspot,provenance,"Susiana, from the French Dieulafoy mission excavations",reported,SRC-F42955665921,printed p. 590
IBI-9D49C1678C2B,current_location,location,The British Museum,reported,SRC-3D4B57D27A24,Related objects: 1925-1015-4
IBI-9D49C1678C2B,dating,dating,6thC-8thC,reported,SRC-3D4B57D27A24,Related objects: 1925-1015-4
IBI-9D49C1678C2B,period,dating,Late-Post Sasanian,reported,SRC-3D4B57D27A24,Related objects: 1925-1015-4
IBI-9D49C1678C2B,production_place,provenance,Made in: Iraq,reported,SRC-3D4B57D27A24,Related objects: 1925-1015-4
IBI-9D6F9874FF25,current_location,location,Penn Museum,reported,SRC-F60F3515766A,https://collections.penn.museum/collections/object/311846
IBI-9D6F9874FF25,material,material,Ceramic,reported,SRC-F60F3515766A,https://collections.penn.museum/collections/object/311846
IBI-9D7CBB46A6A3,inscription_language,language,Mandaic,reported,SRC-72D809FB4249,text 078M; section pp. 103–146
IBI-9D8D10B24135,catalogue_language_codes,language,heb,reported,SRC-982E8721AEB0,MMS 997008712546705171
IBI-9D8D10B24135,current_location,location,"National Library of Israel, Jerusalem",reported,SRC-982E8721AEB0,MMS 997008712546705171
IBI-9D8D10B24135,dating,dating,400–899 CE,reported,SRC-982E8721AEB0,MMS 997008712546705171
IBI-9D8D10B24135,dimensions,dimensions,Height 54 mm; source field ‘הקף’ 183 mm,reported,SRC-982E8721AEB0,MMS 997008712546705171
IBI-9D9670FD6A9E,current_location,location,Penn Museum,reported,SRC-2809A03C04F3,https://collections.penn.museum/collections/object/339970
IBI-9D9670FD6A9E,material,material,Ceramic; Ink,reported,SRC-2809A03C04F3,https://collections.penn.museum/collections/object/339970
IBI-9DCF4B5EF070,catalogue_language_codes,language,heb,reported,SRC-A5DC9FB9EBC5,MMS 997008712546305171
IBI-9DCF4B5EF070,current_location,location,"National Library of Israel, Jerusalem",reported,SRC-A5DC9FB9EBC5,MMS 997008712546305171
IBI-9DCF4B5EF070,dating,dating,400–899 CE,reported,SRC-A5DC9FB9EBC5,MMS 997008712546305171
IBI-9DCF4B5EF070,dimensions,dimensions,Height 64 mm; source field ‘הקף’ 152 mm,reported,SRC-A5DC9FB9EBC5,MMS 997008712546305171
IBI-9DD46C157766,condition,condition,fragmentary,reported,SRC-3A8095B6D794,index entry BM056A
IBI-9DF7057095D2,condition,condition,fragmentary,reported,SRC-3A8095B6D794,index entry BM048A
IBI-9E37AB1B6312,client,client,Farruk son of Darayduk,reported,SRC-F1A8F3131394,object W_1881-0714-7
IBI-9E37AB1B6312,current_location,location,The British Museum,reported,SRC-F1A8F3131394,object W_1881-0714-7
IBI-9E37AB1B6312,current_location,location,The British Museum,reported,SRC-3D4B57D27A24,Related objects: 1881-0714-7
IBI-9E37AB1B6312,dating,dating,6thC–8thC,reported,SRC-F1A8F3131394,object W_1881-0714-7
IBI-9E37AB1B6312,dating,dating,6thC-8thC,reported,SRC-3D4B57D27A24,Related objects: 1881-0714-7
IBI-9E37AB1B6312,dimensions,dimensions,Diameter 16.30 cm; depth 5.80 cm,reported,SRC-F1A8F3131394,object W_1881-0714-7
IBI-9E37AB1B6312,findspot,provenance,Tell Ibrahim (Kutha),reported,SRC-F1A8F3131394,object W_1881-0714-7
IBI-9E37AB1B6312,findspot,provenance,Excavated/Findspot: Tell Ibrahim (Kutha),reported,SRC-3D4B57D27A24,Related objects: 1881-0714-7
IBI-9E37AB1B6312,inscription_language,language,Aramaic,reported,SRC-F1A8F3131394,object W_1881-0714-7
IBI-9E37AB1B6312,material,material,pottery,reported,SRC-F1A8F3131394,object W_1881-0714-7
IBI-9E37AB1B6312,period,dating,Late-Post Sasanian,reported,SRC-3D4B57D27A24,Related objects: 1881-0714-7
IBI-9E37AB1B6312,production_place,provenance,Made in: Iraq,reported,SRC-3D4B57D27A24,Related objects: 1881-0714-7
IBI-9E632A3F0295,biblical_quotations,biblical_intertexts,"[""Deut. 10.17"", ""Neh. 9.32a""]",reported,SRC-73C44B143A9D,"p. 155, distribution table, M 102"
IBI-9E632A3F0295,current_or_reported_collection,location,Moussaieff Collection,reported,SRC-73C44B143A9D,"p. 155, distribution table, M 102"
IBI-9E632A3F0295,inscription_language,language,Jewish Babylonian Aramaic,reported,SRC-73C44B143A9D,"p. 155, distribution table, M 102"
IBI-9E6B264AC989,current_location,location,Penn Museum,reported,SRC-855C75734A1F,https://collections.penn.museum/collections/object/157174
IBI-9E6B264AC989,material,material,Ceramic; Ink,reported,SRC-855C75734A1F,https://collections.penn.museum/collections/object/157174
IBI-9EBAA35D18D9,current_location,location,Penn Museum,reported,SRC-EAE1F2F2F522,https://collections.penn.museum/collections/object/283813
IBI-9EBAA35D18D9,material,material,Ceramic; Ink,reported,SRC-EAE1F2F2F522,https://collections.penn.museum/collections/object/283813
IBI-9F0C2BC5FBC8,current_location,location,The British Museum,reported,SRC-3D4B57D27A24,Related objects: 1980-0415-31-r
IBI-9F0C2BC5FBC8,dating,dating,6thC-8thC,reported,SRC-3D4B57D27A24,Related objects: 1980-0415-31-r
IBI-9F0C2BC5FBC8,findspot,provenance,Found/Acquired: Iraq,reported,SRC-3D4B57D27A24,Related objects: 1980-0415-31-r
IBI-9F0C2BC5FBC8,period,dating,Late-Post Sasanian,reported,SRC-3D4B57D27A24,Related objects: 1980-0415-31-r
IBI-9F0C2BC5FBC8,production_place,provenance,Made in: Iraq,reported,SRC-3D4B57D27A24,Related objects: 1980-0415-31-r
IBI-9F61AE8BC0BA,current_location,location,Penn Museum,reported,SRC-DF63085B819C,https://collections.penn.museum/collections/object/144684
IBI-9F61AE8BC0BA,material,material,Ceramic Ink Bitumen,reported,SRC-DF63085B819C,https://collections.penn.museum/collections/object/144684
IBI-A0386665BAC2,catalogue_language_codes,language,heb,reported,SRC-B43A7E0B561D,MMS 997008712397205171
IBI-A0386665BAC2,current_location,location,"National Library of Israel, Jerusalem",reported,SRC-B43A7E0B561D,MMS 997008712397205171
IBI-A0386665BAC2,dating,dating,400–899 CE,reported,SRC-B43A7E0B561D,MMS 997008712397205171
IBI-A0386665BAC2,dimensions,dimensions,Height 185 mm; source field ‘הקף’ 360 mm,reported,SRC-B43A7E0B561D,MMS 997008712397205171
IBI-A085AF4BECE1,dating,dating,600–800 CE,reported,SRC-FA220943A803,"lot 1200, object 3 of 3"
IBI-A085AF4BECE1,dimensions,dimensions,Group components reportedly 175–200 mm × 50–75 mm; individual assignment unavailable,reported,SRC-FA220943A803,"lot 1200, object 3 of 3"
IBI-A085AF4BECE1,inscription_language,language,Aramaic,reported,SRC-FA220943A803,"lot 1200, object 3 of 3"
IBI-A085AF4BECE1,material,material,Pottery,reported,SRC-FA220943A803,"lot 1200, object 3 of 3"
IBI-A085AF4BECE1,provenance,provenance,Private UK collection; purchased on the London art market in the 1980s,reported,SRC-FA220943A803,"lot 1200, object 3 of 3"
IBI-A08C17F9599F,script,script,Pseudo-script,reported,SRC-72D809FB4249,text 123Ps; section pp. 150–162
IBI-A0C31C78E234,script,script,Pseudo-script,reported,SRC-72D809FB4249,text 141Ps; section pp. 150–162
IBI-A11621D03F66,biblical_quotations,biblical_intertexts,"[""Exod. 3.15"", ""Isa. 40.31"", ""Isa. 60.11"", ""Gen. 27.28"", ""Ps. 121.7-8"", ""Zech. 3.2""]",reported,SRC-73C44B143A9D,"p. 157, distribution table, JBA 67"
IBI-A11621D03F66,current_or_reported_collection,location,The Schøyen Collection,reported,SRC-73C44B143A9D,"p. 157, distribution table, JBA 67"
IBI-A11621D03F66,inscription_language,language,Jewish Babylonian Aramaic,reported,SRC-73C44B143A9D,"p. 157, distribution table, JBA 67"
IBI-A13F6AA8742B,condition,condition,fragmentary,reported,SRC-3A8095B6D794,index entry BM051A
IBI-A19B58EBBBA9,inscription_language,language,Aramaic,reported,SRC-72D809FB4249,text 031A; section pp. 43–102
IBI-A1AA3AE64B09,catalogue_language_codes,language,heb,reported,SRC-E8293C7C20BE,MMS 997008712398505171
IBI-A1AA3AE64B09,current_location,location,"National Library of Israel, Jerusalem",reported,SRC-E8293C7C20BE,MMS 997008712398505171
IBI-A1AA3AE64B09,dating,dating,400–899 CE,reported,SRC-E8293C7C20BE,MMS 997008712398505171
IBI-A1AA3AE64B09,dimensions,dimensions,Height 80 mm; source field ‘הקף’ 174 mm,reported,SRC-E8293C7C20BE,MMS 997008712398505171
IBI-A2115A007A05,script,script,Pseudo-script,reported,SRC-72D809FB4249,text 124Ps; section pp. 150–162
IBI-A22328E17FE6,current_location,location,The British Museum,reported,SRC-3D4B57D27A24,Related objects: 1881-0714-2
IBI-A22328E17FE6,dating,dating,6thC-8thC,reported,SRC-3D4B57D27A24,Related objects: 1881-0714-2
IBI-A22328E17FE6,findspot,provenance,Excavated/Findspot: Tell Ibrahim (Kutha),reported,SRC-3D4B57D27A24,Related objects: 1881-0714-2
IBI-A22328E17FE6,period,dating,Late-Post Sasanian,reported,SRC-3D4B57D27A24,Related objects: 1881-0714-2
IBI-A22328E17FE6,production_place,provenance,"Made in: Iraq, South",reported,SRC-3D4B57D27A24,Related objects: 1881-0714-2
IBI-A271E0F86F5D,current_location,location,The British Museum,reported,SRC-3D4B57D27A24,Related objects: 1980-0415-3
IBI-A271E0F86F5D,dating,dating,6thC-8thC,reported,SRC-3D4B57D27A24,Related objects: 1980-0415-3
IBI-A271E0F86F5D,period,dating,Late-Post Sasanian,reported,SRC-3D4B57D27A24,Related objects: 1980-0415-3
IBI-A271E0F86F5D,production_place,provenance,Made in: Iraq,reported,SRC-3D4B57D27A24,Related objects: 1980-0415-3
IBI-A28AB07607CC,inscription_language,language,Mandaic,reported,SRC-72D809FB4249,text 108M; section pp. 103–146
IBI-A2A979B37B7A,current_location,location,Penn Museum,reported,SRC-9FAFD9EC4C6E,https://collections.penn.museum/collections/object/226635
IBI-A2A979B37B7A,material,material,Ceramic; Ink,reported,SRC-9FAFD9EC4C6E,https://collections.penn.museum/collections/object/226635
IBI-A2C514D5D255,current_location,location,"Fondation Martin Bodmer, Geneva",reported,SRC-B1AA93ACD1E1,pp. 422–425
IBI-A2C514D5D255,dimensions,dimensions,Diameter 13.8 in; height 5.8 in,reported,SRC-B1AA93ACD1E1,pp. 422–425
IBI-A2C514D5D255,iconography,visual,Snake with its tail in its mouth,reported,SRC-B1AA93ACD1E1,pp. 422–425
IBI-A2C514D5D255,inscription_language,language,Syriac,reported,SRC-B1AA93ACD1E1,pp. 422–425
IBI-A2C514D5D255,line_count,text_form,13 interior lines and one exterior line,reported,SRC-B1AA93ACD1E1,pp. 422–425
IBI-A2DAA0BC88B6,biblical_quotations,biblical_intertexts,"[""Ps. 121.7-8""]",reported,SRC-73C44B143A9D,"p. 161, distribution table, C10-116"
IBI-A2DAA0BC88B6,inscription_language,language,Jewish Babylonian Aramaic,reported,SRC-73C44B143A9D,"p. 161, distribution table, C10-116"
IBI-A2E63793BF50,catalogue_language_codes,language,heb,reported,SRC-3AC6C3776969,MMS 997008712548305171
IBI-A2E63793BF50,current_location,location,"National Library of Israel, Jerusalem",reported,SRC-3AC6C3776969,MMS 997008712548305171
IBI-A2E63793BF50,dating,dating,400–899 CE,reported,SRC-3AC6C3776969,MMS 997008712548305171
IBI-A2E63793BF50,dimensions,dimensions,Height 64 mm; source field ‘הקף’ 195 mm,reported,SRC-3AC6C3776969,MMS 997008712548305171
IBI-A2E775143F9F,condition,condition,Broken and mended; segment missing.,reported,SRC-943673B56FB8,"Catalogue, text 17, printed p. 323; PDF p. 329; description column"
IBI-A2E775143F9F,current_or_reported_collection,location,Penn Museum,reported,SRC-943673B56FB8,"p. 323, item 17"
IBI-A2E775143F9F,dimensions,dimensions,height 7 cm; diameter 15.7 cm,reported,SRC-943673B56FB8,"p. 323, item 17"
IBI-A2E775143F9F,dimensions,dimensions,height 7 cm; diameter 15.7 cm,reported,SRC-943673B56FB8,"Catalogue, text 17, printed p. 323; PDF p. 329; size column (height by diameter)"
IBI-A2E775143F9F,findspot,provenance,Nippur,reported,SRC-943673B56FB8,"p. 323, item 17"
IBI-A2E775143F9F,inscription_language,language,Jewish Babylonian Aramaic,reported,SRC-943673B56FB8,"p. 323, item 17"
IBI-A2E775143F9F,publication_register_identifier,publication,CBS 2922,reported,SRC-943673B56FB8,"Catalogue, text 17, printed p. 323; PDF p. 329; catalogue number column"
IBI-A34DB975AEEB,catalogue_language_codes,language,heb,reported,SRC-67E04A92F7ED,MMS 997008712405305171
IBI-A34DB975AEEB,current_location,location,"National Library of Israel, Jerusalem",reported,SRC-67E04A92F7ED,MMS 997008712405305171
IBI-A34DB975AEEB,dating,dating,400–899 CE,reported,SRC-67E04A92F7ED,MMS 997008712405305171
IBI-A34DB975AEEB,dimensions,dimensions,Height 87 mm; source field ‘הקף’ 187 mm,reported,SRC-67E04A92F7ED,MMS 997008712405305171
IBI-A35AACF66D9D,catalogue_language_codes,language,heb,reported,SRC-0B3B139F8A63,MMS 997008712402405171
IBI-A35AACF66D9D,current_location,location,"National Library of Israel, Jerusalem",reported,SRC-0B3B139F8A63,MMS 997008712402405171
IBI-A35AACF66D9D,dating,dating,400–899 CE,reported,SRC-0B3B139F8A63,MMS 997008712402405171
IBI-A35AACF66D9D,dimensions,dimensions,Height 76 mm; source field ‘הקף’ 163 mm,reported,SRC-0B3B139F8A63,MMS 997008712402405171
IBI-A3736CD7D997,condition,condition,Broken and mended; some large lacunae.,reported,SRC-943673B56FB8,"Catalogue, text 40, printed p. 326; PDF p. 332; description column"
IBI-A3736CD7D997,current_or_reported_collection,location,Penn Museum,reported,SRC-943673B56FB8,"p. 326, item 40"
IBI-A3736CD7D997,dimensions,dimensions,height 7.3 cm; diameter 17.2 cm,reported,SRC-943673B56FB8,"Catalogue, text 40, printed p. 326; PDF p. 332; size column (height by diameter)"
IBI-A3736CD7D997,dimensions,dimensions,height 7.3 cm; diameter 17.2 cm,reported,SRC-943673B56FB8,"p. 326, item 40"
IBI-A3736CD7D997,findspot,provenance,Nippur,reported,SRC-943673B56FB8,"p. 326, item 40"
IBI-A3736CD7D997,inscription_language,language,Mandaic,reported,SRC-943673B56FB8,"p. 326, item 40"
IBI-A3736CD7D997,publication_heading_identifier,publication,CBS 2971,certain,SRC-943673B56FB8,"text 40 heading, printed p. 252; PDF p. 258"
IBI-A3736CD7D997,publication_register_identifier,publication,CBS 2972,disputed,SRC-943673B56FB8,"closing register, printed p. 326; PDF p. 332"
IBI-A3736CD7D997,publication_register_identifier,publication,CBS 2972,reported,SRC-943673B56FB8,"Catalogue, text 40, printed p. 326; PDF p. 332; catalogue number column"
IBI-A39549C75B8E,current_location,location,Penn Museum,reported,SRC-786574A2B43C,https://collections.penn.museum/collections/object/119332
IBI-A39549C75B8E,material,material,Ceramic Ink,reported,SRC-786574A2B43C,https://collections.penn.museum/collections/object/119332
IBI-A3CB298383D2,current_location,location,"Frau Professor Hilprecht Collection, Friedrich Schiller University Jena",reported,SRC-0ED4935B6606,dc00001093
IBI-A3CB298383D2,dating,dating,500–700 CE,reported,SRC-0ED4935B6606,dc00001093
IBI-A3CB298383D2,dimensions,dimensions,Diameter 17.2 cm; height not reported,reported,SRC-0ED4935B6606,dc00001093
IBI-A3CB298383D2,findspot,provenance,"Nippur, Iraq",reported,SRC-0ED4935B6606,dc00001093
IBI-A3F96BE488EA,biblical_quotation,biblical_intertexts,Zechariah 3:2,reported,SRC-C54888E36130,MS 2053/196 context: MS 1927/41
IBI-A3F96BE488EA,current_location,location,The Schøyen Collection,reported,SRC-C54888E36130,MS 2053/196 context: MS 1927/41
IBI-A4018648241E,current_location,location,Penn Museum,reported,SRC-CFBAC01E2C99,https://collections.penn.museum/collections/object/158478
IBI-A4018648241E,material,material,Ceramic; Ink,reported,SRC-CFBAC01E2C99,https://collections.penn.museum/collections/object/158478
IBI-A40CFF8CFA46,biblical_quotations,biblical_intertexts,"[""Exod. 15.16"", ""Exod. 15.18"", ""Isa. 6.3""]",reported,SRC-73C44B143A9D,"p. 160, distribution table, MS 2053/159"
IBI-A40CFF8CFA46,current_or_reported_collection,location,The Schøyen Collection,reported,SRC-73C44B143A9D,"p. 160, distribution table, MS 2053/159"
IBI-A40CFF8CFA46,inscription_language,language,Jewish Babylonian Aramaic,reported,SRC-73C44B143A9D,"p. 160, distribution table, MS 2053/159"
IBI-A41CE27FA5B1,catalogue_language_codes,language,heb,reported,SRC-B99BF6B16C6F,MMS 997008712546105171
IBI-A41CE27FA5B1,current_location,location,"National Library of Israel, Jerusalem",reported,SRC-B99BF6B16C6F,MMS 997008712546105171
IBI-A41CE27FA5B1,dating,dating,400–899 CE,reported,SRC-B99BF6B16C6F,MMS 997008712546105171
IBI-A41CE27FA5B1,dimensions,dimensions,Height 68 mm; source field ‘הקף’ 160 mm,reported,SRC-B99BF6B16C6F,MMS 997008712546105171
IBI-A47920BF4C4D,biblical_quotations,biblical_intertexts,"[""Prov. 30.17""]",reported,SRC-73C44B143A9D,"p. 159, distribution table, M 4"
IBI-A47920BF4C4D,current_or_reported_collection,location,Moussaieff Collection,reported,SRC-73C44B143A9D,"p. 159, distribution table, M 4"
IBI-A47920BF4C4D,inscription_language,language,Jewish Babylonian Aramaic,reported,SRC-73C44B143A9D,"p. 159, distribution table, M 4"
IBI-A48BB612BD37,catalogue_language_codes,language,heb,reported,SRC-72B16EB72E00,MMS 997008712408005171
IBI-A48BB612BD37,current_location,location,"National Library of Israel, Jerusalem",reported,SRC-72B16EB72E00,MMS 997008712408005171
IBI-A48BB612BD37,dating,dating,400–899 CE,reported,SRC-72B16EB72E00,MMS 997008712408005171
IBI-A48BB612BD37,dimensions,dimensions,Height 86 mm; source field ‘הקף’ 200 mm,reported,SRC-72B16EB72E00,MMS 997008712408005171
IBI-A4D8C4C956A2,inscription_language,language,Mandaic,reported,SRC-72D809FB4249,text 107M; section pp. 103–146
IBI-A4F154B0CB2E,condition,condition,Approximately one quarter of the text survives,reported,SRC-455442AA727F,Artefact of the Month 26; IsIAO 5206
IBI-A4F154B0CB2E,condition,condition,Very fragmentary; approximately one quarter of text survives,reported,SRC-455442AA727F,Artefact of the Month 26; IsIAO 5206
IBI-A4F154B0CB2E,current_location,location,"Museo delle Civiltà, Rome",reported,SRC-455442AA727F,Artefact of the Month 26; IsIAO 5206
IBI-A4F154B0CB2E,dating,dating,6th–7th century CE,reported,SRC-455442AA727F,Artefact of the Month 26; IsIAO 5206
IBI-A4F154B0CB2E,dating,dating,6th–7th centuries CE,reported,SRC-455442AA727F,Artefact of the Month 26; IsIAO 5206
IBI-A4F154B0CB2E,dimensions,dimensions,18.2 × 8 cm,reported,SRC-455442AA727F,Artefact of the Month 26; IsIAO 5206
IBI-A4F154B0CB2E,inscription_language,language,Syriac,reported,SRC-455442AA727F,Artefact of the Month 26; IsIAO 5206
IBI-A4F154B0CB2E,material,material,Wheel-thrown clay,reported,SRC-455442AA727F,Artefact of the Month 26; IsIAO 5206
IBI-A4F154B0CB2E,origin,provenance,Mesopotamia,probable,SRC-455442AA727F,Artefact of the Month 26; IsIAO 5206
IBI-A4F154B0CB2E,script,script,Classical Estrangela,reported,SRC-455442AA727F,Artefact of the Month 26; IsIAO 5206
IBI-A4F154B0CB2E,script,script,Estrangela,reported,SRC-455442AA727F,Artefact of the Month 26; IsIAO 5206
IBI-A5148211C7F0,inscription_language,language,Aramaic,reported,SRC-72D809FB4249,text 059A; section pp. 43–102
IBI-A5173FAF0C5A,catalogue_language_codes,language,arc; myz,reported,SRC-639DD8F52972,MMS 997008712402705171
IBI-A5173FAF0C5A,current_location,location,"National Library of Israel, Jerusalem",reported,SRC-639DD8F52972,MMS 997008712402705171
IBI-A5173FAF0C5A,dating,dating,400–899 CE,reported,SRC-639DD8F52972,MMS 997008712402705171
IBI-A5173FAF0C5A,dimensions,dimensions,Height 52 mm; source field ‘הקף’ 180 mm,reported,SRC-639DD8F52972,MMS 997008712402705171
IBI-A51969D3CFF7,condition,condition,fragmentary,reported,SRC-3A8095B6D794,index entry BM069A
IBI-A5812AA4A88B,current_location,location,Penn Museum,reported,SRC-538B9693942C,https://collections.penn.museum/collections/object/271794
IBI-A5812AA4A88B,material,material,Ceramic Ink,reported,SRC-538B9693942C,https://collections.penn.museum/collections/object/271794
IBI-A5833D9EAB52,current_or_reported_collection,location,Iraq Museum,reported,SRC-A90AB34CA3FE,"p. 134, note 546"
IBI-A5833D9EAB52,handwriting_attribution,practitioner,Dukhtīč daughter of Bahāroy,reported,SRC-A90AB34CA3FE,"p. 134, note 546"
IBI-A5833D9EAB52,inscription_language,language,Jewish Babylonian Aramaic,reported,SRC-A90AB34CA3FE,"p. 134, note 546"
IBI-A5833D9EAB52,text_tradition,ritual,Semamit historiola,reported,SRC-A90AB34CA3FE,"p. 134, note 546"
IBI-A58C2D4572FF,inscription_language,language,Mandaic,reported,SRC-72D809FB4249,text 113M; section pp. 103–146
IBI-A5C2CAEEB322,current_location,location,Penn Museum,reported,SRC-24AE4234E058,https://collections.penn.museum/collections/object/334778
IBI-A5C2CAEEB322,material,material,Ceramic; Ink,reported,SRC-24AE4234E058,https://collections.penn.museum/collections/object/334778
IBI-A5EA35FED093,inscription_language,language,Aramaic,reported,SRC-72D809FB4249,text 055A; section pp. 43–102
IBI-A691404B8D7B,current_location,location,The British Museum,reported,SRC-3D4B57D27A24,Related objects: 1886-0109-4
IBI-A691404B8D7B,dating,dating,6thC-8thC,reported,SRC-3D4B57D27A24,Related objects: 1886-0109-4
IBI-A691404B8D7B,findspot,provenance,Found/Acquired: Iraq,reported,SRC-3D4B57D27A24,Related objects: 1886-0109-4
IBI-A691404B8D7B,period,dating,Late-Post Sasanian,reported,SRC-3D4B57D27A24,Related objects: 1886-0109-4
IBI-A691404B8D7B,production_place,provenance,Made in: Iraq,reported,SRC-3D4B57D27A24,Related objects: 1886-0109-4
IBI-A6D92692DBC3,current_location,location,"Iraq Museum, Baghdad",reported,SRC-30F5C3AD388A,pp. 241–256
IBI-A6D92692DBC3,inscription_language,language,Aramaic,reported,SRC-30F5C3AD388A,pp. 241–256
IBI-A6D92692DBC3,targets,target,Gušnin and Namoy,reported,SRC-30F5C3AD388A,pp. 241–256
IBI-A6D92692DBC3,text_purpose,ritual,Separation spell intended to sow discord,reported,SRC-30F5C3AD388A,pp. 241–256
IBI-A739C7EF9DDC,condition,condition,fragmentary,reported,SRC-3A8095B6D794,index entry BM017A
IBI-A7A540CDFF87,biblical_quotations,biblical_intertexts,"[""Num. 6.24-26"", ""Isa. 44.25"", ""Song 3.7""]",reported,SRC-73C44B143A9D,"p. 154, distribution table, Isbell 66"
IBI-A7A540CDFF87,inscription_language,language,Jewish Babylonian Aramaic,reported,SRC-73C44B143A9D,"p. 154, distribution table, Isbell 66"
IBI-A82799547494,inscription_language,language,Syriac,reported,SRC-72D809FB4249,text 120SY; section pp. 147–149
IBI-A83BCFF1A88E,current_location,location,The British Museum,reported,SRC-3D4B57D27A24,Related objects: 1980-0415-14
IBI-A83BCFF1A88E,dating,dating,6thC-8thC,reported,SRC-3D4B57D27A24,Related objects: 1980-0415-14
IBI-A83BCFF1A88E,findspot,provenance,Excavated/Findspot: Tell Ibrahim (Kutha),reported,SRC-3D4B57D27A24,Related objects: 1980-0415-14
IBI-A83BCFF1A88E,period,dating,Late-Post Sasanian,reported,SRC-3D4B57D27A24,Related objects: 1980-0415-14
IBI-A83BCFF1A88E,production_place,provenance,Made in: Iraq,reported,SRC-3D4B57D27A24,Related objects: 1980-0415-14
IBI-A844BEBAB2D4,current_location,location,Penn Museum,reported,SRC-46B8FF1A7ABD,https://collections.penn.museum/collections/object/134019
IBI-A844BEBAB2D4,material,material,Ceramic; Ink,reported,SRC-46B8FF1A7ABD,https://collections.penn.museum/collections/object/134019
IBI-A8470A9AD28F,current_location,location,Penn Museum,reported,SRC-4EA42B8F7C75,https://collections.penn.museum/collections/object/82460
IBI-A8470A9AD28F,dimensions,dimensions,height 7.5 cm; outside diameter 18.3 cm,reported,SRC-4EA42B8F7C75,https://collections.penn.museum/collections/object/82460; Details table; observed 2026-09-05T14:29:55.461Z; Height and Outside Diameter
IBI-A89B8D5230A5,biblical_quotation,biblical_intertexts,Zechariah 3:2,reported,SRC-C54888E36130,MS 2053/196 context: MS 1927/18
IBI-A89B8D5230A5,current_location,location,The Schøyen Collection,reported,SRC-C54888E36130,MS 2053/196 context: MS 1927/18
IBI-A8AC02611953,dating,dating,5th–6th century CE,reported,SRC-F34FABD38A6D,"29 December 2021, lot 42"
IBI-A8AC02611953,dimensions,dimensions,Length 14.2 cm,reported,SRC-F34FABD38A6D,"29 December 2021, lot 42"
IBI-A8AC02611953,inscription_language,language,Aramaic,reported,SRC-F34FABD38A6D,"29 December 2021, lot 42"
IBI-A8AC02611953,material,material,Terracotta,reported,SRC-F34FABD38A6D,"29 December 2021, lot 42"
IBI-A8AC02611953,provenance,provenance,Said Ali Madhloom collection; brought to the UK in 1981; thence by descent,reported,SRC-F34FABD38A6D,"29 December 2021, lot 42"
IBI-A8BE9F6FA177,clients,client,Mama and her son Abraham,reported,SRC-4C8646D12939,"Object of the Month, April 2024"
IBI-A8BE9F6FA177,condition,condition,One third missing; preserved portion reconstructed from several fragments,reported,SRC-4C8646D12939,"Object of the Month, April 2024"
IBI-A8BE9F6FA177,current_location,location,"Frau Professor Hilprecht Collection, Friedrich Schiller University Jena",reported,SRC-4C8646D12939,"Object of the Month, April 2024"
IBI-A8BE9F6FA177,dating,dating,"Sasanian period, 4th–7th century CE",reported,SRC-4C8646D12939,"Object of the Month, April 2024"
IBI-A8BE9F6FA177,dimensions,dimensions,Height 6 cm; diameter 15 cm,reported,SRC-4C8646D12939,"Object of the Month, April 2024"
IBI-A8BE9F6FA177,findspot,provenance,"Nippur, Iraq",reported,SRC-4C8646D12939,"Object of the Month, April 2024"
IBI-A8BE9F6FA177,named_demon,ritual,Halbas-Lilit,reported,SRC-4C8646D12939,"Object of the Month, April 2024"
IBI-A8BE9F6FA177,text_purpose,ritual,"Expulsion of the child-killing demon from Mama, Abraham, and their household",reported,SRC-4C8646D12939,"Object of the Month, April 2024"
IBI-A921F581030C,current_location,location,The British Museum,reported,SRC-3D4B57D27A24,Related objects: 1980-0415-16
IBI-A921F581030C,dating,dating,6thC-8thC,reported,SRC-3D4B57D27A24,Related objects: 1980-0415-16
IBI-A921F581030C,period,dating,Late-Post Sasanian,reported,SRC-3D4B57D27A24,Related objects: 1980-0415-16
IBI-A921F581030C,production_place,provenance,Made in: Iraq,reported,SRC-3D4B57D27A24,Related objects: 1980-0415-16
IBI-A9469781DBBE,client,client,Mehishai daughter of Dodai,reported,SRC-1B966F866CDF,"Isbell bowl 22, p. 69"
IBI-A9469781DBBE,inscription_language,language,Jewish Babylonian Aramaic,reported,SRC-1B966F866CDF,"Isbell bowl 22, p. 69"
IBI-A9469781DBBE,text_purpose,ritual,Magical divorce and expulsion of Lilith Hablas,reported,SRC-1B966F866CDF,"Isbell bowl 22, p. 69"
IBI-A9B1ADCFD0C7,current_location,location,Penn Museum,reported,SRC-5701CCD26A7E,https://collections.penn.museum/collections/object/326671
IBI-A9B1ADCFD0C7,material,material,Ceramic; Ink,reported,SRC-5701CCD26A7E,https://collections.penn.museum/collections/object/326671
IBI-A9F0F3BFB1CC,biblical_quotations,biblical_intertexts,"[""Isa. 40.12""]",reported,SRC-73C44B143A9D,"p. 154, distribution table, AMB 12b"
IBI-A9F0F3BFB1CC,inscription_language,language,Jewish Babylonian Aramaic,reported,SRC-73C44B143A9D,"p. 154, distribution table, AMB 12b"
IBI-AA15A1232B1F,condition,condition,"Very weathered; seven fragments, six joining, four separate units",reported,SRC-1F52948F96BC,registration A33980; accession 3633
IBI-AA15A1232B1F,current_location,location,"ISAC Museum, University of Chicago",reported,SRC-1F52948F96BC,registration A33980; accession 3633
IBI-AA15A1232B1F,dating,dating,Sasanian–Early Islamic,reported,SRC-1F52948F96BC,registration A33980; accession 3633
IBI-AA15A1232B1F,dimensions,dimensions,175 mm diameter × 55 mm height,reported,SRC-1F52948F96BC,registration A33980; accession 3633
IBI-AA15A1232B1F,excavation_context,provenance,Surface; field number 10N-361 A-B,reported,SRC-1F52948F96BC,registration A33980; accession 3633
IBI-AA15A1232B1F,findspot,provenance,"Nippur, Iraq",reported,SRC-1F52948F96BC,registration A33980; accession 3633
IBI-AA15A1232B1F,inscription_language,language,Aramaic,reported,SRC-1F52948F96BC,registration A33980; accession 3633
IBI-AA15A1232B1F,material,material,Baked clay,reported,SRC-1F52948F96BC,registration A33980; accession 3633
IBI-AA3FC953DA0F,inscription_language,language,Aramaic,reported,SRC-72D809FB4249,text 028A; section pp. 43–102
IBI-AA487E5E1C00,collection_history,provenance,Donated by Avigdor Klagsbald,reported,SRC-BCC98AAE8C40,article: bowl 1 of seven-object Klagsbald donation
IBI-AA487E5E1C00,current_location,location,"National Library of Israel, Jerusalem",reported,SRC-BCC98AAE8C40,article: bowl 1 of seven-object Klagsbald donation
IBI-AA67AEE8E98C,client_or_beneficiary,client,Malcona son of Moksat,possible,SRC-F42955665921,printed p. 593
IBI-AA67AEE8E98C,condition,condition,Largest and most damaged of the three bowls; opening words and other portions effaced,reported,SRC-F42955665921,printed p. 592
IBI-AA67AEE8E98C,dimensions,dimensions,Diameter 176 mm,reported,SRC-F42955665921,printed p. 590
IBI-AA67AEE8E98C,findspot,provenance,"Susiana, from the French Dieulafoy mission excavations",reported,SRC-F42955665921,printed p. 590
IBI-AA8DEF952E20,biblical_quotations,biblical_intertexts,"[""Isa. 40.6-8""]",reported,SRC-73C44B143A9D,"p. 162, distribution table, Herman 2021"
IBI-AA8DEF952E20,inscription_language,language,Jewish Babylonian Aramaic,reported,SRC-73C44B143A9D,"p. 162, distribution table, Herman 2021"
IBI-AAAE996F8011,current_location,location,Penn Museum,reported,SRC-D3214E640515,https://collections.penn.museum/collections/object/128124
IBI-AAAE996F8011,material,material,Ceramic Ink,reported,SRC-D3214E640515,https://collections.penn.museum/collections/object/128124
IBI-AB9C12C9719A,biblical_quotations,biblical_intertexts,"[""Isa. 40.12""]",reported,SRC-73C44B143A9D,"p. 158, distribution table, HS 3003"
IBI-AB9C12C9719A,current_or_reported_collection,location,"Frau Professor Hilprecht Collection, Jena",reported,SRC-73C44B143A9D,"p. 158, distribution table, HS 3003"
IBI-AB9C12C9719A,inscription_language,language,Jewish Babylonian Aramaic,reported,SRC-73C44B143A9D,"p. 158, distribution table, HS 3003"
IBI-ABAC40CC7E28,condition,condition,fragmentary,reported,SRC-3A8095B6D794,index entry MS2053/83
IBI-ABBCB8EAD162,current_location,location,Penn Museum,reported,SRC-BEF0BA9244E7,https://collections.penn.museum/collections/object/124556
IBI-ABBCB8EAD162,material,material,Ceramic; Ink,reported,SRC-BEF0BA9244E7,https://collections.penn.museum/collections/object/124556
IBI-ABBE8A2E6E8E,inscription_language,language,Mandaic,reported,SRC-72D809FB4249,text 106M; section pp. 103–146
IBI-ABCF1B285071,current_location,location,Penn Museum,reported,SRC-76255A1BD6F7,https://collections.penn.museum/collections/object/177894
IBI-ABCF1B285071,material,material,Ceramic; Ink,reported,SRC-76255A1BD6F7,https://collections.penn.museum/collections/object/177894
IBI-ABD1308F8400,condition,condition,fragmentary,reported,SRC-3A8095B6D794,index entry BM053A
IBI-ABDDBBFDA2B7,current_location,location,Penn Museum,reported,SRC-AC9713C0CEE4,https://collections.penn.museum/collections/object/66944
IBI-ABDDBBFDA2B7,material,material,Ceramic; Ink,reported,SRC-AC9713C0CEE4,https://collections.penn.museum/collections/object/66944
IBI-ABDE8A973358,condition,condition,Broken and mended; fragment missing.,reported,SRC-943673B56FB8,"Catalogue, text 20, printed p. 324; PDF p. 330; description column"
IBI-ABDE8A973358,current_or_reported_collection,location,Penn Museum,reported,SRC-943673B56FB8,"p. 324, item 20"
IBI-ABDE8A973358,dimensions,dimensions,height 7 cm; diameter 17 cm,reported,SRC-943673B56FB8,"p. 324, item 20"
IBI-ABDE8A973358,dimensions,dimensions,height 7 cm; diameter 17 cm,reported,SRC-943673B56FB8,"Catalogue, text 20, printed p. 324; PDF p. 330; size column (height by diameter)"
IBI-ABDE8A973358,findspot,provenance,Nippur,reported,SRC-943673B56FB8,"p. 324, item 20"
IBI-ABDE8A973358,inscription_language,language,Jewish Babylonian Aramaic,reported,SRC-943673B56FB8,"p. 324, item 20"
IBI-ABDE8A973358,publication_register_identifier,publication,CBS 16023,reported,SRC-943673B56FB8,"Catalogue, text 20, printed p. 324; PDF p. 330; catalogue number column"
IBI-AC196693433D,current_location,location,The British Museum,reported,SRC-3D4B57D27A24,Related objects: 1881-0714-3
IBI-AC196693433D,dating,dating,6thC-8thC,reported,SRC-3D4B57D27A24,Related objects: 1881-0714-3
IBI-AC196693433D,findspot,provenance,Excavated/Findspot: Tell Ibrahim (Kutha),reported,SRC-3D4B57D27A24,Related objects: 1881-0714-3
IBI-AC196693433D,period,dating,Late-Post Sasanian,reported,SRC-3D4B57D27A24,Related objects: 1881-0714-3
IBI-AC196693433D,production_place,provenance,"Made in: Iraq, South",reported,SRC-3D4B57D27A24,Related objects: 1881-0714-3
IBI-AC5D219BD84B,inscription_language,language,Syriac,reported,SRC-6D313A7AA389,"p. 1, item 16"
IBI-AC5D219BD84B,script,script,Syriac ‘Manichaean’ script,reported,SRC-6D313A7AA389,"p. 1, item 16"
IBI-ACA1B364B420,catalogue_language_codes,language,heb,reported,SRC-7E7849278752,MMS 997008712397105171
IBI-ACA1B364B420,current_location,location,"National Library of Israel, Jerusalem",reported,SRC-7E7849278752,MMS 997008712397105171
IBI-ACA1B364B420,dating,dating,400–899 CE,reported,SRC-7E7849278752,MMS 997008712397105171
IBI-ACA1B364B420,dimensions,dimensions,Height 60 mm; source field ‘הקף’ 182 mm,reported,SRC-7E7849278752,MMS 997008712397105171
IBI-ACAABD6937E2,current_location,location,Penn Museum,reported,SRC-4C2E6EE4DB03,https://collections.penn.museum/collections/object/202637
IBI-ACAABD6937E2,material,material,Ceramic; Ink,reported,SRC-4C2E6EE4DB03,https://collections.penn.museum/collections/object/202637
IBI-ACB82EA70EC5,catalogue_language_codes,language,heb,reported,SRC-4076DEE75C61,MMS 997008712408605171
IBI-ACB82EA70EC5,current_location,location,"National Library of Israel, Jerusalem",reported,SRC-4076DEE75C61,MMS 997008712408605171
IBI-ACB82EA70EC5,dating,dating,400–899 CE,reported,SRC-4076DEE75C61,MMS 997008712408605171
IBI-ACB82EA70EC5,dimensions,dimensions,Height 57 mm; source field ‘הקף’ 192 mm,reported,SRC-4076DEE75C61,MMS 997008712408605171
IBI-ACEE815450B1,current_location,location,Penn Museum,reported,SRC-5DB206E51D0C,https://collections.penn.museum/collections/object/54421
IBI-ACEE815450B1,material,material,Ceramic; Ink,reported,SRC-5DB206E51D0C,https://collections.penn.museum/collections/object/54421
IBI-AD368E360A02,current_location,location,Penn Museum,reported,SRC-2657FE1E4B18,https://collections.penn.museum/collections/object/19331
IBI-AD368E360A02,material,material,Ceramic; Ink,reported,SRC-2657FE1E4B18,https://collections.penn.museum/collections/object/19331
IBI-AD36E9223E31,inscription_language,language,Aramaic,reported,SRC-72D809FB4249,text 072A; section pp. 43–102
IBI-AD8EFB15E4A0,clients,client,Nanai daughter of In; Ihana son of Shisha,reported,SRC-292E3E15363B,MS 1911/2
IBI-AD8EFB15E4A0,current_location,location,The Schøyen Collection,reported,SRC-292E3E15363B,MS 1911/2
IBI-AD8EFB15E4A0,dating,dating,5th–7th century CE,reported,SRC-292E3E15363B,MS 1911/2
IBI-AD8EFB15E4A0,dimensions,dimensions,19.0 × 7.5 cm,reported,SRC-292E3E15363B,MS 1911/2
IBI-AD8EFB15E4A0,inscription_extent,text_form,44 lines in three blocks,reported,SRC-292E3E15363B,MS 1911/2
IBI-AD8EFB15E4A0,inscription_language,language,Mandaic,reported,SRC-292E3E15363B,MS 1911/2
IBI-AD8EFB15E4A0,material,material,Clay,reported,SRC-292E3E15363B,MS 1911/2
IBI-AD8EFB15E4A0,origin,provenance,Near East; page broadly lists Iran/Mesopotamia/Syria/Jordan,reported,SRC-292E3E15363B,MS 1911/2
IBI-AE37F6937004,condition,condition,fragmentary,reported,SRC-3A8095B6D794,index entry BM052A
IBI-AE52679A7DB6,inscription_language,language,Aramaic,reported,SRC-72D809FB4249,text 042A; section pp. 43–102
IBI-AE6ED79D0B9E,biblical_quotation,biblical_intertexts,Zechariah 3:2,reported,SRC-C54888E36130,MS 2053/196 context: MS 2053/66
IBI-AE6ED79D0B9E,current_location,location,The Schøyen Collection,reported,SRC-C54888E36130,MS 2053/196 context: MS 2053/66
IBI-AE853E6EB337,biblical_quotations,biblical_intertexts,"[""Ps. 46.8"", ""Ps. 86.5""]",reported,SRC-73C44B143A9D,"p. 156, distribution table, VA 2509"
IBI-AE853E6EB337,current_or_reported_collection,location,"Vorderasiatisches Museum, Berlin",reported,SRC-73C44B143A9D,"p. 156, distribution table, VA 2509"
IBI-AE853E6EB337,inscription_language,language,Jewish Babylonian Aramaic,reported,SRC-73C44B143A9D,"p. 156, distribution table, VA 2509"
IBI-AEB653AF5AB5,script,script,Pseudo-script,reported,SRC-72D809FB4249,text 137Ps; section pp. 150–162
IBI-AF04A429BAE6,biblical_quotations,biblical_intertexts,"[""Isa. 40.13""]",reported,SRC-73C44B143A9D,"p. 159, distribution table, Aaron E"
IBI-AF04A429BAE6,inscription_language,language,Jewish Babylonian Aramaic,reported,SRC-73C44B143A9D,"p. 159, distribution table, Aaron E"
IBI-AFC832AD66CF,catalogue_language_codes,language,heb,reported,SRC-7E1BE28B0A13,MMS 997008712401205171
IBI-AFC832AD66CF,current_location,location,"National Library of Israel, Jerusalem",reported,SRC-7E1BE28B0A13,MMS 997008712401205171
IBI-AFC832AD66CF,dating,dating,400–899 CE,reported,SRC-7E1BE28B0A13,MMS 997008712401205171
IBI-AFC832AD66CF,dimensions,dimensions,Height 69 mm; source field ‘הקף’ 160 mm,reported,SRC-7E1BE28B0A13,MMS 997008712401205171
IBI-AFDF57CFF3FF,catalogue_language_codes,language,heb,reported,SRC-D1206E301627,MMS 997008712547405171
IBI-AFDF57CFF3FF,current_location,location,"National Library of Israel, Jerusalem",reported,SRC-D1206E301627,MMS 997008712547405171
IBI-AFDF57CFF3FF,dating,dating,400–899 CE,reported,SRC-D1206E301627,MMS 997008712547405171
IBI-AFDF57CFF3FF,dimensions,dimensions,Height 80 mm; source field ‘הקף’ 174 mm,reported,SRC-D1206E301627,MMS 997008712547405171
IBI-AFEF49A1A7FB,current_location,location,Penn Museum,reported,SRC-C3627F15C24C,https://collections.penn.museum/collections/object/226862
IBI-AFEF49A1A7FB,material,material,Ceramic; Ink,reported,SRC-C3627F15C24C,https://collections.penn.museum/collections/object/226862
IBI-B013DF222B9B,current_location,location,"Hetjens-Museum – Deutsches Keramikmuseum, Düsseldorf",reported,SRC-3B45D352EBFC,DDB item T4U6BPHOZYQQAUXABQH67R3ZNFHY55NX
IBI-B013DF222B9B,dating,dating,7th century CE,reported,SRC-3B45D352EBFC,DDB item T4U6BPHOZYQQAUXABQH67R3ZNFHY55NX
IBI-B013DF222B9B,dimensions,dimensions,Height 7 cm; diameter 16 cm,reported,SRC-3B45D352EBFC,DDB item T4U6BPHOZYQQAUXABQH67R3ZNFHY55NX
IBI-B013DF222B9B,inscription_extent,text_form,Six rows inside; signs approximately 1 cm high,reported,SRC-3B45D352EBFC,DDB item T4U6BPHOZYQQAUXABQH67R3ZNFHY55NX
IBI-B013DF222B9B,material,material,Unglazed earthenware,reported,SRC-3B45D352EBFC,DDB item T4U6BPHOZYQQAUXABQH67R3ZNFHY55NX
IBI-B013DF222B9B,origin,provenance,Mesopotamia,reported,SRC-3B45D352EBFC,DDB item T4U6BPHOZYQQAUXABQH67R3ZNFHY55NX
IBI-B03AFE28F0B9,catalogue_language_codes,language,heb,reported,SRC-472DA9D32769,MMS 997008712402505171
IBI-B03AFE28F0B9,current_location,location,"National Library of Israel, Jerusalem",reported,SRC-472DA9D32769,MMS 997008712402505171
IBI-B03AFE28F0B9,dating,dating,400–899 CE,reported,SRC-472DA9D32769,MMS 997008712402505171
IBI-B03AFE28F0B9,dimensions,dimensions,Height 69 mm; source field ‘הקף’ 159 mm,reported,SRC-472DA9D32769,MMS 997008712402505171
IBI-B05ED8D498A4,inscription_language,language,Mandaic,reported,SRC-72D809FB4249,text 082M; section pp. 103–146
IBI-B0928AD8794F,catalogue_language_codes,language,heb,reported,SRC-76D41F29691C,MMS 997008712398605171
IBI-B0928AD8794F,current_location,location,"National Library of Israel, Jerusalem",reported,SRC-76D41F29691C,MMS 997008712398605171
IBI-B0928AD8794F,dating,dating,400–899 CE,reported,SRC-76D41F29691C,MMS 997008712398605171
IBI-B0928AD8794F,dimensions,dimensions,Height 62 mm; source field ‘הקף’ 178 mm,reported,SRC-76D41F29691C,MMS 997008712398605171
IBI-B0EE89AC95F3,catalogue_language_codes,language,heb,reported,SRC-D6A39C85BB80,MMS 997008712545905171
IBI-B0EE89AC95F3,current_location,location,"National Library of Israel, Jerusalem",reported,SRC-D6A39C85BB80,MMS 997008712545905171
IBI-B0EE89AC95F3,dating,dating,400–899 CE,reported,SRC-D6A39C85BB80,MMS 997008712545905171
IBI-B0EE89AC95F3,dimensions,dimensions,Height 70 mm; source field ‘הקף’ 177 mm,reported,SRC-D6A39C85BB80,MMS 997008712545905171
IBI-B0F71190A97E,inscription_language,language,Mandaic,reported,SRC-72D809FB4249,text 090M; section pp. 103–146
IBI-B169DA581974,inscription_language,language,Aramaic,reported,SRC-72D809FB4249,text 058A; section pp. 43–102
IBI-B16BA47EFA4E,biblical_quotations,biblical_intertexts,"[""Zech. 3.2"", ""Num. 12.13""]",reported,SRC-73C44B143A9D,"p. 158, distribution table, JBA 108"
IBI-B16BA47EFA4E,current_or_reported_collection,location,The Schøyen Collection,reported,SRC-73C44B143A9D,"p. 158, distribution table, JBA 108"
IBI-B16BA47EFA4E,inscription_language,language,Jewish Babylonian Aramaic,reported,SRC-73C44B143A9D,"p. 158, distribution table, JBA 108"
IBI-B19BB6350226,current_or_reported_collection,location,"Frau Professor Hilprecht Collection, Jena",reported,SRC-6D313A7AA389,"p. 2, item 23"
IBI-B19BB6350226,inscription_language,language,Syriac,reported,SRC-6D313A7AA389,"p. 2, item 23"
IBI-B19BB6350226,script,script,Syriac ‘Manichaean’ script,reported,SRC-6D313A7AA389,"p. 2, item 23"
IBI-B1C3E7EF20DA,current_location,location,Penn Museum,reported,SRC-B6E21F06D34B,https://collections.penn.museum/collections/object/51264
IBI-B1C3E7EF20DA,material,material,Ceramic Ink,reported,SRC-B6E21F06D34B,https://collections.penn.museum/collections/object/51264
IBI-B1DB244ADA9C,current_location,location,Penn Museum,reported,SRC-B289E0430BDE,https://collections.penn.museum/collections/object/112781
IBI-B1DB244ADA9C,material,material,Ceramic; Ink,reported,SRC-B289E0430BDE,https://collections.penn.museum/collections/object/112781
IBI-B1DFAA8ED8D6,inscription_language,language,Aramaic,reported,SRC-72D809FB4249,text 007A; section pp. 43–102
IBI-B205D4EC9A30,biblical_quotations,biblical_intertexts,"[""Exod. 3.15""]",reported,SRC-73C44B143A9D,"p. 157, distribution table, JBA 15"
IBI-B205D4EC9A30,bibliography,publication,"Ford 2014 commentary on Shaked–Ford–Bhayro 2013, JBA 15",reported,SRC-FORD2014-AUOR,"Commentary on JBA 15, Ford 2014 pp. 236"
IBI-B205D4EC9A30,current_or_reported_collection,location,The Schøyen Collection,reported,SRC-73C44B143A9D,"p. 157, distribution table, JBA 15"
IBI-B205D4EC9A30,inscription_language,language,Jewish Babylonian Aramaic,reported,SRC-73C44B143A9D,"p. 157, distribution table, JBA 15"
IBI-B205D4EC9A30,text_feature,text_description,Ford reports: Existing reading defended on semantic grounds.,reported,SRC-FORD2014-AUOR,pp. 236; JBA 15:3
IBI-B21BBD2D972C,catalogue_language_codes,language,heb,reported,SRC-99B4DABF5368,MMS 997008712400505171
IBI-B21BBD2D972C,current_location,location,"National Library of Israel, Jerusalem",reported,SRC-99B4DABF5368,MMS 997008712400505171
IBI-B21BBD2D972C,dating,dating,400–899 CE,reported,SRC-99B4DABF5368,MMS 997008712400505171
IBI-B21BBD2D972C,dimensions,dimensions,Height 78 mm; source field ‘הקף’ 158 mm,reported,SRC-99B4DABF5368,MMS 997008712400505171
IBI-B26C2EDB70C1,current_or_reported_collection,location,"Frau Professor Hilprecht Collection, Jena",reported,SRC-6D313A7AA389,"p. 2, item 25"
IBI-B26C2EDB70C1,inscription_language,language,Syriac,reported,SRC-6D313A7AA389,"p. 2, item 25"
IBI-B26C2EDB70C1,script,script,Syriac ‘Manichaean’ script,reported,SRC-6D313A7AA389,"p. 2, item 25"
IBI-B27D20C6DBDD,catalogue_language_codes,language,heb,reported,SRC-E07567D0FC48,MMS 997008712401505171
IBI-B27D20C6DBDD,current_location,location,"National Library of Israel, Jerusalem",reported,SRC-E07567D0FC48,MMS 997008712401505171
IBI-B27D20C6DBDD,dating,dating,400–899 CE,reported,SRC-E07567D0FC48,MMS 997008712401505171
IBI-B27D20C6DBDD,dimensions,dimensions,Height 63 mm; source field ‘הקף’ 165 mm,reported,SRC-E07567D0FC48,MMS 997008712401505171
IBI-B2B63E5644A3,catalogue_language_codes,language,heb,reported,SRC-BE430C79E5EB,MMS 997008712407305171
IBI-B2B63E5644A3,current_location,location,"National Library of Israel, Jerusalem",reported,SRC-BE430C79E5EB,MMS 997008712407305171
IBI-B2B63E5644A3,dating,dating,400–899 CE,reported,SRC-BE430C79E5EB,MMS 997008712407305171
IBI-B2B63E5644A3,dimensions,dimensions,Height 70 mm; source field ‘הקף’ 158 mm,reported,SRC-BE430C79E5EB,MMS 997008712407305171
IBI-B3373DC80437,current_location,location,Penn Museum,reported,SRC-9B55064A8A46,https://collections.penn.museum/collections/object/273533
IBI-B3373DC80437,material,material,Ceramic Ink,reported,SRC-9B55064A8A46,https://collections.penn.museum/collections/object/273533
IBI-B344613F0FDC,current_location,location,Penn Museum,reported,SRC-5C78BBC82960,https://collections.penn.museum/collections/object/86242
IBI-B344613F0FDC,material,material,Ceramic; Ink,reported,SRC-5C78BBC82960,https://collections.penn.museum/collections/object/86242
IBI-B3482BD0CA0B,current_location,location,Penn Museum,reported,SRC-9DD4A70B38AD,https://collections.penn.museum/collections/object/8794
IBI-B3482BD0CA0B,material,material,Ceramic; Ink,reported,SRC-9DD4A70B38AD,https://collections.penn.museum/collections/object/8794
IBI-B3655A59BF77,condition,condition,fragmentary,reported,SRC-3A8095B6D794,index entry BM054A
IBI-B36E5BE78B3E,current_location,location,The British Museum,reported,SRC-3D4B57D27A24,Related objects: 1881-0714-4
IBI-B36E5BE78B3E,dating,dating,6thC-8thC,reported,SRC-3D4B57D27A24,Related objects: 1881-0714-4
IBI-B36E5BE78B3E,findspot,provenance,Excavated/Findspot: Tell Ibrahim (Kutha),reported,SRC-3D4B57D27A24,Related objects: 1881-0714-4
IBI-B36E5BE78B3E,period,dating,Late-Post Sasanian,reported,SRC-3D4B57D27A24,Related objects: 1881-0714-4
IBI-B36E5BE78B3E,production_place,provenance,Made in: Iraq,reported,SRC-3D4B57D27A24,Related objects: 1881-0714-4
IBI-B3CD7FB74C71,current_location,location,The British Museum,reported,SRC-3D4B57D27A24,Related objects: 1886-0109-1
IBI-B3CD7FB74C71,dating,dating,6thC-8thC,reported,SRC-3D4B57D27A24,Related objects: 1886-0109-1
IBI-B3CD7FB74C71,findspot,provenance,"Found/Acquired: Iraq, South",reported,SRC-3D4B57D27A24,Related objects: 1886-0109-1
IBI-B3CD7FB74C71,period,dating,Late-Post Sasanian,reported,SRC-3D4B57D27A24,Related objects: 1886-0109-1
IBI-B3CD7FB74C71,production_place,provenance,Made in: Iraq,reported,SRC-3D4B57D27A24,Related objects: 1886-0109-1
IBI-B3F953DD9F79,current_location,location,Penn Museum,reported,SRC-919E6B2FEA91,https://collections.penn.museum/collections/object/327632
IBI-B3F953DD9F79,material,material,Ceramic; Ink,reported,SRC-919E6B2FEA91,https://collections.penn.museum/collections/object/327632
IBI-B43401C954BF,inscription_language,language,Mandaic,reported,SRC-72D809FB4249,text 105M; section pp. 103–146
IBI-B475D78A6EA0,current_location,location,Penn Museum,reported,SRC-A8F8E153B254,https://collections.penn.museum/collections/object/80457
IBI-B475D78A6EA0,material,material,Ceramic; Ink,reported,SRC-A8F8E153B254,https://collections.penn.museum/collections/object/80457
IBI-B49080BDD117,inscription_language,language,Aramaic,reported,SRC-72D809FB4249,text 014A; section pp. 43–102
IBI-B4B929069FC4,current_location,location,The British Museum,reported,SRC-3D4B57D27A24,Related objects: 1980-0415-31-b
IBI-B4B929069FC4,dating,dating,6thC-8thC,reported,SRC-3D4B57D27A24,Related objects: 1980-0415-31-b
IBI-B4B929069FC4,findspot,provenance,Found/Acquired: Iraq,reported,SRC-3D4B57D27A24,Related objects: 1980-0415-31-b
IBI-B4B929069FC4,period,dating,Late-Post Sasanian,reported,SRC-3D4B57D27A24,Related objects: 1980-0415-31-b
IBI-B4B929069FC4,production_place,provenance,Made in: Iraq,reported,SRC-3D4B57D27A24,Related objects: 1980-0415-31-b
IBI-B4F1979F5412,current_location,location,The British Museum,reported,SRC-3D4B57D27A24,Related objects: 1980-0415-31-c
IBI-B4F1979F5412,dating,dating,6thC-8thC,reported,SRC-3D4B57D27A24,Related objects: 1980-0415-31-c
IBI-B4F1979F5412,findspot,provenance,Found/Acquired: Iraq,reported,SRC-3D4B57D27A24,Related objects: 1980-0415-31-c
IBI-B4F1979F5412,period,dating,Late-Post Sasanian,reported,SRC-3D4B57D27A24,Related objects: 1980-0415-31-c
IBI-B4F1979F5412,production_place,provenance,Made in: Iraq,reported,SRC-3D4B57D27A24,Related objects: 1980-0415-31-c
IBI-B4F65386FB8A,current_location,location,Penn Museum,reported,SRC-311A012043F3,https://collections.penn.museum/collections/object/267458
IBI-B4F65386FB8A,material,material,Ceramic Ink,reported,SRC-311A012043F3,https://collections.penn.museum/collections/object/267458
IBI-B4FBA6461813,catalogue_concordance,publication,"Segal 2000, text 139P (catalogue contents siglum 139Ps)",reported,SRC-0BC03D117630,object W_1914-0404-3255
IBI-B4FBA6461813,condition,condition,Fair,reported,SRC-0BC03D117630,object W_1914-0404-3255
IBI-B4FBA6461813,current_location,location,The British Museum,reported,SRC-0BC03D117630,object W_1914-0404-3255
IBI-B4FBA6461813,current_location,location,The British Museum; on display in Room 1 at time of access,reported,SRC-0BC03D117630,object W_1914-0404-3255
IBI-B4FBA6461813,dating,dating,6th–7th century CE,reported,SRC-0BC03D117630,object W_1914-0404-3255
IBI-B4FBA6461813,dating,dating,6thC–7thC,reported,SRC-0BC03D117630,object W_1914-0404-3255
IBI-B4FBA6461813,dimensions,dimensions,Base diameter 5.00 cm; exterior rim diameter 15.20 cm; top rim diameter 14.50 cm; depth 5.90 cm,reported,SRC-0BC03D117630,object W_1914-0404-3255
IBI-B4FBA6461813,dimensions,dimensions,Base diameter 5 cm; exterior rim diameter 15.20 cm; top rim diameter 14.50 cm; depth 5.90 cm,reported,SRC-0BC03D117630,object W_1914-0404-3255
IBI-B4FBA6461813,iconography,visual,Fish painted on interior base,reported,SRC-0BC03D117630,object W_1914-0404-3255
IBI-B4FBA6461813,inscription_language,language,Pseudo-script,reported,SRC-0BC03D117630,object W_1914-0404-3255
IBI-B4FBA6461813,material,material,Pottery,reported,SRC-0BC03D117630,object W_1914-0404-3255
IBI-B4FBA6461813,material,material,pottery,reported,SRC-0BC03D117630,object W_1914-0404-3255
IBI-B4FBA6461813,period,dating,Late Sasanian,reported,SRC-0BC03D117630,object W_1914-0404-3255
IBI-B4FBA6461813,production_place,provenance,Iraq,reported,SRC-0BC03D117630,object W_1914-0404-3255
IBI-B4FBA6461813,script,script,Pseudo-script,reported,SRC-0BC03D117630,object W_1914-0404-3255
IBI-B5001D54F31B,condition,condition,fragmentary,reported,SRC-3A8095B6D794,index entry BM059A
IBI-B54D497CC676,condition,condition,Perfect bowl; characters much obliterated.,reported,SRC-943673B56FB8,"Catalogue, text 9, printed p. 322; PDF p. 328; description column"
IBI-B54D497CC676,current_or_reported_collection,location,Penn Museum,reported,SRC-943673B56FB8,"p. 322, item 9"
IBI-B54D497CC676,dimensions,dimensions,height 6 cm; diameter 17.7 cm,reported,SRC-943673B56FB8,"Catalogue, text 9, printed p. 322; PDF p. 328; size column (height by diameter)"
IBI-B54D497CC676,dimensions,dimensions,height 6 cm; diameter 17.7 cm,reported,SRC-943673B56FB8,"p. 322, item 9"
IBI-B54D497CC676,findspot,provenance,Nippur,reported,SRC-943673B56FB8,"p. 322, item 9"
IBI-B54D497CC676,inscription_language,language,Jewish Babylonian Aramaic,reported,SRC-943673B56FB8,"p. 322, item 9"
IBI-B54D497CC676,publication_register_identifier,publication,CBS 9010,reported,SRC-943673B56FB8,"Catalogue, text 9, printed p. 322; PDF p. 328; catalogue number column"
IBI-B5772A1804A9,handwriting_attribution,practitioner,Dukhtīč daughter of Bahāroy,reported,SRC-A90AB34CA3FE,"p. 134, note 546"
IBI-B5772A1804A9,inscription_language,language,Jewish Babylonian Aramaic,reported,SRC-A90AB34CA3FE,"p. 134, note 546"
IBI-B5772A1804A9,publication_status,publication,Unpublished,reported,SRC-A90AB34CA3FE,"p. 134, note 546"
IBI-B57A039113F9,script,script,Pseudo-script,reported,SRC-72D809FB4249,text 139Ps; section pp. 150–162
IBI-B5C397BC11F8,culture,dating,Sasanian,reported,SRC-AD848812B666,https://www.metmuseum.org/art/collection/search/321885
IBI-B5C397BC11F8,current_location,location,"Metropolitan Museum of Art, New York, NY",reported,SRC-AD848812B666,https://www.metmuseum.org/art/collection/search/321885
IBI-B5C397BC11F8,dating,dating,ca. 5th–6th century CE,reported,SRC-AD848812B666,https://www.metmuseum.org/art/collection/search/321885
IBI-B5C397BC11F8,dimensions,dimensions,2 1/8 × 5 3/8 × 5 3/8 in. (5.4 × 13.6 × 13.6 cm),reported,SRC-AD848812B666,https://www.metmuseum.org/art/collection/search/321885
IBI-B5C397BC11F8,geography,provenance,Mesopotamia,reported,SRC-AD848812B666,https://www.metmuseum.org/art/collection/search/321885
IBI-B5C397BC11F8,inscription_language,language,Aramaic,reported,SRC-AD848812B666,https://www.metmuseum.org/art/collection/search/321885
IBI-B5C397BC11F8,material,material,"Ceramic, paint",reported,SRC-AD848812B666,https://www.metmuseum.org/art/collection/search/321885
IBI-B5C397BC11F8,period,dating,Sasanian,reported,SRC-AD848812B666,https://www.metmuseum.org/art/collection/search/321885
IBI-B5C397BC11F8,provenance_summary,provenance,"Purchase, 1886",reported,SRC-AD848812B666,https://www.metmuseum.org/art/collection/search/321885
IBI-B5F2095272AE,catalogue_language_codes,language,heb,reported,SRC-9D292A182A36,MMS 997008712399105171
IBI-B5F2095272AE,current_location,location,"National Library of Israel, Jerusalem",reported,SRC-9D292A182A36,MMS 997008712399105171
IBI-B5F2095272AE,dating,dating,400–899 CE,reported,SRC-9D292A182A36,MMS 997008712399105171
IBI-B5F2095272AE,dimensions,dimensions,Height 68 mm; source field ‘הקף’ 172 mm,reported,SRC-9D292A182A36,MMS 997008712399105171
IBI-B6246E14776E,condition,condition,Perfect except for a fracture not touching the text.,reported,SRC-943673B56FB8,"Catalogue, text 6, printed p. 322; PDF p. 328; description column"
IBI-B6246E14776E,current_or_reported_collection,location,Penn Museum,reported,SRC-943673B56FB8,"p. 322, item 6"
IBI-B6246E14776E,dimensions,dimensions,height 6 cm; diameter 15.8 cm,reported,SRC-943673B56FB8,"p. 322, item 6"
IBI-B6246E14776E,dimensions,dimensions,height 6 cm; diameter 15.8 cm,reported,SRC-943673B56FB8,"Catalogue, text 6, printed p. 322; PDF p. 328; size column (height by diameter)"
IBI-B6246E14776E,findspot,provenance,Nippur,reported,SRC-943673B56FB8,"p. 322, item 6"
IBI-B6246E14776E,inscription_language,language,Jewish Babylonian Aramaic,reported,SRC-943673B56FB8,"p. 322, item 6"
IBI-B6246E14776E,publication_register_identifier,publication,CBS 2916,reported,SRC-943673B56FB8,"Catalogue, text 6, printed p. 322; PDF p. 328; catalogue number column"
IBI-B6711673FBFD,inscription_language,language,Aramaic,reported,SRC-72D809FB4249,text 012A; section pp. 43–102
IBI-B6AABE2F395E,current_location,location,"Kelsey Museum of Archaeology, Ann Arbor",reported,SRC-D16E3E4042E1,work record 574086; image record 1366285
IBI-B6AABE2F395E,dimensions,dimensions,5 × 16.5 cm,reported,SRC-D16E3E4042E1,work record 574086; image record 1366285
IBI-B6AABE2F395E,findspot,provenance,"Seleucia, Iraq",reported,SRC-D16E3E4042E1,work record 574086; image record 1366285
IBI-B6AABE2F395E,material,material,Clay / ceramic,reported,SRC-D16E3E4042E1,work record 574086; image record 1366285
IBI-B6AABE2F395E,period,dating,Parthian,reported,SRC-D16E3E4042E1,work record 574086; image record 1366285
IBI-B6AABE2F395E,script_or_language,language,Persian language (VRC subject metadata),reported,SRC-D16E3E4042E1,work record 574086; image record 1366285
IBI-B6B1F6551CBD,current_location,location,Penn Museum,reported,SRC-7739CD103A79,https://collections.penn.museum/collections/object/322449
IBI-B6B1F6551CBD,material,material,Ceramic Ink,reported,SRC-7739CD103A79,https://collections.penn.museum/collections/object/322449
IBI-B72C2B4661EE,inscription_language,language,Mandaic,reported,SRC-72D809FB4249,text 097M; section pp. 103–146
IBI-B73092679452,current_location,location,"Frau Professor Hilprecht Collection, Friedrich Schiller University Jena",reported,SRC-05619C73E4FD,dc00001097
IBI-B73092679452,dating,dating,500–700 CE,reported,SRC-05619C73E4FD,dc00001097
IBI-B73092679452,dimensions,dimensions,Height 4.5 cm; diameter 6 cm,reported,SRC-05619C73E4FD,dc00001097
IBI-B73092679452,findspot,provenance,"Nippur, Iraq",reported,SRC-05619C73E4FD,dc00001097
IBI-B74372055B1B,biblical_quotations,biblical_intertexts,"[""Gen. 49.22""]",reported,SRC-73C44B143A9D,"p. 159, distribution table, M 5"
IBI-B74372055B1B,current_or_reported_collection,location,Moussaieff Collection,reported,SRC-73C44B143A9D,"p. 159, distribution table, M 5"
IBI-B74372055B1B,inscription_language,language,Jewish Babylonian Aramaic,reported,SRC-73C44B143A9D,"p. 159, distribution table, M 5"
IBI-B75AF2D8983C,current_location,location,"Ābgīne Museum, Tehran",reported,SRC-F09573688FD1,abstract; object 110–S
IBI-B75AF2D8983C,dating,dating,6th–7th centuries CE,probable,SRC-F09573688FD1,abstract; object 110–S
IBI-B75AF2D8983C,inscription_language,language,Mandaic,reported,SRC-F09573688FD1,abstract; object 110–S
IBI-B75AF2D8983C,material,material,Earthenware,reported,SRC-F09573688FD1,abstract; object 110–S
IBI-B75AF2D8983C,text_layout,text_form,Four segments,reported,SRC-F09573688FD1,abstract; object 110–S
IBI-B76674787AA7,current_location,location,Penn Museum,reported,SRC-ABE0A4D150BF,https://collections.penn.museum/collections/object/284364
IBI-B76674787AA7,dimensions,dimensions,height 7 cm; outside diameter 18 cm,reported,SRC-ABE0A4D150BF,https://collections.penn.museum/collections/object/284364; Details table; observed 2026-09-05T14:30:34.930Z; Height and Outside Diameter
IBI-B76674787AA7,material,material,Ceramic; Ink,reported,SRC-ABE0A4D150BF,https://collections.penn.museum/collections/object/284364
IBI-B7981E70CCE1,current_location,location,"Ābgīne Museum, Tehran",reported,SRC-F09573688FD1,abstract; object 627–S
IBI-B7981E70CCE1,dating,dating,6th–7th centuries CE,probable,SRC-F09573688FD1,abstract; object 627–S
IBI-B7981E70CCE1,inscription_language,language,Mandaic,reported,SRC-F09573688FD1,abstract; object 627–S
IBI-B7981E70CCE1,material,material,Earthenware,reported,SRC-F09573688FD1,abstract; object 627–S
IBI-B7981E70CCE1,text_layout,text_form,Spiral,reported,SRC-F09573688FD1,abstract; object 627–S
IBI-B7DE88C662A8,current_location,location,"British Museum, London",reported,SRC-1A922C3F041F,bowl BM 91767
IBI-B7DE88C662A8,inscription_language,language,Jewish Babylonian Aramaic,reported,SRC-1A922C3F041F,bowl BM 91767
IBI-B8152163710F,current_location,location,"Museu da Farmácia, Lisbon",reported,SRC-0D8C4983AED9,bowl MFL 10895
IBI-B8152163710F,inscription_language,language,Aramaic,reported,SRC-0D8C4983AED9,bowl MFL 10895
IBI-B8152163710F,text_purpose,ritual,Fertility and success in childbirth,reported,SRC-0D8C4983AED9,bowl MFL 10895
IBI-B8589C86CB61,current_location,location,Penn Museum,reported,SRC-F9433CD2204F,https://collections.penn.museum/collections/object/180736
IBI-B8589C86CB61,material,material,Ceramic Ink,reported,SRC-F9433CD2204F,https://collections.penn.museum/collections/object/180736
IBI-B860E80111E3,client,client,Pabak bar Kufithai and his household,reported,SRC-F168D061C401,Incantation Bowls label: Penn B2923
IBI-B860E80111E3,current_location,location,"Penn Museum, University of Pennsylvania",reported,SRC-F168D061C401,Incantation Bowls label: Penn B2923
IBI-B860E80111E3,dating,dating,ca. 5th–7th century CE,reported,SRC-F168D061C401,Incantation Bowls label: Penn B2923
IBI-B860E80111E3,findspot,provenance,"Nippur, Iraq",reported,SRC-F168D061C401,Incantation Bowls label: Penn B2923
IBI-B860E80111E3,iconography,visual,Unbound figure interpreted as either a demon or a sorcerer waving a branch,reported,SRC-F168D061C401,Incantation Bowls label: Penn B2923
IBI-B860E80111E3,inscription_language,language,Jewish Babylonian Aramaic,reported,SRC-F168D061C401,Incantation Bowls label: Penn B2923
IBI-B86B0E550724,current_location,location,The British Museum,reported,SRC-3D4B57D27A24,Related objects: 1914-0214-48
IBI-B86B0E550724,dating,dating,6thC-8thC,reported,SRC-3D4B57D27A24,Related objects: 1914-0214-48
IBI-B86B0E550724,findspot,provenance,Found/Acquired: Khorsabad,reported,SRC-3D4B57D27A24,Related objects: 1914-0214-48
IBI-B86B0E550724,period,dating,Late-Post Sasanian,reported,SRC-3D4B57D27A24,Related objects: 1914-0214-48
IBI-B86B0E550724,production_place,provenance,Made in: Iraq,reported,SRC-3D4B57D27A24,Related objects: 1914-0214-48
IBI-B86B9878F345,current_location,location,Penn Museum,reported,SRC-8C3D3D8BF3F2,https://collections.penn.museum/collections/object/59666
IBI-B86B9878F345,material,material,Ceramic; Ink,reported,SRC-8C3D3D8BF3F2,https://collections.penn.museum/collections/object/59666
IBI-B8793C833977,inscription_language,language,Aramaic,reported,SRC-72D809FB4249,text 046A; section pp. 43–102
IBI-B8B09844C8B9,findspot,provenance,"Tell Khafaje, Iraq",reported,SRC-FF4308945F0F,pp. 79–81
IBI-B8B09844C8B9,inscription_language,language,Jewish Aramaic,reported,SRC-FF4308945F0F,pp. 79–81
IBI-B8B09844C8B9,text_feature,text_description,Mentions Sargon and an angelic intercessor,reported,SRC-FF4308945F0F,pp. 79–81
IBI-B8D8FA942816,client,client,Yaqray and Pusiqyah,reported,SRC-815C148CDE83,object W_1851-0903-3
IBI-B8D8FA942816,condition,condition,Fair; rim damaged,reported,SRC-815C148CDE83,object W_1851-0903-3
IBI-B8D8FA942816,current_location,location,The British Museum,reported,SRC-815C148CDE83,object W_1851-0903-3
IBI-B8D8FA942816,current_location,location,The British Museum,reported,SRC-3D4B57D27A24,Related objects: 1851-0903-3
IBI-B8D8FA942816,dating,dating,6thC–8thC,reported,SRC-815C148CDE83,object W_1851-0903-3
IBI-B8D8FA942816,dating,dating,6thC-8thC,reported,SRC-3D4B57D27A24,Related objects: 1851-0903-3
IBI-B8D8FA942816,dimensions,dimensions,Diameter 15.60 cm; depth 5.90 cm,reported,SRC-815C148CDE83,object W_1851-0903-3
IBI-B8D8FA942816,findspot,provenance,Excavated/Findspot: Amran (Babylon),reported,SRC-3D4B57D27A24,Related objects: 1851-0903-3
IBI-B8D8FA942816,findspot,provenance,Amran (Babylon),reported,SRC-815C148CDE83,object W_1851-0903-3
IBI-B8D8FA942816,inscription_language,language,Aramaic,reported,SRC-815C148CDE83,object W_1851-0903-3
IBI-B8D8FA942816,material,material,pottery,reported,SRC-815C148CDE83,object W_1851-0903-3
IBI-B8D8FA942816,period,dating,Late-Post Sasanian,reported,SRC-3D4B57D27A24,Related objects: 1851-0903-3
IBI-B8D8FA942816,production_place,provenance,Made in: Iraq,reported,SRC-3D4B57D27A24,Related objects: 1851-0903-3
IBI-B92459BF5743,current_location,location,The British Museum,reported,SRC-3D4B57D27A24,Related objects: Rm-III-31
IBI-B92459BF5743,dating,dating,6thC-8thC,reported,SRC-3D4B57D27A24,Related objects: Rm-III-31
IBI-B92459BF5743,findspot,provenance,Excavated/Findspot: Babylon (historic - Iraq)  | Excavated/Findspot: Ibrahim al-Khalil (Borsippa),reported,SRC-3D4B57D27A24,Related objects: Rm-III-31
IBI-B92459BF5743,period,dating,Late-Post Sasanian,reported,SRC-3D4B57D27A24,Related objects: Rm-III-31
IBI-B92459BF5743,production_place,provenance,Made in: Iraq,reported,SRC-3D4B57D27A24,Related objects: Rm-III-31
IBI-B925657D4CFC,catalogue_language_codes,language,heb,reported,SRC-839E5208B414,MMS 997008712406505171
IBI-B925657D4CFC,current_location,location,"National Library of Israel, Jerusalem",reported,SRC-839E5208B414,MMS 997008712406505171
IBI-B925657D4CFC,dating,dating,400–899 CE,reported,SRC-839E5208B414,MMS 997008712406505171
IBI-B925657D4CFC,dimensions,dimensions,Height 68 mm; source field ‘הקף’ 178 mm,reported,SRC-839E5208B414,MMS 997008712406505171
IBI-B92E4622CE3B,collection_history,provenance,Donated by Avigdor Klagsbald,reported,SRC-BCC98AAE8C40,article: bowl 5 of seven-object Klagsbald donation
IBI-B92E4622CE3B,current_location,location,"National Library of Israel, Jerusalem",reported,SRC-BCC98AAE8C40,article: bowl 5 of seven-object Klagsbald donation
IBI-BA03C6123DFF,condition,condition,fragmentary,reported,SRC-3A8095B6D794,index entry BM073A
IBI-BA3BDCD8ECE9,catalogue_language_codes,language,heb,reported,SRC-14598C71E793,MMS 997008712547605171
IBI-BA3BDCD8ECE9,current_location,location,"National Library of Israel, Jerusalem",reported,SRC-14598C71E793,MMS 997008712547605171
IBI-BA3BDCD8ECE9,dating,dating,400–899 CE,reported,SRC-14598C71E793,MMS 997008712547605171
IBI-BA3BDCD8ECE9,dimensions,dimensions,Height 74 mm; source field ‘הקף’ 162 mm,reported,SRC-14598C71E793,MMS 997008712547605171
IBI-BA91CB9E218A,inscription_language,language,Aramaic,reported,SRC-72D809FB4249,text 073A; section pp. 43–102
IBI-BAA1A1373E41,current_location,location,"Frau Professor Hilprecht Collection, Friedrich Schiller University Jena",reported,SRC-6BA7308804FF,dc00000833
IBI-BAA1A1373E41,dating,dating,500–700 CE,reported,SRC-6BA7308804FF,dc00000833
IBI-BAA1A1373E41,dimensions,dimensions,Height 7.7 cm; diameter 17.7 cm,reported,SRC-6BA7308804FF,dc00000833
IBI-BAA1A1373E41,findspot,provenance,"Nippur, Iraq",reported,SRC-6BA7308804FF,dc00000833
IBI-BB0B566579F2,current_location,location,The British Museum,reported,SRC-3D4B57D27A24,Related objects: 1886-0109-6
IBI-BB0B566579F2,dating,dating,6thC-8thC,reported,SRC-3D4B57D27A24,Related objects: 1886-0109-6
IBI-BB0B566579F2,period,dating,Late-Post Sasanian,reported,SRC-3D4B57D27A24,Related objects: 1886-0109-6
IBI-BB0B566579F2,production_place,provenance,Made in: Iraq,reported,SRC-3D4B57D27A24,Related objects: 1886-0109-6
IBI-BB33CA3C9DF6,authenticity_assessment,authenticity_assessment,Originally considered a modern copy in 1958; British Museum curator's comments now state that the inscription's content establishes its authenticity.,reported,SRC-339D358761D2,object W_1957-0925-1
IBI-BB33CA3C9DF6,bibliography,publication,"Levene and Bohak (2012), ‘A Babylonian Jewish Aramaic Incantation Bowl with a List of Deities and Toponyms.’",reported,SRC-339D358761D2,object W_1957-0925-1
IBI-BB33CA3C9DF6,condition,condition,Complete,reported,SRC-339D358761D2,object W_1957-0925-1
IBI-BB33CA3C9DF6,current_location,location,The British Museum,reported,SRC-339D358761D2,object W_1957-0925-1
IBI-BB33CA3C9DF6,dating,dating,6th–7th century CE,reported,SRC-339D358761D2,object W_1957-0925-1
IBI-BB33CA3C9DF6,dimensions,dimensions,Diameter 21.20 cm; height 6.50 cm; rim thickness 0.50 cm,reported,SRC-339D358761D2,object W_1957-0925-1
IBI-BB33CA3C9DF6,findspot,provenance,Southern Iraq (?),uncertain,SRC-339D358761D2,object W_1957-0925-1
IBI-BB33CA3C9DF6,inscription_language,language,Jewish Babylonian Aramaic,reported,SRC-339D358761D2,object W_1957-0925-1
IBI-BB33CA3C9DF6,material,material,Ceramic,reported,SRC-339D358761D2,object W_1957-0925-1
IBI-BB33CA3C9DF6,period,dating,Late Sasanian,reported,SRC-339D358761D2,object W_1957-0925-1
IBI-BB33CA3C9DF6,production_place,provenance,Southern Iraq,reported,SRC-339D358761D2,object W_1957-0925-1
IBI-BB7E2D65B4F2,current_location,location,Penn Museum,reported,SRC-D04B87AB76D8,https://collections.penn.museum/collections/object/192680
IBI-BB7E2D65B4F2,material,material,Ceramic Ink,reported,SRC-D04B87AB76D8,https://collections.penn.museum/collections/object/192680
IBI-BB9AB54B13F3,current_location,location,Penn Museum,reported,SRC-021615946E57,https://collections.penn.museum/collections/object/47074
IBI-BB9AB54B13F3,material,material,Ceramic; Ink,reported,SRC-021615946E57,https://collections.penn.museum/collections/object/47074
IBI-BBAD14924234,inscription_language,language,Aramaic,reported,SRC-72D809FB4249,text 074A; section pp. 43–102
IBI-BBB46EF28115,current_location,location,"Ābgīne Museum, Tehran",reported,SRC-F09573688FD1,abstract; object 626–S
IBI-BBB46EF28115,dating,dating,6th–7th centuries CE,probable,SRC-F09573688FD1,abstract; object 626–S
IBI-BBB46EF28115,inscription_language,language,Mandaic,reported,SRC-F09573688FD1,abstract; object 626–S
IBI-BBB46EF28115,material,material,Earthenware,reported,SRC-F09573688FD1,abstract; object 626–S
IBI-BBB46EF28115,text_layout,text_form,Spiral,reported,SRC-F09573688FD1,abstract; object 626–S
IBI-BBD6713EFA40,catalogue_language_codes,language,heb,reported,SRC-54EF439A3C46,MMS 997008712406305171
IBI-BBD6713EFA40,current_location,location,"National Library of Israel, Jerusalem",reported,SRC-54EF439A3C46,MMS 997008712406305171
IBI-BBD6713EFA40,dating,dating,400–899 CE,reported,SRC-54EF439A3C46,MMS 997008712406305171
IBI-BBD6713EFA40,dimensions,dimensions,Height 25 mm; source field ‘הקף’ 95 mm,reported,SRC-54EF439A3C46,MMS 997008712406305171
IBI-BBF8DC8C2BCD,current_location,location,"Frau Professor Hilprecht Collection, Friedrich Schiller University Jena",reported,SRC-1287F81AAABD,dc00001094
IBI-BBF8DC8C2BCD,dating,dating,500–700 CE,reported,SRC-1287F81AAABD,dc00001094
IBI-BBF8DC8C2BCD,dimensions,dimensions,Height 7.9 cm; diameter 16.8 cm,reported,SRC-1287F81AAABD,dc00001094
IBI-BBF8DC8C2BCD,findspot,provenance,"Nippur, Iraq",reported,SRC-1287F81AAABD,dc00001094
IBI-BBF9CDFE55F2,catalogue_language_codes,language,heb,reported,SRC-8BED62342B9F,MMS 997008712404605171
IBI-BBF9CDFE55F2,current_location,location,"National Library of Israel, Jerusalem",reported,SRC-8BED62342B9F,MMS 997008712404605171
IBI-BBF9CDFE55F2,dating,dating,400–899 CE,reported,SRC-8BED62342B9F,MMS 997008712404605171
IBI-BBF9CDFE55F2,dimensions,dimensions,Height 48 mm; source field ‘הקף’ 164 mm,reported,SRC-8BED62342B9F,MMS 997008712404605171
IBI-BC07E48B8A78,current_location,location,The British Museum,reported,SRC-3D4B57D27A24,Related objects: 1908-0411-91
IBI-BC07E48B8A78,dating,dating,6thC-8thC,reported,SRC-3D4B57D27A24,Related objects: 1908-0411-91
IBI-BC07E48B8A78,period,dating,Late-Post Sasanian,reported,SRC-3D4B57D27A24,Related objects: 1908-0411-91
IBI-BC07E48B8A78,production_place,provenance,Made in: Iraq,reported,SRC-3D4B57D27A24,Related objects: 1908-0411-91
IBI-BC3C5FF3A853,catalogue_language_codes,language,heb,reported,SRC-B64BA80658BE,MMS 997008712394905171
IBI-BC3C5FF3A853,current_location,location,"National Library of Israel, Jerusalem",reported,SRC-B64BA80658BE,MMS 997008712394905171
IBI-BC3C5FF3A853,dating,dating,400–899 CE,reported,SRC-B64BA80658BE,MMS 997008712394905171
IBI-BC3C5FF3A853,dimensions,dimensions,Height 79 mm; source field ‘הקף’ 170 mm,reported,SRC-B64BA80658BE,MMS 997008712394905171
IBI-BC873E943AF3,current_location,location,The British Museum,reported,SRC-3D4B57D27A24,Related objects: 1881-0714-14
IBI-BC873E943AF3,dating,dating,6thC-8thC,reported,SRC-3D4B57D27A24,Related objects: 1881-0714-14
IBI-BC873E943AF3,findspot,provenance,Excavated/Findspot: Tell Ibrahim (Kutha),reported,SRC-3D4B57D27A24,Related objects: 1881-0714-14
IBI-BC873E943AF3,period,dating,Late-Post Sasanian,reported,SRC-3D4B57D27A24,Related objects: 1881-0714-14
IBI-BC873E943AF3,production_place,provenance,Made in: Iraq,reported,SRC-3D4B57D27A24,Related objects: 1881-0714-14
IBI-BC88C23D6F87,current_location,location,Penn Museum,reported,SRC-DC3E2CFAE157,https://collections.penn.museum/collections/object/332921
IBI-BC88C23D6F87,material,material,Ceramic; Ink,reported,SRC-DC3E2CFAE157,https://collections.penn.museum/collections/object/332921
IBI-BCA2A671CAFF,current_location,location,Iraq Museum,reported,SRC-AB306F0110B7,title and abstract
IBI-BCA2A671CAFF,inscription_extent,text_form,15 lines,reported,SRC-AB306F0110B7,title and abstract
IBI-BCA2A671CAFF,inscription_language,language,Jewish Babylonian Aramaic,reported,SRC-AB306F0110B7,title and abstract
IBI-BCA2A671CAFF,text_purpose,ritual,"Protection of the client, his wife, and his daughter against curses of enemies and opponents",reported,SRC-AB306F0110B7,title and abstract
IBI-BCE14F6D4053,current_location,location,Penn Museum,reported,SRC-8052C7DFFEEC,https://collections.penn.museum/collections/object/136917
IBI-BCE14F6D4053,material,material,Ceramic Ink,reported,SRC-8052C7DFFEEC,https://collections.penn.museum/collections/object/136917
IBI-BCF1D44D0968,inscription_language,language,Aramaic,reported,SRC-72D809FB4249,text 064A; section pp. 43–102
IBI-BCFC0A10CBD4,catalogue_language_codes,language,heb,reported,SRC-F8E3CCD9D82A,MMS 997008712547905171
IBI-BCFC0A10CBD4,current_location,location,"National Library of Israel, Jerusalem",reported,SRC-F8E3CCD9D82A,MMS 997008712547905171
IBI-BCFC0A10CBD4,dating,dating,400–899 CE,reported,SRC-F8E3CCD9D82A,MMS 997008712547905171
IBI-BCFC0A10CBD4,dimensions,dimensions,Height 60 mm; source field ‘הקף’ 174 mm,reported,SRC-F8E3CCD9D82A,MMS 997008712547905171
IBI-BD32172273E5,current_location,location,The British Museum,reported,SRC-3D4B57D27A24,Related objects: 1893-1014-51
IBI-BD32172273E5,dating,dating,6thC-8thC,reported,SRC-3D4B57D27A24,Related objects: 1893-1014-51
IBI-BD32172273E5,findspot,provenance,Found/Acquired: Baghdad,reported,SRC-3D4B57D27A24,Related objects: 1893-1014-51
IBI-BD32172273E5,period,dating,Late-Post Sasanian,reported,SRC-3D4B57D27A24,Related objects: 1893-1014-51
IBI-BD32172273E5,production_place,provenance,"Made in: Iraq, South",reported,SRC-3D4B57D27A24,Related objects: 1893-1014-51
IBI-BDCAF03B3004,condition,condition,fragmentary,reported,SRC-3A8095B6D794,index entry BM074A
IBI-BDCC7E804E77,client,client,Aban son of Daday,reported,SRC-C2F92EEA870B,object W_1880-1112-1963
IBI-BDCC7E804E77,condition,condition,Fair; incomplete,reported,SRC-C2F92EEA870B,object W_1880-1112-1963
IBI-BDCC7E804E77,current_location,location,The British Museum,reported,SRC-3D4B57D27A24,Related objects: 1880-1112-1963
IBI-BDCC7E804E77,current_location,location,The British Museum,reported,SRC-C2F92EEA870B,object W_1880-1112-1963
IBI-BDCC7E804E77,dating,dating,6thC-8thC,reported,SRC-3D4B57D27A24,Related objects: 1880-1112-1963
IBI-BDCC7E804E77,dating,dating,6thC–8thC,reported,SRC-C2F92EEA870B,object W_1880-1112-1963
IBI-BDCC7E804E77,dimensions,dimensions,Diameter 15.60 cm; depth 6.00 cm,reported,SRC-C2F92EEA870B,object W_1880-1112-1963
IBI-BDCC7E804E77,findspot,provenance,Excavated/Findspot: Birs-Nimrud (Borsippa),reported,SRC-3D4B57D27A24,Related objects: 1880-1112-1963
IBI-BDCC7E804E77,findspot,provenance,Birs-Nimrud (Borsippa),reported,SRC-C2F92EEA870B,object W_1880-1112-1963
IBI-BDCC7E804E77,inscription_language,language,Aramaic,reported,SRC-C2F92EEA870B,object W_1880-1112-1963
IBI-BDCC7E804E77,material,material,pottery,reported,SRC-C2F92EEA870B,object W_1880-1112-1963
IBI-BDCC7E804E77,period,dating,Late-Post Sasanian,reported,SRC-3D4B57D27A24,Related objects: 1880-1112-1963
IBI-BDCC7E804E77,production_place,provenance,Made in: Iraq,reported,SRC-3D4B57D27A24,Related objects: 1880-1112-1963
IBI-BDCC7E804E77,text_purpose,ritual,"Prosperity and safety of house, shop, and family",reported,SRC-C2F92EEA870B,object W_1880-1112-1963
IBI-BE1D28C0DC3E,catalogue_language_codes,language,heb,reported,SRC-ADE6F4D6FBB6,MMS 997008712546805171
IBI-BE1D28C0DC3E,current_location,location,"National Library of Israel, Jerusalem",reported,SRC-ADE6F4D6FBB6,MMS 997008712546805171
IBI-BE1D28C0DC3E,dating,dating,400–899 CE,reported,SRC-ADE6F4D6FBB6,MMS 997008712546805171
IBI-BE1D28C0DC3E,dimensions,dimensions,Height 63 mm; source field ‘הקף’ 153 mm,reported,SRC-ADE6F4D6FBB6,MMS 997008712546805171
IBI-BE34A956B4B8,current_location,location,The British Museum,reported,SRC-3D4B57D27A24,Related objects: 1925-1015-5
IBI-BE34A956B4B8,dating,dating,6thC-8thC,reported,SRC-3D4B57D27A24,Related objects: 1925-1015-5
IBI-BE34A956B4B8,findspot,provenance,"Found/Acquired: Iraq, South",reported,SRC-3D4B57D27A24,Related objects: 1925-1015-5
IBI-BE34A956B4B8,period,dating,Late-Post Sasanian,reported,SRC-3D4B57D27A24,Related objects: 1925-1015-5
IBI-BE34A956B4B8,production_place,provenance,Made in: Iraq,reported,SRC-3D4B57D27A24,Related objects: 1925-1015-5
IBI-BF1E6329F91D,biblical_quotations,biblical_intertexts,"[""Exod. 3.15""]",reported,SRC-73C44B143A9D,"p. 157, distribution table, JBA 60"
IBI-BF1E6329F91D,current_or_reported_collection,location,The Schøyen Collection,reported,SRC-73C44B143A9D,"p. 157, distribution table, JBA 60"
IBI-BF1E6329F91D,inscription_language,language,Jewish Babylonian Aramaic,reported,SRC-73C44B143A9D,"p. 157, distribution table, JBA 60"
IBI-BF211A4B72F7,current_or_reported_collection,location,Schøyen Collection,reported,SRC-A90AB34CA3FE,"p. 105, note 434"
IBI-BF211A4B72F7,handwriting_attribution,practitioner,Giyonay daughter of Lalay,reported,SRC-A90AB34CA3FE,"p. 105, note 434"
IBI-BF211A4B72F7,inscription_language,language,Jewish Babylonian Aramaic,reported,SRC-A90AB34CA3FE,"p. 105, note 434"
IBI-BF96C5EC6A0B,catalogue_language_codes,language,heb,reported,SRC-7E06AEF259FF,MMS 997008712544605171
IBI-BF96C5EC6A0B,current_location,location,"National Library of Israel, Jerusalem",reported,SRC-7E06AEF259FF,MMS 997008712544605171
IBI-BF96C5EC6A0B,dating,dating,400–899 CE,reported,SRC-7E06AEF259FF,MMS 997008712544605171
IBI-BF96C5EC6A0B,dimensions,dimensions,Height 60 mm; source field ‘הקף’ 147 mm,reported,SRC-7E06AEF259FF,MMS 997008712544605171
IBI-BFAC7CA37B96,attributed_author,practitioner,Pabak son of Kufithai and Abiina son of Geribta,reported,SRC-A90AB34CA3FE,"p. 102, table 6, NFP 9 and note 416"
IBI-BFAC7CA37B96,current_or_reported_collection,location,Penn Museum,reported,SRC-A90AB34CA3FE,"p. 102, table 6, NFP 9 and note 416"
IBI-BFAC7CA37B96,formula_genre,ritual,General charm,reported,SRC-A90AB34CA3FE,"p. 102, table 6, NFP 9 and note 416"
IBI-BFAC7CA37B96,inscription_language,language,Jewish Babylonian Aramaic,reported,SRC-A90AB34CA3FE,"p. 102, table 6, NFP 9 and note 416"
IBI-BFFEC04064FE,current_location,location,Penn Museum,reported,SRC-DA1288CA9874,https://collections.penn.museum/collections/object/17299
IBI-BFFEC04064FE,material,material,Ceramic; Ink,reported,SRC-DA1288CA9874,https://collections.penn.museum/collections/object/17299
IBI-C009531055DF,biblical_quotation,biblical_intertexts,Zechariah 3:2,reported,SRC-C54888E36130,MS 2053/196 context: MS 2053/262
IBI-C009531055DF,current_location,location,The Schøyen Collection,reported,SRC-C54888E36130,MS 2053/196 context: MS 2053/262
IBI-C01989E5879E,inscription_language,language,Aramaic,reported,SRC-72D809FB4249,text 050A; section pp. 43–102
IBI-C0284839BFB8,dating,dating,Bowl reported as 4th–8th century CE; inscription described as recent,disputed,SRC-06ED81256DF5,"lot 1077, component 2 of 2; record 224609"
IBI-C0284839BFB8,dimensions,dimensions,Within lot range 9.5–12.4 cm,reported,SRC-06ED81256DF5,"lot 1077, component 2 of 2; record 224609"
IBI-C0284839BFB8,material,material,Terracotta,reported,SRC-06ED81256DF5,"lot 1077, component 2 of 2; record 224609"
IBI-C0284839BFB8,provenance,provenance,"German art market 1989–1995; Museum Gallery, London, 1998–2003; London academic collection from 2003",reported,SRC-06ED81256DF5,"lot 1077, component 2 of 2; record 224609"
IBI-C0284839BFB8,script,script,Three concentric rings of recently overpainted pseudo-Aramaic script,reported,SRC-06ED81256DF5,"lot 1077, component 2 of 2; record 224609"
IBI-C06FF61EAB69,biblical_quotations,biblical_intertexts,"[""Exod. 3.5""]",reported,SRC-73C44B143A9D,"p. 160, distribution table, MS 2053/216"
IBI-C06FF61EAB69,current_or_reported_collection,location,The Schøyen Collection,reported,SRC-73C44B143A9D,"p. 160, distribution table, MS 2053/216"
IBI-C06FF61EAB69,inscription_language,language,Jewish Babylonian Aramaic,reported,SRC-73C44B143A9D,"p. 160, distribution table, MS 2053/216"
IBI-C0936EFE772B,current_or_reported_collection,location,"Museum für Vor- und Frühgeschichte, Berlin",reported,SRC-A90AB34CA3FE,"p. 134, note 546"
IBI-C0936EFE772B,handwriting_attribution,practitioner,Dukhtīč daughter of Bahāroy,reported,SRC-A90AB34CA3FE,"p. 134, note 546"
IBI-C0936EFE772B,inscription_language,language,Jewish Babylonian Aramaic,reported,SRC-A90AB34CA3FE,"p. 134, note 546"
IBI-C0936EFE772B,text_tradition,ritual,Semamit historiola,reported,SRC-A90AB34CA3FE,"p. 134, note 546"
IBI-C0CEB7F095BD,inscription_language,language,Syriac?,uncertain,SRC-72D809FB4249,text 117ES; section pp. 147–149
IBI-C14FB1F238D2,catalogue_language_codes,language,heb,reported,SRC-9F753EDE148B,MMS 997008712396705171
IBI-C14FB1F238D2,current_location,location,"National Library of Israel, Jerusalem",reported,SRC-9F753EDE148B,MMS 997008712396705171
IBI-C14FB1F238D2,dating,dating,400–899 CE,reported,SRC-9F753EDE148B,MMS 997008712396705171
IBI-C14FB1F238D2,dimensions,dimensions,Height 64 mm; source field ‘הקף’ 166 mm,reported,SRC-9F753EDE148B,MMS 997008712396705171
IBI-C1AF6481C19A,current_location,location,The British Museum,reported,SRC-3D4B57D27A24,Related objects: 1886-0109-15
IBI-C1AF6481C19A,dating,dating,6thC-8thC,reported,SRC-3D4B57D27A24,Related objects: 1886-0109-15
IBI-C1AF6481C19A,findspot,provenance,Found/Acquired: Iraq,reported,SRC-3D4B57D27A24,Related objects: 1886-0109-15
IBI-C1AF6481C19A,period,dating,Late-Post Sasanian,reported,SRC-3D4B57D27A24,Related objects: 1886-0109-15
IBI-C1AF6481C19A,production_place,provenance,"Made in: Iraq, South",reported,SRC-3D4B57D27A24,Related objects: 1886-0109-15
IBI-C23526FF484B,catalogue_language_codes,language,heb,reported,SRC-927524F526DA,MMS 997008712402305171
IBI-C23526FF484B,current_location,location,"National Library of Israel, Jerusalem",reported,SRC-927524F526DA,MMS 997008712402305171
IBI-C23526FF484B,dating,dating,400–899 CE,reported,SRC-927524F526DA,MMS 997008712402305171
IBI-C23526FF484B,dimensions,dimensions,Height 67 mm; source field ‘הקף’ 200 mm,reported,SRC-927524F526DA,MMS 997008712402305171
IBI-C237D8E8489F,condition,condition,fragmentary,reported,SRC-3A8095B6D794,index entry BM021A
IBI-C2906E4D88F3,biblical_quotations,biblical_intertexts,"[""Deut. 29.22"", ""Deut. 29.27""]",reported,SRC-73C44B143A9D,"p. 155, distribution table, CAMIB 40"
IBI-C2906E4D88F3,current_or_reported_collection,location,British Museum,reported,SRC-73C44B143A9D,"p. 155, distribution table, CAMIB 40"
IBI-C2906E4D88F3,inscription_language,language,Jewish Babylonian Aramaic,reported,SRC-73C44B143A9D,"p. 155, distribution table, CAMIB 40"
IBI-C2E332F154A0,condition,condition,Broken and mended; small fragment missing.,reported,SRC-943673B56FB8,"Catalogue, text 24, printed p. 324; PDF p. 330; description column"
IBI-C2E332F154A0,current_or_reported_collection,location,Penn Museum,reported,SRC-943673B56FB8,"p. 324, item 24"
IBI-C2E332F154A0,dimensions,dimensions,height 7 cm; diameter 16.8 cm,reported,SRC-943673B56FB8,"p. 324, item 24"
IBI-C2E332F154A0,dimensions,dimensions,height 7 cm; diameter 16.8 cm,reported,SRC-943673B56FB8,"Catalogue, text 24, printed p. 324; PDF p. 330; size column (height by diameter)"
IBI-C2E332F154A0,findspot,provenance,Nippur,reported,SRC-943673B56FB8,"p. 324, item 24"
IBI-C2E332F154A0,inscription_language,language,Jewish Babylonian Aramaic,reported,SRC-943673B56FB8,"p. 324, item 24"
IBI-C2E332F154A0,publication_register_identifier,publication,CBS 2926,reported,SRC-943673B56FB8,"Catalogue, text 24, printed p. 324; PDF p. 330; catalogue number column"
IBI-C2FE0E6C16FE,current_location,location,The British Museum,reported,SRC-3D4B57D27A24,Related objects: 1974-1209-2
IBI-C2FE0E6C16FE,dating,dating,6thC-8thC,reported,SRC-3D4B57D27A24,Related objects: 1974-1209-2
IBI-C2FE0E6C16FE,period,dating,Late-Post Sasanian,reported,SRC-3D4B57D27A24,Related objects: 1974-1209-2
IBI-C2FE0E6C16FE,production_place,provenance,"Made in: Iraq, South",reported,SRC-3D4B57D27A24,Related objects: 1974-1209-2
IBI-C30A015175D7,biblical_quotations,biblical_intertexts,"[""Isa. 40.12""]",reported,SRC-73C44B143A9D,"p. 159, distribution table, IM 114987"
IBI-C30A015175D7,current_or_reported_collection,location,Iraq Museum,reported,SRC-73C44B143A9D,"p. 159, distribution table, IM 114987"
IBI-C30A015175D7,inscription_language,language,Jewish Babylonian Aramaic,reported,SRC-73C44B143A9D,"p. 159, distribution table, IM 114987"
IBI-C31D6B6016A8,current_location,location,The British Museum,reported,SRC-3D4B57D27A24,Related objects: 1886-0109-9
IBI-C31D6B6016A8,dating,dating,6thC-8thC,reported,SRC-3D4B57D27A24,Related objects: 1886-0109-9
IBI-C31D6B6016A8,period,dating,Late-Post Sasanian,reported,SRC-3D4B57D27A24,Related objects: 1886-0109-9
IBI-C31D6B6016A8,production_place,provenance,Made in: Iraq,reported,SRC-3D4B57D27A24,Related objects: 1886-0109-9
IBI-C364057B0E9A,catalogue_language_codes,language,heb,reported,SRC-B94E1CE84725,MMS 997008712397805171
IBI-C364057B0E9A,current_location,location,"National Library of Israel, Jerusalem",reported,SRC-B94E1CE84725,MMS 997008712397805171
IBI-C364057B0E9A,dating,dating,400–899 CE,reported,SRC-B94E1CE84725,MMS 997008712397805171
IBI-C364057B0E9A,dimensions,dimensions,Height 72 mm; source field ‘הקף’ 159 mm,reported,SRC-B94E1CE84725,MMS 997008712397805171
IBI-C37AC08EF228,current_location,location,The British Museum,reported,SRC-3D4B57D27A24,Related objects: 1980-0415-31-p
IBI-C37AC08EF228,dating,dating,6thC-8thC,reported,SRC-3D4B57D27A24,Related objects: 1980-0415-31-p
IBI-C37AC08EF228,findspot,provenance,Found/Acquired: Iraq,reported,SRC-3D4B57D27A24,Related objects: 1980-0415-31-p
IBI-C37AC08EF228,period,dating,Late-Post Sasanian,reported,SRC-3D4B57D27A24,Related objects: 1980-0415-31-p
IBI-C37AC08EF228,production_place,provenance,Made in: Iraq,reported,SRC-3D4B57D27A24,Related objects: 1980-0415-31-p
IBI-C3A694B7B3C5,biblical_quotations,biblical_intertexts,"[""Exod. 15.3"", ""Ps. 24.8"", ""Ps. 104.20"", ""Ps. 10.16"", ""Ps. 93.1"", ""Exod. 15.18""]",reported,SRC-73C44B143A9D,"p. 156, distribution table, JBA 05"
IBI-C3A694B7B3C5,current_or_reported_collection,location,The Schøyen Collection,reported,SRC-73C44B143A9D,"p. 156, distribution table, JBA 05"
IBI-C3A694B7B3C5,inscription_language,language,Jewish Babylonian Aramaic,reported,SRC-73C44B143A9D,"p. 156, distribution table, JBA 05"
IBI-C3B04E20C369,condition,condition,Broken and mended; segment missing.,reported,SRC-943673B56FB8,"Catalogue, text 10, printed p. 322; PDF p. 328; description column"
IBI-C3B04E20C369,current_or_reported_collection,location,Penn Museum,reported,SRC-943673B56FB8,"p. 322, item 10"
IBI-C3B04E20C369,dimensions,dimensions,height 6.9 cm; diameter 14.2 cm,reported,SRC-943673B56FB8,"p. 322, item 10"
IBI-C3B04E20C369,dimensions,dimensions,height 6.9 cm; diameter 14.2 cm,reported,SRC-943673B56FB8,"Catalogue, text 10, printed p. 322; PDF p. 328; size column (height by diameter)"
IBI-C3B04E20C369,findspot,provenance,Nippur,reported,SRC-943673B56FB8,"p. 322, item 10"
IBI-C3B04E20C369,inscription_language,language,Jewish Babylonian Aramaic,reported,SRC-943673B56FB8,"p. 322, item 10"
IBI-C3B04E20C369,publication_register_identifier,publication,CBS 16014,reported,SRC-943673B56FB8,"Catalogue, text 10, printed p. 322; PDF p. 328; catalogue number column"
IBI-C3B7C297B162,current_location,location,The British Museum,reported,SRC-3D4B57D27A24,Related objects: 1885-1209-1
IBI-C3B7C297B162,dating,dating,6thC-8thC,reported,SRC-3D4B57D27A24,Related objects: 1885-1209-1
IBI-C3B7C297B162,findspot,provenance,Found/Acquired: Iraq,reported,SRC-3D4B57D27A24,Related objects: 1885-1209-1
IBI-C3B7C297B162,period,dating,Late-Post Sasanian,reported,SRC-3D4B57D27A24,Related objects: 1885-1209-1
IBI-C3B7C297B162,production_place,provenance,"Made in: Iraq, South",reported,SRC-3D4B57D27A24,Related objects: 1885-1209-1
IBI-C4639E9E190A,condition,condition,fragmentary,reported,SRC-3A8095B6D794,index entry BM004A
IBI-C478C77AFCC6,current_location,location,"British Museum, London",reported,SRC-24B0EC105BC9,"text 2, pp. 198–201; BM 117877"
IBI-C478C77AFCC6,dimensions,dimensions,8 cm top length × 9 cm height,reported,SRC-24B0EC105BC9,"text 2, pp. 198–201; BM 117877"
IBI-C478C77AFCC6,inscription_language,language,Syriac,reported,SRC-24B0EC105BC9,"text 2, pp. 198–201; BM 117877"
IBI-C478C77AFCC6,line_count,text_form,Traces of 11 lines,reported,SRC-24B0EC105BC9,"text 2, pp. 198–201; BM 117877"
IBI-C478C77AFCC6,material,material,Pottery,reported,SRC-24B0EC105BC9,"text 2, pp. 198–201; BM 117877"
IBI-C478C77AFCC6,provenance,provenance,Possibly from a Rawlinson or Rassam Mesopotamian collection; exact origin uncertain,uncertain,SRC-24B0EC105BC9,"text 2, pp. 198–201; BM 117877"
IBI-C478C77AFCC6,script,script,Estrangela,reported,SRC-24B0EC105BC9,"text 2, pp. 198–201; BM 117877"
IBI-C478C77AFCC6,text_layout,text_form,Probably clockwise spiral from bottom to rim,reported,SRC-24B0EC105BC9,"text 2, pp. 198–201; BM 117877"
IBI-C478C77AFCC6,text_parallel,parallels,Related to VABab 4167-I-5 and MS 2054/124,reported,SRC-24B0EC105BC9,"text 2, pp. 198–201; BM 117877"
IBI-C489B8F60488,script,script,Pseudo-script,reported,SRC-72D809FB4249,text 128Ps; section pp. 150–162
IBI-C48D5B52AB4E,biblical_quotation,biblical_intertexts,Psalms 91:7-8,reported,SRC-C54888E36130,MS 2053/196 context: MS 2053/275
IBI-C48D5B52AB4E,current_location,location,The Schøyen Collection,reported,SRC-C54888E36130,MS 2053/196 context: MS 2053/275
IBI-C4D30211498C,biblical_quotations,biblical_intertexts,"[""Isa. 37.16""]",reported,SRC-73C44B143A9D,"p. 159, distribution table, IM 212103"
IBI-C4D30211498C,current_or_reported_collection,location,Iraq Museum,reported,SRC-73C44B143A9D,"p. 159, distribution table, IM 212103"
IBI-C4D30211498C,inscription_language,language,Jewish Babylonian Aramaic,reported,SRC-73C44B143A9D,"p. 159, distribution table, IM 212103"
IBI-C50A3FF109FA,condition,condition,Intact,reported,SRC-0EFFDC54B348,dealer ref. 6412
IBI-C50A3FF109FA,current_location,location,Unlocated after sale by Christoph Bacher Ancient Art,reported,SRC-0EFFDC54B348,dealer ref. 6412
IBI-C50A3FF109FA,dating,dating,6th century CE,reported,SRC-0EFFDC54B348,dealer ref. 6412
IBI-C50A3FF109FA,dimensions,dimensions,Diameter 17.5 cm,reported,SRC-0EFFDC54B348,dealer ref. 6412
IBI-C50A3FF109FA,iconography,visual,Central figure with raised hands and a spider,reported,SRC-0EFFDC54B348,dealer ref. 6412
IBI-C50A3FF109FA,material,material,Terracotta,reported,SRC-0EFFDC54B348,dealer ref. 6412
IBI-C50A3FF109FA,origin,provenance,Mesopotamia,reported,SRC-0EFFDC54B348,dealer ref. 6412
IBI-C50A3FF109FA,script,script,Pseudo-script,reported,SRC-0EFFDC54B348,dealer ref. 6412
IBI-C50CABFE3DBA,inscription_language,language,Aramaic,reported,SRC-72D809FB4249,text 004A; section pp. 43–102
IBI-C566A8D2270F,current_location,location,The British Museum,reported,SRC-3D4B57D27A24,Related objects: Rm-III-32
IBI-C566A8D2270F,dating,dating,6thC-8thC,reported,SRC-3D4B57D27A24,Related objects: Rm-III-32
IBI-C566A8D2270F,findspot,provenance,Excavated/Findspot: Babylon (historic - Iraq)  | Excavated/Findspot: Ibrahim al-Khalil (Borsippa),reported,SRC-3D4B57D27A24,Related objects: Rm-III-32
IBI-C566A8D2270F,period,dating,Late-Post Sasanian,reported,SRC-3D4B57D27A24,Related objects: Rm-III-32
IBI-C566A8D2270F,production_place,provenance,Made in: Iraq,reported,SRC-3D4B57D27A24,Related objects: Rm-III-32
IBI-C58457DA1C26,catalogue_language_codes,language,heb,reported,SRC-5C51CF0634BF,MMS 997008712405805171
IBI-C58457DA1C26,current_location,location,"National Library of Israel, Jerusalem",reported,SRC-5C51CF0634BF,MMS 997008712405805171
IBI-C58457DA1C26,dating,dating,400–899 CE,reported,SRC-5C51CF0634BF,MMS 997008712405805171
IBI-C58457DA1C26,dimensions,dimensions,Height 235 mm; source field ‘הקף’ 257 mm,reported,SRC-5C51CF0634BF,MMS 997008712405805171
IBI-C58FA9F0D778,catalogue_language_codes,language,heb,reported,SRC-B4E152D303C7,MMS 997008712544505171
IBI-C58FA9F0D778,current_location,location,"National Library of Israel, Jerusalem",reported,SRC-B4E152D303C7,MMS 997008712544505171
IBI-C58FA9F0D778,dating,dating,400–899 CE,reported,SRC-B4E152D303C7,MMS 997008712544505171
IBI-C58FA9F0D778,dimensions,dimensions,Height 60 mm; source field ‘הקף’ 168 mm,reported,SRC-B4E152D303C7,MMS 997008712544505171
IBI-C5FDEE0C9BAA,current_location,location,The British Museum,reported,SRC-3D4B57D27A24,Related objects: 1908-1010-3
IBI-C5FDEE0C9BAA,dating,dating,6thC-8thC,reported,SRC-3D4B57D27A24,Related objects: 1908-1010-3
IBI-C5FDEE0C9BAA,period,dating,Late-Post Sasanian,reported,SRC-3D4B57D27A24,Related objects: 1908-1010-3
IBI-C5FDEE0C9BAA,production_place,provenance,Made in: Iraq,reported,SRC-3D4B57D27A24,Related objects: 1908-1010-3
IBI-C637C068095A,catalogue_language_codes,language,heb,reported,SRC-F10F0651AE14,MMS 997008712544305171
IBI-C637C068095A,current_location,location,"National Library of Israel, Jerusalem",reported,SRC-F10F0651AE14,MMS 997008712544305171
IBI-C637C068095A,dating,dating,400–899 CE,reported,SRC-F10F0651AE14,MMS 997008712544305171
IBI-C637C068095A,dimensions,dimensions,Height 66 mm; source field ‘הקף’ 175 mm,reported,SRC-F10F0651AE14,MMS 997008712544305171
IBI-C64F25E8FE6E,inscription_language,language,Mandaic,reported,SRC-72D809FB4249,text 080M; section pp. 103–146
IBI-C66B96611012,script,script,Pseudo-script,reported,SRC-72D809FB4249,text 142Ps; section pp. 150–162
IBI-C6C1AF3BCF87,current_location,location,Penn Museum,reported,SRC-B77B1B8DBC8E,https://collections.penn.museum/collections/object/303320
IBI-C6C1AF3BCF87,material,material,Ceramic; Ink,reported,SRC-B77B1B8DBC8E,https://collections.penn.museum/collections/object/303320
IBI-C6C8937ACF81,current_location,location,Penn Museum,reported,SRC-CC42C0B57D63,https://collections.penn.museum/collections/object/125190
IBI-C6C8937ACF81,material,material,Ceramic; Ink; Bitumen,reported,SRC-CC42C0B57D63,https://collections.penn.museum/collections/object/125190
IBI-C6D59D673FF8,inscription_language,language,Aramaic,reported,SRC-72D809FB4249,text 029A; section pp. 43–102
IBI-C6E5B1BD164C,inscription_language,language,Aramaic,reported,SRC-72D809FB4249,text 062A; section pp. 43–102
IBI-C72C7FD3CDDD,condition,condition,fragmentary,reported,SRC-3A8095B6D794,index entry BM058A
IBI-C73FC32015BC,client,client,Children of Eboi and their families,reported,SRC-83A3DFDE7924,"p. 161, M45"
IBI-C73FC32015BC,current_or_reported_collection,location,Shlomo Moussaieff Collection,reported,SRC-83A3DFDE7924,"p. 161, M45"
IBI-C73FC32015BC,inscription_language,language,Mandaic,reported,SRC-83A3DFDE7924,"p. 161, M45"
IBI-C73FC32015BC,line_count,text_form,16,reported,SRC-83A3DFDE7924,"p. 161, M45"
IBI-C73FC32015BC,script,script,Mandaic,reported,SRC-83A3DFDE7924,"p. 161, M45"
IBI-C7402DE65953,biblical_quotation,biblical_intertexts,Zechariah 3:2,reported,SRC-C54888E36130,MS 2053/196 context: MS 2053/195
IBI-C7402DE65953,current_location,location,The Schøyen Collection,reported,SRC-C54888E36130,MS 2053/196 context: MS 2053/195
IBI-C757E352890A,condition,condition,fragmentary,reported,SRC-3A8095B6D794,index entry BM016A
IBI-C781F00363AA,current_location,location,Penn Museum,reported,SRC-158756DB402D,https://collections.penn.museum/collections/object/256455
IBI-C781F00363AA,material,material,Ceramic; Ink,reported,SRC-158756DB402D,https://collections.penn.museum/collections/object/256455
IBI-C7A7DEBCC1FE,current_location,location,Penn Museum,reported,SRC-76E6A8834112,https://collections.penn.museum/collections/object/67590
IBI-C7A7DEBCC1FE,material,material,Ceramic; Ink,reported,SRC-76E6A8834112,https://collections.penn.museum/collections/object/67590
IBI-C7EBF3D2A4C3,current_location,location,Penn Museum,reported,SRC-B93E616D7657,https://collections.penn.museum/collections/object/50873
IBI-C7EBF3D2A4C3,material,material,Ceramic; Ink,reported,SRC-B93E616D7657,https://collections.penn.museum/collections/object/50873
IBI-C8B0B8A4E26E,biblical_quotations,biblical_intertexts,"[""Deut. 6.4"", ""Zech. 3.2"", ""Ps. 91.1""]",reported,SRC-73C44B143A9D,"p. 162, distribution table, Schwab 1891: 592"
IBI-C8B0B8A4E26E,inscription_language,language,Jewish Babylonian Aramaic,reported,SRC-73C44B143A9D,"p. 162, distribution table, Schwab 1891: 592"
IBI-C8B395024F41,current_location,location,"Loyola Marymount University Archaeology Museum, Los Angeles",reported,SRC-16E6FD74D61C,"project page, bowl 2 of 4"
IBI-C8B395024F41,dating,dating,circa 5th–6th centuries CE,reported,SRC-16E6FD74D61C,"project page, bowl 2 of 4"
IBI-C8B395024F41,material,material,Terracotta,reported,SRC-16E6FD74D61C,"project page, bowl 2 of 4"
IBI-C8BAC4677D5B,dating,dating,6th–8th century CE,reported,SRC-1B1888AA7E76,inventory 8324
IBI-C8BAC4677D5B,dimensions,dimensions,18.4 cm diameter,reported,SRC-1B1888AA7E76,inventory 8324
IBI-C8BAC4677D5B,inscription_language,language,Judeo-Aramaic,reported,SRC-1B1888AA7E76,inventory 8324
IBI-C8BAC4677D5B,line_count,text_form,11 interior lines and 1 exterior line,reported,SRC-1B1888AA7E76,inventory 8324
IBI-C8BAC4677D5B,provenance,provenance,Formerly an American private collection,reported,SRC-1B1888AA7E76,inventory 8324
IBI-C949656D3227,current_location,location,Penn Museum,reported,SRC-4073787EE0F2,https://collections.penn.museum/collections/object/121107
IBI-C949656D3227,material,material,Ceramic; Ink,reported,SRC-4073787EE0F2,https://collections.penn.museum/collections/object/121107
IBI-C9C76391BEAB,current_location,location,The British Museum,reported,SRC-3D4B57D27A24,Related objects: 1980-0415-29
IBI-C9C76391BEAB,dating,dating,6thC-8thC,reported,SRC-3D4B57D27A24,Related objects: 1980-0415-29
IBI-C9C76391BEAB,period,dating,Late-Post Sasanian,reported,SRC-3D4B57D27A24,Related objects: 1980-0415-29
IBI-C9C76391BEAB,production_place,provenance,Made in: Iraq,reported,SRC-3D4B57D27A24,Related objects: 1980-0415-29
IBI-C9CBD8EB2190,current_location,location,"British Museum, London",reported,SRC-195B6B6E19A1,pp. 159–165
IBI-C9CBD8EB2190,inscription_language,language,Talmudic Aramaic / Jewish Babylonian Aramaic,reported,SRC-195B6B6E19A1,pp. 159–165
IBI-CAA61F73F4A4,catalogue_language_codes,language,heb,reported,SRC-A39344A6C148,MMS 997008712408105171
IBI-CAA61F73F4A4,current_location,location,"National Library of Israel, Jerusalem",reported,SRC-A39344A6C148,MMS 997008712408105171
IBI-CAA61F73F4A4,dating,dating,400–899 CE,reported,SRC-A39344A6C148,MMS 997008712408105171
IBI-CAA61F73F4A4,dimensions,dimensions,Height 70 mm; source field ‘הקף’ 150 mm,reported,SRC-A39344A6C148,MMS 997008712408105171
IBI-CABF45C2E51C,current_location,location,Penn Museum,reported,SRC-8D6EF06C7096,https://collections.penn.museum/collections/object/316265
IBI-CABF45C2E51C,material,material,Ceramic; Ink,reported,SRC-8D6EF06C7096,https://collections.penn.museum/collections/object/316265
IBI-CB14A813E4B6,current_location,location,Penn Museum,reported,SRC-3AFA40D331F9,https://collections.penn.museum/collections/object/265281
IBI-CB14A813E4B6,material,material,Ceramic; Ink,reported,SRC-3AFA40D331F9,https://collections.penn.museum/collections/object/265281
IBI-CBB3B78774C0,catalogue_language_codes,language,heb,reported,SRC-805E0E81051E,MMS 997008712409705171
IBI-CBB3B78774C0,current_location,location,"National Library of Israel, Jerusalem",reported,SRC-805E0E81051E,MMS 997008712409705171
IBI-CBB3B78774C0,dating,dating,400–899 CE,reported,SRC-805E0E81051E,MMS 997008712409705171
IBI-CBB3B78774C0,dimensions,dimensions,Height 68 mm; source field ‘הקף’ 179 mm,reported,SRC-805E0E81051E,MMS 997008712409705171
IBI-CC392D32764E,biblical_quotations,biblical_intertexts,"[""Isa. 45.2""]",reported,SRC-73C44B143A9D,"p. 155, distribution table, M 155"
IBI-CC392D32764E,current_or_reported_collection,location,Moussaieff Collection,reported,SRC-73C44B143A9D,"p. 155, distribution table, M 155"
IBI-CC392D32764E,inscription_language,language,Jewish Babylonian Aramaic,reported,SRC-73C44B143A9D,"p. 155, distribution table, M 155"
IBI-CCC8B14D56EA,client,client,Aynah daughter of Ahatadon,reported,SRC-4CF084A3C54D,object W_1886-0109-5
IBI-CCC8B14D56EA,condition,condition,Fair; repaired,reported,SRC-4CF084A3C54D,object W_1886-0109-5
IBI-CCC8B14D56EA,current_location,location,The British Museum,reported,SRC-3D4B57D27A24,Related objects: 1886-0109-5
IBI-CCC8B14D56EA,current_location,location,The British Museum,reported,SRC-4CF084A3C54D,object W_1886-0109-5
IBI-CCC8B14D56EA,dating,dating,6thC–8thC,reported,SRC-4CF084A3C54D,object W_1886-0109-5
IBI-CCC8B14D56EA,dating,dating,6thC-8thC,reported,SRC-3D4B57D27A24,Related objects: 1886-0109-5
IBI-CCC8B14D56EA,dimensions,dimensions,Diameter 13.70 cm; depth 5.70 cm,reported,SRC-4CF084A3C54D,object W_1886-0109-5
IBI-CCC8B14D56EA,findspot,provenance,Iraq,reported,SRC-4CF084A3C54D,object W_1886-0109-5
IBI-CCC8B14D56EA,findspot,provenance,Excavated/Findspot: Iraq,reported,SRC-3D4B57D27A24,Related objects: 1886-0109-5
IBI-CCC8B14D56EA,inscription_language,language,Aramaic with Hebrew phrases,reported,SRC-4CF084A3C54D,object W_1886-0109-5
IBI-CCC8B14D56EA,material,material,pottery,reported,SRC-4CF084A3C54D,object W_1886-0109-5
IBI-CCC8B14D56EA,period,dating,Late-Post Sasanian,reported,SRC-3D4B57D27A24,Related objects: 1886-0109-5
IBI-CCC8B14D56EA,production_place,provenance,Made in: Iraq,reported,SRC-3D4B57D27A24,Related objects: 1886-0109-5
IBI-CCF48C90D565,inscription_language,language,Aramaic,reported,SRC-72D809FB4249,text 043A; section pp. 43–102
IBI-CD3CA4C7B203,biblical_quotations,biblical_intertexts,"[""1 Chron. 29.10""]",reported,SRC-73C44B143A9D,"p. 154, distribution table, Isbell 50"
IBI-CD3CA4C7B203,inscription_language,language,Jewish Babylonian Aramaic,reported,SRC-73C44B143A9D,"p. 154, distribution table, Isbell 50"
IBI-CD3E783556B1,condition,condition,Broken and mended; about half of the two marginal lines missing.,reported,SRC-943673B56FB8,"Catalogue, text 36, printed p. 326; PDF p. 332; description column"
IBI-CD3E783556B1,current_or_reported_collection,location,Penn Museum,reported,SRC-943673B56FB8,"p. 326, item 36"
IBI-CD3E783556B1,dimensions,dimensions,height 6.3 cm; diameter 15.4 cm,reported,SRC-943673B56FB8,"p. 326, item 36"
IBI-CD3E783556B1,dimensions,dimensions,height 6.3 cm; diameter 15.4 cm,reported,SRC-943673B56FB8,"Catalogue, text 36, printed p. 326; PDF p. 332; size column (height by diameter)"
IBI-CD3E783556B1,findspot,provenance,Nippur,reported,SRC-943673B56FB8,"p. 326, item 36"
IBI-CD3E783556B1,inscription_language,language,Syriac,reported,SRC-943673B56FB8,"p. 326, item 36"
IBI-CD3E783556B1,publication_register_identifier,publication,CBS 2933,reported,SRC-943673B56FB8,"Catalogue, text 36, printed p. 326; PDF p. 332; catalogue number column"
IBI-CD463292B7B0,biblical_quotations,biblical_intertexts,"[""Gen. 30.22"", ""Zech. 3.2""]",reported,SRC-73C44B143A9D,"p. 161, distribution table, MFL 10895"
IBI-CD463292B7B0,inscription_language,language,Jewish Babylonian Aramaic,reported,SRC-73C44B143A9D,"p. 161, distribution table, MFL 10895"
IBI-CD52D742D131,inscription_language,language,Aramaic,reported,SRC-72D809FB4249,text 022A; section pp. 43–102
IBI-CDB8A4D4C424,current_location,location,Penn Museum,reported,SRC-E08CBEB58A31,https://collections.penn.museum/collections/object/137384
IBI-CDB8A4D4C424,material,material,Ceramic; Ink,reported,SRC-E08CBEB58A31,https://collections.penn.museum/collections/object/137384
IBI-CDCC7E23EA8D,biblical_quotations,biblical_intertexts,"[""Deut. 6.4"", ""Zech. 3.2""]",reported,SRC-73C44B143A9D,"p. 161, distribution table, T 27987"
IBI-CDCC7E23EA8D,inscription_language,language,Jewish Babylonian Aramaic,reported,SRC-73C44B143A9D,"p. 161, distribution table, T 27987"
IBI-CE40E1962442,current_or_reported_collection,location,Bible Lands Museum Jerusalem,reported,SRC-6D313A7AA389,"p. 1, item 18"
IBI-CE40E1962442,inscription_language,language,Syriac,reported,SRC-6D313A7AA389,"p. 1, item 18"
IBI-CE40E1962442,script,script,Syriac ‘Manichaean’ script,reported,SRC-6D313A7AA389,"p. 1, item 18"
IBI-CE55DA25E681,dating,dating,5th–6th century CE,reported,SRC-F20148C5DA92,"lot 273, fragment 4 of 5"
IBI-CE55DA25E681,inscription_language,language,Aramaic or Aramaic-like patterns,reported,SRC-F20148C5DA92,"lot 273, fragment 4 of 5"
IBI-CE55DA25E681,material,material,Pottery,reported,SRC-F20148C5DA92,"lot 273, fragment 4 of 5"
IBI-CE59A50C7510,catalogue_language_codes,language,heb,reported,SRC-3C09B2076BD1,MMS 997008712402005171
IBI-CE59A50C7510,current_location,location,"National Library of Israel, Jerusalem",reported,SRC-3C09B2076BD1,MMS 997008712402005171
IBI-CE59A50C7510,dating,dating,400–899 CE,reported,SRC-3C09B2076BD1,MMS 997008712402005171
IBI-CE59A50C7510,dimensions,dimensions,Height 71 mm; source field ‘הקף’ 162 mm,reported,SRC-3C09B2076BD1,MMS 997008712402005171
IBI-CE5BA931384D,inscription_language,language,Aramaic,reported,SRC-72D809FB4249,text 057A; section pp. 43–102
IBI-CE71062156DD,current_location,location,Penn Museum,reported,SRC-CDD81DFDF1FC,https://collections.penn.museum/collections/object/270745
IBI-CE71062156DD,material,material,Ceramic; Ink,reported,SRC-CDD81DFDF1FC,https://collections.penn.museum/collections/object/270745
IBI-CE7F7986BF7F,catalogue_language_codes,language,heb,reported,SRC-A3DA8F2571D0,MMS 997008712401705171
IBI-CE7F7986BF7F,current_location,location,"National Library of Israel, Jerusalem",reported,SRC-A3DA8F2571D0,MMS 997008712401705171
IBI-CE7F7986BF7F,dating,dating,400–899 CE,reported,SRC-A3DA8F2571D0,MMS 997008712401705171
IBI-CE7F7986BF7F,dimensions,dimensions,Height 50 mm; source field ‘הקף’ 150 mm,reported,SRC-A3DA8F2571D0,MMS 997008712401705171
IBI-CEC11D2DBB44,condition,condition,Broken and mended; fragment about 5 cm square missing.,reported,SRC-943673B56FB8,"Catalogue, text 18, printed p. 323; PDF p. 329; description column"
IBI-CEC11D2DBB44,current_or_reported_collection,location,Penn Museum,reported,SRC-943673B56FB8,"p. 323, item 18"
IBI-CEC11D2DBB44,dimensions,dimensions,height 7.2 cm; diameter 16.1 cm,reported,SRC-943673B56FB8,"Catalogue, text 18, printed p. 323; PDF p. 329; size column (height by diameter)"
IBI-CEC11D2DBB44,dimensions,dimensions,height 7.2 cm; diameter 16.1 cm,reported,SRC-943673B56FB8,"p. 323, item 18"
IBI-CEC11D2DBB44,findspot,provenance,Nippur,reported,SRC-943673B56FB8,"p. 323, item 18"
IBI-CEC11D2DBB44,inscription_language,language,Jewish Babylonian Aramaic,reported,SRC-943673B56FB8,"p. 323, item 18"
IBI-CEC11D2DBB44,publication_register_identifier,publication,CBS 8695,reported,SRC-943673B56FB8,"Catalogue, text 18, printed p. 323; PDF p. 329; catalogue number column"
IBI-CEC11D2DBB44,translation_availability,publication,No separate English translation supplied in Montgomery 1913. The commentary calls this a duplicate of the texts collated under no. 11 and explicitly says a translation is unnecessary.,certain,SRC-943673B56FB8,"text 18, printed p. 193; PDF p. 199"
IBI-CEC9D1941144,current_location,location,The British Museum,reported,SRC-3D4B57D27A24,Related objects: 1881-0324-350
IBI-CEC9D1941144,dating,dating,6thC-8thC,reported,SRC-3D4B57D27A24,Related objects: 1881-0324-350
IBI-CEC9D1941144,findspot,provenance,Excavated/Findspot: Ibrahim al-Khalil (Borsippa)  | Excavated/Findspot: Babylon (historic - Iraq),reported,SRC-3D4B57D27A24,Related objects: 1881-0324-350
IBI-CEC9D1941144,period,dating,Late-Post Sasanian,reported,SRC-3D4B57D27A24,Related objects: 1881-0324-350
IBI-CEC9D1941144,production_place,provenance,Made in: Iraq,reported,SRC-3D4B57D27A24,Related objects: 1881-0324-350
IBI-CEEF8D572150,catalogue_language_codes,language,heb,reported,SRC-C97C8BFDBF2D,MMS 997008712399605171
IBI-CEEF8D572150,current_location,location,"National Library of Israel, Jerusalem",reported,SRC-C97C8BFDBF2D,MMS 997008712399605171
IBI-CEEF8D572150,dating,dating,400–899 CE,reported,SRC-C97C8BFDBF2D,MMS 997008712399605171
IBI-CEEF8D572150,dimensions,dimensions,Height 116 mm; source field ‘הקף’ 360 mm,reported,SRC-C97C8BFDBF2D,MMS 997008712399605171
IBI-CF2E762AEBC7,current_location,location,The British Museum,reported,SRC-3D4B57D27A24,Related objects: 1980-0415-31-m
IBI-CF2E762AEBC7,dating,dating,6thC-8thC,reported,SRC-3D4B57D27A24,Related objects: 1980-0415-31-m
IBI-CF2E762AEBC7,findspot,provenance,Found/Acquired: Iraq,reported,SRC-3D4B57D27A24,Related objects: 1980-0415-31-m
IBI-CF2E762AEBC7,period,dating,Late-Post Sasanian,reported,SRC-3D4B57D27A24,Related objects: 1980-0415-31-m
IBI-CF2E762AEBC7,production_place,provenance,Made in: Iraq,reported,SRC-3D4B57D27A24,Related objects: 1980-0415-31-m
IBI-CF443CC232B9,culture,dating,Sasanian,reported,SRC-2224B0D9093F,https://www.metmuseum.org/art/collection/search/322404
IBI-CF443CC232B9,current_location,location,"Metropolitan Museum of Art, New York, NY",reported,SRC-2224B0D9093F,https://www.metmuseum.org/art/collection/search/322404
IBI-CF443CC232B9,dating,dating,ca. 5th–6th century CE,reported,SRC-2224B0D9093F,https://www.metmuseum.org/art/collection/search/322404
IBI-CF443CC232B9,dimensions,dimensions,3 5/16 × 7 3/8 × 7 3/8 in. (8.4 × 18.7 × 18.7 cm),reported,SRC-2224B0D9093F,https://www.metmuseum.org/art/collection/search/322404
IBI-CF443CC232B9,geography,provenance,Mesopotamia,reported,SRC-2224B0D9093F,https://www.metmuseum.org/art/collection/search/322404
IBI-CF443CC232B9,inscription_language,language,Mandaic,reported,SRC-2224B0D9093F,https://www.metmuseum.org/art/collection/search/322404
IBI-CF443CC232B9,material,material,Ceramic,reported,SRC-2224B0D9093F,https://www.metmuseum.org/art/collection/search/322404
IBI-CF443CC232B9,period,dating,Sasanian,reported,SRC-2224B0D9093F,https://www.metmuseum.org/art/collection/search/322404
IBI-CF443CC232B9,provenance_summary,provenance,"Rogers Fund, 1932",reported,SRC-2224B0D9093F,https://www.metmuseum.org/art/collection/search/322404
IBI-CF57D0BC40F5,catalogue_language_codes,language,heb,reported,SRC-A165455A5304,MMS 997008712546905171
IBI-CF57D0BC40F5,current_location,location,"National Library of Israel, Jerusalem",reported,SRC-A165455A5304,MMS 997008712546905171
IBI-CF57D0BC40F5,dating,dating,400–899 CE,reported,SRC-A165455A5304,MMS 997008712546905171
IBI-CF57D0BC40F5,dimensions,dimensions,Height 72 mm; source field ‘הקף’ 164 mm,reported,SRC-A165455A5304,MMS 997008712546905171
IBI-CF631FD80A2E,current_or_reported_collection,location,Penn Museum,reported,SRC-6D313A7AA389,"p. 2, item 30"
IBI-CF631FD80A2E,inscription_language,language,Syriac,reported,SRC-6D313A7AA389,"p. 2, item 30"
IBI-CF631FD80A2E,script,script,Syriac ‘Manichaean’ script,reported,SRC-6D313A7AA389,"p. 2, item 30"
IBI-CF7556423B9D,condition,condition,Broken and mended; segment missing.,reported,SRC-943673B56FB8,"Catalogue, text 14, printed p. 323; PDF p. 329; description column"
IBI-CF7556423B9D,current_or_reported_collection,location,Penn Museum,reported,SRC-943673B56FB8,"p. 323, item 14"
IBI-CF7556423B9D,dimensions,dimensions,height 6.8 cm; diameter 18.7 cm,reported,SRC-943673B56FB8,"Catalogue, text 14, printed p. 323; PDF p. 329; size column (height by diameter)"
IBI-CF7556423B9D,dimensions,dimensions,height 6.8 cm; diameter 18.7 cm,reported,SRC-943673B56FB8,"p. 323, item 14"
IBI-CF7556423B9D,findspot,provenance,Nippur,reported,SRC-943673B56FB8,"p. 323, item 14"
IBI-CF7556423B9D,inscription_language,language,Jewish Babylonian Aramaic,reported,SRC-943673B56FB8,"p. 323, item 14"
IBI-CF7556423B9D,publication_heading_identifier,publication,CBS 16917,disputed,SRC-943673B56FB8,"text 14 heading, printed p. 183; PDF p. 189"
IBI-CF7556423B9D,publication_register_identifier,publication,CBS 16017,reported,SRC-943673B56FB8,"Catalogue, text 14, printed p. 323; PDF p. 329; catalogue number column"
IBI-CF7556423B9D,publication_register_identifier,publication,CBS 16017,probable,SRC-943673B56FB8,"closing register, printed p. 323; PDF p. 329"
IBI-CF9476A6E303,inscription_language,language,Aramaic,reported,SRC-72D809FB4249,text 037A; section pp. 43–102
IBI-CFA7B8B35672,biblical_quotation,biblical_intertexts,Zechariah 3:2,reported,SRC-C54888E36130,MS 2053/196 context: MS 2053/246
IBI-CFA7B8B35672,current_location,location,The Schøyen Collection,reported,SRC-C54888E36130,MS 2053/196 context: MS 2053/246
IBI-CFB0EFC807F9,current_location,location,Penn Museum,reported,SRC-8D4D20B236D5,https://collections.penn.museum/collections/object/38739
IBI-CFB0EFC807F9,material,material,Ceramic Ink,reported,SRC-8D4D20B236D5,https://collections.penn.museum/collections/object/38739
IBI-CFBE7C2A87F5,catalogue_language_codes,language,heb,reported,SRC-9D9A654A4A94,MMS 997008712395405171
IBI-CFBE7C2A87F5,current_location,location,"National Library of Israel, Jerusalem",reported,SRC-9D9A654A4A94,MMS 997008712395405171
IBI-CFBE7C2A87F5,dating,dating,400–899 CE,reported,SRC-9D9A654A4A94,MMS 997008712395405171
IBI-CFBE7C2A87F5,dimensions,dimensions,Height 84 mm; source field ‘הקף’ 173 mm,reported,SRC-9D9A654A4A94,MMS 997008712395405171
IBI-CFC719B959A4,catalogue_language_codes,language,heb,reported,SRC-D13B12A9C20B,MMS 997008712548005171
IBI-CFC719B959A4,current_location,location,"National Library of Israel, Jerusalem",reported,SRC-D13B12A9C20B,MMS 997008712548005171
IBI-CFC719B959A4,dating,dating,400–899 CE,reported,SRC-D13B12A9C20B,MMS 997008712548005171
IBI-CFC719B959A4,dimensions,dimensions,Height 73 mm; source field ‘הקף’ 162 mm,reported,SRC-D13B12A9C20B,MMS 997008712548005171
IBI-D026063426EF,current_location,location,Penn Museum,reported,SRC-F9AF1A2B801F,https://collections.penn.museum/collections/object/34750
IBI-D026063426EF,material,material,Ceramic; Ink,reported,SRC-F9AF1A2B801F,https://collections.penn.museum/collections/object/34750
IBI-D051C726E32B,current_location,location,Penn Museum,reported,SRC-4DAE5E57BB1D,https://collections.penn.museum/collections/object/325645
IBI-D051C726E32B,material,material,Ceramic; Ink,reported,SRC-4DAE5E57BB1D,https://collections.penn.museum/collections/object/325645
IBI-D0A6CF48B471,catalogue_language_codes,language,heb,reported,SRC-F2EC88B0A4EB,MMS 997008712400805171
IBI-D0A6CF48B471,current_location,location,"National Library of Israel, Jerusalem",reported,SRC-F2EC88B0A4EB,MMS 997008712400805171
IBI-D0A6CF48B471,dating,dating,400–899 CE,reported,SRC-F2EC88B0A4EB,MMS 997008712400805171
IBI-D0A6CF48B471,dimensions,dimensions,Height 63 mm; source field ‘הקף’ 185 mm,reported,SRC-F2EC88B0A4EB,MMS 997008712400805171
IBI-D0F8CD2771DB,current_or_reported_collection,location,Penn Museum,reported,SRC-6D313A7AA389,"p. 2, item 28"
IBI-D0F8CD2771DB,inscription_language,language,Syriac,reported,SRC-6D313A7AA389,"p. 2, item 28"
IBI-D0F8CD2771DB,script,script,Syriac ‘Manichaean’ script,reported,SRC-6D313A7AA389,"p. 2, item 28"
IBI-D177CA9271FD,current_location,location,The British Museum,reported,SRC-3D4B57D27A24,Related objects: 1880-1112-1964
IBI-D177CA9271FD,dating,dating,6thC-8thC,reported,SRC-3D4B57D27A24,Related objects: 1880-1112-1964
IBI-D177CA9271FD,findspot,provenance,Excavated/Findspot: Birs-Nimrud (Borsippa),reported,SRC-3D4B57D27A24,Related objects: 1880-1112-1964
IBI-D177CA9271FD,period,dating,Late-Post Sasanian,reported,SRC-3D4B57D27A24,Related objects: 1880-1112-1964
IBI-D177CA9271FD,production_place,provenance,Made in: Iraq,reported,SRC-3D4B57D27A24,Related objects: 1880-1112-1964
IBI-D1CA2736055D,condition,condition,fragmentary,reported,SRC-3A8095B6D794,index entry BM065A
IBI-D227A0BAF003,catalogue_language_codes,language,heb,reported,SRC-72E772B0D8BB,MMS 997008712402205171
IBI-D227A0BAF003,current_location,location,"National Library of Israel, Jerusalem",reported,SRC-72E772B0D8BB,MMS 997008712402205171
IBI-D227A0BAF003,dating,dating,400–899 CE,reported,SRC-72E772B0D8BB,MMS 997008712402205171
IBI-D227A0BAF003,dimensions,dimensions,Height 62 mm; source field ‘הקף’ 144 mm,reported,SRC-72E772B0D8BB,MMS 997008712402205171
IBI-D23DBA217AEB,current_location,location,Penn Museum,reported,SRC-29C91A678076,https://collections.penn.museum/collections/object/168965
IBI-D2691E26D2CB,inscription_language,language,Mandaic,reported,SRC-72D809FB4249,text 095M; section pp. 103–146
IBI-D2935A468C4F,inscription_language,language,Aramaic,reported,SRC-72D809FB4249,text 070A; section pp. 43–102
IBI-D2C708F2AA14,current_location,location,"Frau Professor Hilprecht Collection, Friedrich Schiller University Jena",reported,SRC-4FD8CCDCD0E5,dc00001090
IBI-D2C708F2AA14,dating,dating,500–700 CE,reported,SRC-4FD8CCDCD0E5,dc00001090
IBI-D2C708F2AA14,dimensions,dimensions,Height 6.2 cm; diameter 17 cm,reported,SRC-4FD8CCDCD0E5,dc00001090
IBI-D2C708F2AA14,findspot,provenance,"Nippur, Iraq",reported,SRC-4FD8CCDCD0E5,dc00001090
IBI-D2D12615DAA7,biblical_quotations,biblical_intertexts,"[""Deut. 6.19""]",reported,SRC-73C44B143A9D,"p. 156, distribution table, VA 2484"
IBI-D2D12615DAA7,current_or_reported_collection,location,"Vorderasiatisches Museum, Berlin",reported,SRC-73C44B143A9D,"p. 156, distribution table, VA 2484"
IBI-D2D12615DAA7,inscription_language,language,Jewish Babylonian Aramaic,reported,SRC-73C44B143A9D,"p. 156, distribution table, VA 2484"
IBI-D2E1F77128E9,collection_history,provenance,Donated by Avigdor Klagsbald,reported,SRC-BCC98AAE8C40,article: bowl 6 of seven-object Klagsbald donation
IBI-D2E1F77128E9,current_location,location,"National Library of Israel, Jerusalem",reported,SRC-BCC98AAE8C40,article: bowl 6 of seven-object Klagsbald donation
IBI-D45A13DA10F5,condition,condition,fragmentary,reported,SRC-3A8095B6D794,index entry BM015A
IBI-D4744BD1B068,current_location,location,Penn Museum,reported,SRC-8DC0C80F3A87,https://collections.penn.museum/collections/object/45938
IBI-D4744BD1B068,material,material,Ceramic Ink,reported,SRC-8DC0C80F3A87,https://collections.penn.museum/collections/object/45938
IBI-D4BAB956C0CD,current_location,location,Penn Museum,reported,SRC-0143DF58AF23,https://collections.penn.museum/collections/object/68943
IBI-D4BAB956C0CD,material,material,Ceramic Ink,reported,SRC-0143DF58AF23,https://collections.penn.museum/collections/object/68943
IBI-D50BC9F2D496,current_location,location,The British Museum,reported,SRC-3D4B57D27A24,Related objects: 1922-0812-14
IBI-D50BC9F2D496,dating,dating,6thC-8thC,reported,SRC-3D4B57D27A24,Related objects: 1922-0812-14
IBI-D50BC9F2D496,findspot,provenance,Found/Acquired: Ashur (historic),reported,SRC-3D4B57D27A24,Related objects: 1922-0812-14
IBI-D50BC9F2D496,period,dating,Late-Post Sasanian,reported,SRC-3D4B57D27A24,Related objects: 1922-0812-14
IBI-D50BC9F2D496,production_place,provenance,Made in: Iraq,reported,SRC-3D4B57D27A24,Related objects: 1922-0812-14
IBI-D53390041C26,inscription_language,language,Aramaic,reported,SRC-72D809FB4249,text 051A; section pp. 43–102
IBI-D598DA57FA0E,inscription_language,language,Aramaic,reported,SRC-72D809FB4249,text 033A; section pp. 43–102
IBI-D5AB689EABA8,client,client,Mahperoz son of Hindu,reported,SRC-F5D33A091B32,object W_1851-1009-96
IBI-D5AB689EABA8,current_location,location,The British Museum,reported,SRC-3D4B57D27A24,Related objects: 1851-1009-96
IBI-D5AB689EABA8,current_location,location,The British Museum,reported,SRC-F5D33A091B32,object W_1851-1009-96
IBI-D5AB689EABA8,dating,dating,6thC–8thC,reported,SRC-F5D33A091B32,object W_1851-1009-96
IBI-D5AB689EABA8,dating,dating,6thC-8thC,reported,SRC-3D4B57D27A24,Related objects: 1851-1009-96
IBI-D5AB689EABA8,dimensions,dimensions,Diameter 18.60 cm; depth 4.60 cm,reported,SRC-F5D33A091B32,object W_1851-1009-96
IBI-D5AB689EABA8,findspot,provenance,Found/Acquired: Babylon (historic - Iraq),reported,SRC-3D4B57D27A24,Related objects: 1851-1009-96
IBI-D5AB689EABA8,findspot,provenance,Babylon,reported,SRC-F5D33A091B32,object W_1851-1009-96
IBI-D5AB689EABA8,inscription_language,language,Aramaic,reported,SRC-F5D33A091B32,object W_1851-1009-96
IBI-D5AB689EABA8,material,material,pottery,reported,SRC-F5D33A091B32,object W_1851-1009-96
IBI-D5AB689EABA8,period,dating,Late-Post Sasanian,reported,SRC-3D4B57D27A24,Related objects: 1851-1009-96
IBI-D5AB689EABA8,production_place,provenance,Made in: Iraq,reported,SRC-3D4B57D27A24,Related objects: 1851-1009-96
IBI-D5C2461A24E6,catalogue_language_codes,language,heb,reported,SRC-2AB386E77F55,MMS 997008712545005171
IBI-D5C2461A24E6,current_location,location,"National Library of Israel, Jerusalem",reported,SRC-2AB386E77F55,MMS 997008712545005171
IBI-D5C2461A24E6,dating,dating,400–899 CE,reported,SRC-2AB386E77F55,MMS 997008712545005171
IBI-D5C2461A24E6,dimensions,dimensions,Height 78 mm; source field ‘הקף’ 174 mm,reported,SRC-2AB386E77F55,MMS 997008712545005171
IBI-D6271EA68AE7,current_location,location,Penn Museum,reported,SRC-9EE856E168F9,https://collections.penn.museum/collections/object/137208
IBI-D6271EA68AE7,material,material,Ceramic; Ink,reported,SRC-9EE856E168F9,https://collections.penn.museum/collections/object/137208
IBI-D6B6F227C0B8,dating,dating,600–800 CE,reported,SRC-FA220943A803,"lot 1200, object 2 of 3"
IBI-D6B6F227C0B8,dimensions,dimensions,Group components reportedly 175–200 mm × 50–75 mm; individual assignment unavailable,reported,SRC-FA220943A803,"lot 1200, object 2 of 3"
IBI-D6B6F227C0B8,inscription_language,language,Aramaic,reported,SRC-FA220943A803,"lot 1200, object 2 of 3"
IBI-D6B6F227C0B8,material,material,Pottery,reported,SRC-FA220943A803,"lot 1200, object 2 of 3"
IBI-D6B6F227C0B8,provenance,provenance,Private UK collection; purchased on the London art market in the 1980s,reported,SRC-FA220943A803,"lot 1200, object 2 of 3"
IBI-D6C5979E4F6F,current_location,location,Penn Museum,reported,SRC-B65DDE4B6FCE,https://collections.penn.museum/collections/object/222028
IBI-D6C5979E4F6F,material,material,Ceramic; Ink,reported,SRC-B65DDE4B6FCE,https://collections.penn.museum/collections/object/222028
IBI-D6CC347287A4,current_or_reported_collection,location,Vorderasiatisches Museum Berlin,reported,SRC-6D313A7AA389,"p. 2, item 34"
IBI-D6CC347287A4,inscription_language,language,Syriac,reported,SRC-6D313A7AA389,"p. 2, item 34"
IBI-D6CC347287A4,script,script,Syriac ‘Manichaean’ script,reported,SRC-6D313A7AA389,"p. 2, item 34"
IBI-D6CC347287A4,script_classification,script,Müller-Kessler labels the script Estrangelo; Lidzbarski described it as Manichaean,disputed,SRC-6D313A7AA389,"p. 2, item 34"
IBI-D6F3F56881F3,catalogue_language_codes,language,heb,reported,SRC-3E598E0F44C2,MMS 997008712397605171
IBI-D6F3F56881F3,current_location,location,"National Library of Israel, Jerusalem",reported,SRC-3E598E0F44C2,MMS 997008712397605171
IBI-D6F3F56881F3,dating,dating,400–899 CE,reported,SRC-3E598E0F44C2,MMS 997008712397605171
IBI-D6F3F56881F3,dimensions,dimensions,Height 70 mm; source field ‘הקף’ 163 mm,reported,SRC-3E598E0F44C2,MMS 997008712397605171
IBI-D70867D160AF,catalogue_language_codes,language,heb,reported,SRC-E9305F7152A0,MMS 997008712401805171
IBI-D70867D160AF,current_location,location,"National Library of Israel, Jerusalem",reported,SRC-E9305F7152A0,MMS 997008712401805171
IBI-D70867D160AF,dating,dating,400–899 CE,reported,SRC-E9305F7152A0,MMS 997008712401805171
IBI-D70867D160AF,dimensions,dimensions,Height 82 mm; source field ‘הקף’ 174 mm,reported,SRC-E9305F7152A0,MMS 997008712401805171
IBI-D7459063D2FE,inscription_language,language,Mandaic,reported,SRC-72D809FB4249,text 084M; section pp. 103–146
IBI-D7DBEFF71013,current_location,location,The British Museum,reported,SRC-3D4B57D27A24,Related objects: 1925-1015-8
IBI-D7DBEFF71013,dating,dating,6thC-8thC,reported,SRC-3D4B57D27A24,Related objects: 1925-1015-8
IBI-D7DBEFF71013,period,dating,Late-Post Sasanian,reported,SRC-3D4B57D27A24,Related objects: 1925-1015-8
IBI-D7DBEFF71013,production_place,provenance,Made in: Iraq,reported,SRC-3D4B57D27A24,Related objects: 1925-1015-8
IBI-D8319A094023,condition,condition,Broken and mended; small fragment missing.,reported,SRC-943673B56FB8,"Catalogue, text 30, printed p. 325; PDF p. 331; description column"
IBI-D8319A094023,current_or_reported_collection,location,Penn Museum,reported,SRC-943673B56FB8,"p. 325, item 30"
IBI-D8319A094023,dimensions,dimensions,height 6.5 cm; diameter 16.8 cm,reported,SRC-943673B56FB8,"Catalogue, text 30, printed p. 325; PDF p. 331; size column (height by diameter)"
IBI-D8319A094023,dimensions,dimensions,height 6.5 cm; diameter 16.8 cm,reported,SRC-943673B56FB8,"p. 325, item 30"
IBI-D8319A094023,findspot,provenance,Nippur,reported,SRC-943673B56FB8,"p. 325, item 30"
IBI-D8319A094023,inscription_language,language,Jewish Babylonian Aramaic,reported,SRC-943673B56FB8,"p. 325, item 30"
IBI-D8319A094023,publication_register_identifier,publication,CBS 16096,reported,SRC-943673B56FB8,"Catalogue, text 30, printed p. 325; PDF p. 331; catalogue number column"
IBI-D88FF8FE4FCB,inscription_language,language,Aramaic,reported,SRC-72D809FB4249,text 065A; section pp. 43–102
IBI-D8C1FFD3FBED,biblical_quotations,biblical_intertexts,"[""Num. 6.24-26"", ""Isa. 44.25"", ""Song 3.7""]",reported,SRC-73C44B143A9D,"p. 155, distribution table, CAMIB 26"
IBI-D8C1FFD3FBED,current_or_reported_collection,location,British Museum,reported,SRC-73C44B143A9D,"p. 155, distribution table, CAMIB 26"
IBI-D8C1FFD3FBED,inscription_language,language,Jewish Babylonian Aramaic,reported,SRC-73C44B143A9D,"p. 155, distribution table, CAMIB 26"
IBI-D94C8C12F3AD,inscription_language,language,Aramaic,reported,SRC-72D809FB4249,text 005A; section pp. 43–102
IBI-D97F4DC17DD3,biblical_quotations,biblical_intertexts,"[""Jer. 5.22""]",reported,SRC-73C44B143A9D,"p. 162, distribution table, Ford/Ten-Ami 2012"
IBI-D97F4DC17DD3,inscription_language,language,Jewish Babylonian Aramaic,reported,SRC-73C44B143A9D,"p. 162, distribution table, Ford/Ten-Ami 2012"
IBI-D9E94A290BE6,current_location,location,The British Museum,reported,SRC-3D4B57D27A24,Related objects: 1914-0214-46
IBI-D9E94A290BE6,dating,dating,6thC-8thC,reported,SRC-3D4B57D27A24,Related objects: 1914-0214-46
IBI-D9E94A290BE6,findspot,provenance,Found/Acquired: Khorsabad,reported,SRC-3D4B57D27A24,Related objects: 1914-0214-46
IBI-D9E94A290BE6,period,dating,Late-Post Sasanian,reported,SRC-3D4B57D27A24,Related objects: 1914-0214-46
IBI-D9E94A290BE6,production_place,provenance,Made in: Iraq,reported,SRC-3D4B57D27A24,Related objects: 1914-0214-46
IBI-D9E9C4FD2C24,current_location,location,"Frau Professor Hilprecht Collection, Friedrich Schiller University Jena",reported,SRC-523BD0A56A3F,dc00001089
IBI-D9E9C4FD2C24,dating,dating,500–700 CE,reported,SRC-523BD0A56A3F,dc00001089
IBI-D9E9C4FD2C24,dimensions,dimensions,Height 6 cm; diameter 17.1 cm,reported,SRC-523BD0A56A3F,dc00001089
IBI-D9E9C4FD2C24,findspot,provenance,"Nippur, Iraq",reported,SRC-523BD0A56A3F,dc00001089
IBI-DAA9CA20E17D,inscription_language,language,Mandaic,reported,SRC-72D809FB4249,text 104M; section pp. 103–146
IBI-DABD44C9BD10,current_location,location,The British Museum,reported,SRC-3D4B57D27A24,Related objects: 1911-0408-50
IBI-DABD44C9BD10,dating,dating,6thC-8thC,reported,SRC-3D4B57D27A24,Related objects: 1911-0408-50
IBI-DABD44C9BD10,period,dating,Late-Post Sasanian,reported,SRC-3D4B57D27A24,Related objects: 1911-0408-50
IBI-DABD44C9BD10,production_place,provenance,Made in: Iraq,reported,SRC-3D4B57D27A24,Related objects: 1911-0408-50
IBI-DB6683F21ED5,bibliography,publication,"Julian Obermann, ‘Two Magic Bowls: New Incantation Texts from Mesopotamia,’ AJSL 57 (1940): 1–31.",reported,SRC-D2482299BAC7,paragraph 3 and object metadata: YBC 2359
IBI-DB6683F21ED5,current_location,location,Yale Babylonian Collection,reported,SRC-D2482299BAC7,paragraph 3 and object metadata: YBC 2359
IBI-DB6683F21ED5,dating,dating,5th–8th centuries CE,reported,SRC-D2482299BAC7,paragraph 3 and object metadata: YBC 2359
IBI-DB6683F21ED5,dimensions,dimensions,Height 3.9 cm; width 12.5 cm,reported,SRC-D2482299BAC7,paragraph 3 and object metadata: YBC 2359
IBI-DB6683F21ED5,inscription_language,language,Jewish Babylonian Aramaic,reported,SRC-D2482299BAC7,paragraph 3 and object metadata: YBC 2359
IBI-DB6683F21ED5,material,material,Terracotta,reported,SRC-D2482299BAC7,paragraph 3 and object metadata: YBC 2359
IBI-DC2AA7C32F36,dating,dating,4th–8th century CE,reported,SRC-5199B3C11E5A,"8 September 2026, lot 213; record 267666"
IBI-DC2AA7C32F36,dimensions,dimensions,Diameter 17.6 cm; weight 360 g,reported,SRC-5199B3C11E5A,"8 September 2026, lot 213; record 267666"
IBI-DC2AA7C32F36,inscription_language,language,Aramaic,reported,SRC-5199B3C11E5A,"8 September 2026, lot 213; record 267666"
IBI-DC2AA7C32F36,material,material,Terracotta,reported,SRC-5199B3C11E5A,"8 September 2026, lot 213; record 267666"
IBI-DC2AA7C32F36,provenance,provenance,Private collection in the 1980s; UK private collection before 2000; acquired on UK art market; private London collection,reported,SRC-5199B3C11E5A,"8 September 2026, lot 213; record 267666"
IBI-DC2AA7C32F36,text_layout,text_form,Spiral from bottom inner wall to rim,reported,SRC-5199B3C11E5A,"8 September 2026, lot 213; record 267666"
IBI-DC2AF9B46657,biblical_quotation,biblical_intertexts,Zechariah 3:2,reported,SRC-C54888E36130,MS 2053/196 context: MS 2053/56
IBI-DC2AF9B46657,current_location,location,The Schøyen Collection,reported,SRC-C54888E36130,MS 2053/196 context: MS 2053/56
IBI-DC36E80A1951,condition,condition,Broken and mended; some fragments missing.,reported,SRC-943673B56FB8,"Catalogue, text 39, printed p. 326; PDF p. 332; description column"
IBI-DC36E80A1951,current_or_reported_collection,location,Penn Museum,reported,SRC-943673B56FB8,"p. 326, item 39"
IBI-DC36E80A1951,dimensions,dimensions,height 6.8 cm; diameter 17.2 cm,reported,SRC-943673B56FB8,"Catalogue, text 39, printed p. 326; PDF p. 332; size column (height by diameter)"
IBI-DC36E80A1951,dimensions,dimensions,height 6.8 cm; diameter 17.2 cm,reported,SRC-943673B56FB8,"p. 326, item 39"
IBI-DC36E80A1951,findspot,provenance,Nippur,reported,SRC-943673B56FB8,"p. 326, item 39"
IBI-DC36E80A1951,inscription_language,language,Mandaic,reported,SRC-943673B56FB8,"p. 326, item 39"
IBI-DC36E80A1951,publication_register_identifier,publication,CBS 9005,reported,SRC-943673B56FB8,"Catalogue, text 39, printed p. 326; PDF p. 332; catalogue number column"
IBI-DC4CC92ABDB9,current_location,location,The British Museum,reported,SRC-3D4B57D27A24,Related objects: 1914-0404-3253
IBI-DC4CC92ABDB9,dating,dating,6thC-8thC,reported,SRC-3D4B57D27A24,Related objects: 1914-0404-3253
IBI-DC4CC92ABDB9,period,dating,Late-Post Sasanian,reported,SRC-3D4B57D27A24,Related objects: 1914-0404-3253
IBI-DC4CC92ABDB9,production_place,provenance,Made in: Iraq,reported,SRC-3D4B57D27A24,Related objects: 1914-0404-3253
IBI-DC6868391777,biblical_quotation,biblical_intertexts,Zechariah 3:2,reported,SRC-C54888E36130,MS 2053/196 context: MS 2053/13
IBI-DC6868391777,current_location,location,The Schøyen Collection,reported,SRC-C54888E36130,MS 2053/196 context: MS 2053/13
IBI-DC69D2C0C3B3,current_or_reported_collection,location,British Museum,reported,SRC-6D313A7AA389,"p. 1, item 19"
IBI-DC69D2C0C3B3,inscription_language,language,Syriac,reported,SRC-6D313A7AA389,"p. 1, item 19"
IBI-DC69D2C0C3B3,script,script,Syriac ‘Manichaean’ script,reported,SRC-6D313A7AA389,"p. 1, item 19"
IBI-DCA253EBA01A,inscription_language,language,Syriac,reported,SRC-6D313A7AA389,"p. 1, item 14"
IBI-DCA253EBA01A,script,script,Syriac ‘Manichaean’ script,reported,SRC-6D313A7AA389,"p. 1, item 14"
IBI-DCB180CAB0CD,dimensions,dimensions,16.32 cm,reported,SRC-73B85F2D465B,DOI 10.25549/inscriptifact-ouc15259844
IBI-DCB180CAB0CD,material,material,Clay,reported,SRC-73B85F2D465B,DOI 10.25549/inscriptifact-ouc15259844
IBI-DCB180CAB0CD,provenance_summary,provenance,Unprovenanced,reported,SRC-73B85F2D465B,DOI 10.25549/inscriptifact-ouc15259844
IBI-DCB180CAB0CD,script_or_language,language,Syriac,reported,SRC-73B85F2D465B,DOI 10.25549/inscriptifact-ouc15259844
IBI-DD170995141F,condition,condition,Intact; female figure slightly discolored; exterior craze stabilized,reported,SRC-81CBECDBBCA9,Trocadero item 1495910
IBI-DD170995141F,dating,dating,5th–7th century CE,reported,SRC-81CBECDBBCA9,Trocadero item 1495910
IBI-DD170995141F,dimensions,dimensions,Diameter 17 cm,reported,SRC-81CBECDBBCA9,Trocadero item 1495910
IBI-DD170995141F,iconography,visual,Bound male and female figures with a segmented scorpion,reported,SRC-81CBECDBBCA9,Trocadero item 1495910
IBI-DD170995141F,material,material,Ceramic,reported,SRC-81CBECDBBCA9,Trocadero item 1495910
IBI-DD170995141F,script,script,Pseudo-script: meaningless repetition of one letter,reported,SRC-81CBECDBBCA9,Trocadero item 1495910
IBI-DD2809A820A3,bibliography,publication,"Ford 2014 commentary on Shaked–Ford–Bhayro 2013, JBA 63",reported,SRC-FORD2014-AUOR,"Commentary on JBA 63, Ford 2014 pp. 246"
IBI-DD2809A820A3,text_feature,text_description,Ford reports: Proposed revision of a personal-name reading.,reported,SRC-FORD2014-AUOR,pp. 246; JBA 63:5
IBI-DD4107304D3A,current_location,location,The British Museum,reported,SRC-3D4B57D27A24,Related objects: 1856-0903-1154
IBI-DD4107304D3A,dating,dating,6thC-8thC,reported,SRC-3D4B57D27A24,Related objects: 1856-0903-1154
IBI-DD4107304D3A,findspot,provenance,Excavated/Findspot: Warka,reported,SRC-3D4B57D27A24,Related objects: 1856-0903-1154
IBI-DD4107304D3A,period,dating,Late-Post Sasanian,reported,SRC-3D4B57D27A24,Related objects: 1856-0903-1154
IBI-DD4107304D3A,production_place,provenance,Made in: Iraq,reported,SRC-3D4B57D27A24,Related objects: 1856-0903-1154
IBI-DD441C1D4C62,current_location,location,The British Museum,reported,SRC-3D4B57D27A24,Related objects: 1868-0523-4
IBI-DD441C1D4C62,dating,dating,6thC-8thC,reported,SRC-3D4B57D27A24,Related objects: 1868-0523-4
IBI-DD441C1D4C62,period,dating,Late-Post Sasanian,reported,SRC-3D4B57D27A24,Related objects: 1868-0523-4
IBI-DD441C1D4C62,production_place,provenance,Made in: Iraq,reported,SRC-3D4B57D27A24,Related objects: 1868-0523-4
IBI-DD8AA3CB0C93,collection_history,provenance,Donated by Avigdor Klagsbald,reported,SRC-BCC98AAE8C40,article: bowl 7 of seven-object Klagsbald donation
IBI-DD8AA3CB0C93,current_location,location,"National Library of Israel, Jerusalem",reported,SRC-BCC98AAE8C40,article: bowl 7 of seven-object Klagsbald donation
IBI-DDC4E29E455A,current_location,location,Penn Museum,reported,SRC-E706AD009C79,https://collections.penn.museum/collections/object/58680
IBI-DDC4E29E455A,material,material,Ceramic; Ink,reported,SRC-E706AD009C79,https://collections.penn.museum/collections/object/58680
IBI-DE76B61B6C76,biblical_quotations,biblical_intertexts,"[""Num. 6.24-26"", ""Zech. 3.2""]",reported,SRC-73C44B143A9D,"p. 160, distribution table, MS 2053/130"
IBI-DE76B61B6C76,current_or_reported_collection,location,The Schøyen Collection,reported,SRC-73C44B143A9D,"p. 160, distribution table, MS 2053/130"
IBI-DE76B61B6C76,inscription_language,language,Jewish Babylonian Aramaic,reported,SRC-73C44B143A9D,"p. 160, distribution table, MS 2053/130"
IBI-DE794FBC9282,catalogue_language_codes,language,heb,reported,SRC-BE507B10EF2A,MMS 997008712544705171
IBI-DE794FBC9282,current_location,location,"National Library of Israel, Jerusalem",reported,SRC-BE507B10EF2A,MMS 997008712544705171
IBI-DE794FBC9282,dating,dating,400–899 CE,reported,SRC-BE507B10EF2A,MMS 997008712544705171
IBI-DE794FBC9282,dimensions,dimensions,Height 58 mm; source field ‘הקף’ 157 mm,reported,SRC-BE507B10EF2A,MMS 997008712544705171
IBI-DEA42CB64B86,condition,condition,fragmentary,reported,SRC-3A8095B6D794,index entry BM011A
IBI-DEBC8A1B560A,inscription_language,language,Aramaic,reported,SRC-72D809FB4249,text 027A; section pp. 43–102
IBI-DEDC98D3F366,condition,condition,Broken and mended.,reported,SRC-943673B56FB8,"Catalogue, text 16, printed p. 323; PDF p. 329; description column"
IBI-DEDC98D3F366,current_or_reported_collection,location,Penn Museum,reported,SRC-943673B56FB8,"p. 323, item 16"
IBI-DEDC98D3F366,dimensions,dimensions,height 6.8 cm; diameter 16.3 cm,reported,SRC-943673B56FB8,"p. 323, item 16"
IBI-DEDC98D3F366,dimensions,dimensions,height 6.8 cm; diameter 16.3 cm,reported,SRC-943673B56FB8,"Catalogue, text 16, printed p. 323; PDF p. 329; size column (height by diameter)"
IBI-DEDC98D3F366,findspot,provenance,Nippur,reported,SRC-943673B56FB8,"p. 323, item 16"
IBI-DEDC98D3F366,inscription_language,language,Jewish Babylonian Aramaic,reported,SRC-943673B56FB8,"p. 323, item 16"
IBI-DEDC98D3F366,publication_register_identifier,publication,CBS 2920,reported,SRC-943673B56FB8,"Catalogue, text 16, printed p. 323; PDF p. 329; catalogue number column"
IBI-DF04AC9DDBFB,condition,condition,Broken and mended.,reported,SRC-943673B56FB8,"Catalogue, text 23, printed p. 324; PDF p. 330; description column"
IBI-DF04AC9DDBFB,current_or_reported_collection,location,Penn Museum,reported,SRC-943673B56FB8,"p. 324, item 23"
IBI-DF04AC9DDBFB,dimensions,dimensions,height 7 cm; diameter 17.2 cm,reported,SRC-943673B56FB8,"Catalogue, text 23, printed p. 324; PDF p. 330; size column (height by diameter)"
IBI-DF04AC9DDBFB,dimensions,dimensions,height 7 cm; diameter 17.2 cm,reported,SRC-943673B56FB8,"p. 324, item 23"
IBI-DF04AC9DDBFB,findspot,provenance,Nippur,reported,SRC-943673B56FB8,"p. 324, item 23"
IBI-DF04AC9DDBFB,inscription_language,language,Jewish Babylonian Aramaic,reported,SRC-943673B56FB8,"p. 324, item 23"
IBI-DF04AC9DDBFB,publication_register_identifier,publication,CBS 16090,reported,SRC-943673B56FB8,"Catalogue, text 23, printed p. 324; PDF p. 330; catalogue number column"
IBI-DF04AC9DDBFB,translation_availability,publication,No separate English translation supplied in Montgomery 1913. One of three parallel texts printed together; the English block is explicitly headed Translation of No. 22. No separate translation of no. 23 is supplied.,certain,SRC-943673B56FB8,"text 23, printed p. 203; PDF p. 209"
IBI-DF07D8BFA2A2,biblical_quotations,biblical_intertexts,"[""Isa. 6.3""]",reported,SRC-73C44B143A9D,"p. 160, distribution table, S-446"
IBI-DF07D8BFA2A2,inscription_language,language,Jewish Babylonian Aramaic,reported,SRC-73C44B143A9D,"p. 160, distribution table, S-446"
IBI-DF0DD1DEA8B0,current_location,location,Penn Museum,reported,SRC-EB09D527BB22,https://collections.penn.museum/collections/object/188383
IBI-DF0DD1DEA8B0,material,material,Ceramic Ink,reported,SRC-EB09D527BB22,https://collections.penn.museum/collections/object/188383
IBI-DF5CD82C866D,biblical_quotation,biblical_intertexts,Zechariah 3:2,reported,SRC-C54888E36130,MS 2053/196 context: MS 1928/14
IBI-DF5CD82C866D,current_location,location,The Schøyen Collection,reported,SRC-C54888E36130,MS 2053/196 context: MS 1928/14
IBI-E088FE342AE5,dating,dating,5th–7th century CE,reported,SRC-E46788C318F6,"sale 1036, lot 24"
IBI-E088FE342AE5,dimensions,dimensions,16.5 cm diameter,reported,SRC-E46788C318F6,"sale 1036, lot 24"
IBI-E088FE342AE5,inscription_language,language,Aramaic,reported,SRC-E46788C318F6,"sale 1036, lot 24"
IBI-E088FE342AE5,provenance,provenance,"Collection of Dr. Warren Breisblatt, Frederick, Maryland",reported,SRC-E46788C318F6,"sale 1036, lot 24"
IBI-E08DF7A05D36,current_location,location,Penn Museum,reported,SRC-C91C9977E144,https://collections.penn.museum/collections/object/102194
IBI-E08DF7A05D36,material,material,Ceramic; Ink,reported,SRC-C91C9977E144,https://collections.penn.museum/collections/object/102194
IBI-E10F6716C2C1,condition,condition,Broken and mended; two considerable fragments missing.,reported,SRC-943673B56FB8,"Catalogue, text 33, printed p. 326; PDF p. 332; description column"
IBI-E10F6716C2C1,current_or_reported_collection,location,Penn Museum,reported,SRC-943673B56FB8,"p. 326, item 33"
IBI-E10F6716C2C1,dimensions,dimensions,height 6.2 cm; diameter 15.5 cm,reported,SRC-943673B56FB8,"Catalogue, text 33, printed p. 326; PDF p. 332; size column (height by diameter)"
IBI-E10F6716C2C1,dimensions,dimensions,height 6.2 cm; diameter 15.5 cm,reported,SRC-943673B56FB8,"p. 326, item 33"
IBI-E10F6716C2C1,findspot,provenance,Nippur,reported,SRC-943673B56FB8,"p. 326, item 33"
IBI-E10F6716C2C1,inscription_language,language,Syriac,reported,SRC-943673B56FB8,"p. 326, item 33"
IBI-E10F6716C2C1,publication_register_identifier,publication,CBS 16019,reported,SRC-943673B56FB8,"Catalogue, text 33, printed p. 326; PDF p. 332; catalogue number column"
IBI-E10F6716C2C1,translation_availability,publication,"No separate English translation supplied in Montgomery 1913. The note states the inscription is practically contained in no. 32, with a changed client name. No separate English translation is supplied.",certain,SRC-943673B56FB8,"text 33, printed p. 230; PDF p. 236"
IBI-E1144204BA40,current_location,location,Penn Museum,reported,SRC-9EEB71E4C8AA,https://collections.penn.museum/collections/object/115717
IBI-E1144204BA40,material,material,Ceramic; Ink,reported,SRC-9EEB71E4C8AA,https://collections.penn.museum/collections/object/115717
IBI-E132B79EADD2,current_location,location,The British Museum,reported,SRC-3D4B57D27A24,Related objects: 1881-0714-6
IBI-E132B79EADD2,dating,dating,6thC-8thC,reported,SRC-3D4B57D27A24,Related objects: 1881-0714-6
IBI-E132B79EADD2,findspot,provenance,Excavated/Findspot: Tell Ibrahim (Kutha),reported,SRC-3D4B57D27A24,Related objects: 1881-0714-6
IBI-E132B79EADD2,period,dating,Late-Post Sasanian,reported,SRC-3D4B57D27A24,Related objects: 1881-0714-6
IBI-E132B79EADD2,production_place,provenance,Made in: Iraq,reported,SRC-3D4B57D27A24,Related objects: 1881-0714-6
IBI-E135C0EA9CED,condition,condition,Slightly broken and mended; small fragment missing.,reported,SRC-943673B56FB8,"Catalogue, text 5, printed p. 322; PDF p. 328; description column"
IBI-E135C0EA9CED,current_or_reported_collection,location,Penn Museum,reported,SRC-943673B56FB8,"p. 322, item 5"
IBI-E135C0EA9CED,dimensions,dimensions,height 7 cm; diameter 18 cm,reported,SRC-943673B56FB8,"Catalogue, text 5, printed p. 322; PDF p. 328; size column (height by diameter)"
IBI-E135C0EA9CED,dimensions,dimensions,height 7 cm; diameter 18 cm,reported,SRC-943673B56FB8,"p. 322, item 5"
IBI-E135C0EA9CED,findspot,provenance,Nippur,reported,SRC-943673B56FB8,"p. 322, item 5"
IBI-E135C0EA9CED,inscription_language,language,Jewish Babylonian Aramaic,reported,SRC-943673B56FB8,"p. 322, item 5"
IBI-E135C0EA9CED,publication_register_identifier,publication,CBS 2952,reported,SRC-943673B56FB8,"Catalogue, text 5, printed p. 322; PDF p. 328; catalogue number column"
IBI-E179BADB3761,current_location,location,Penn Museum,reported,SRC-9DE6760E76E4,https://collections.penn.museum/collections/object/104403
IBI-E179BADB3761,dating,dating,400–800 CE,reported,SRC-9DE6760E76E4,https://collections.penn.museum/collections/object/104403; Details table; observed 2026-09-05T14:29:21.423Z; Date Made
IBI-E179BADB3761,dimensions,dimensions,height 7 cm; outside diameter 16.8 cm,reported,SRC-9DE6760E76E4,https://collections.penn.museum/collections/object/104403; Details table; observed 2026-09-05T14:29:21.423Z; Height and Outside Diameter
IBI-E179BADB3761,material,material,Ceramic; Ink,reported,SRC-9DE6760E76E4,https://collections.penn.museum/collections/object/104403
IBI-E18000741DAB,biblical_quotations,biblical_intertexts,"[""Exod. 19.9-12""]",reported,SRC-73C44B143A9D,"p. 159, distribution table, HS 3030"
IBI-E18000741DAB,current_or_reported_collection,location,"Frau Professor Hilprecht Collection, Jena",reported,SRC-73C44B143A9D,"p. 159, distribution table, HS 3030"
IBI-E18000741DAB,inscription_language,language,Jewish Babylonian Aramaic,reported,SRC-73C44B143A9D,"p. 159, distribution table, HS 3030"
IBI-E1A342BA217A,catalogue_language_codes,language,heb,reported,SRC-9648B800DB11,MMS 997008712548605171
IBI-E1A342BA217A,current_location,location,"National Library of Israel, Jerusalem",reported,SRC-9648B800DB11,MMS 997008712548605171
IBI-E1A342BA217A,dating,dating,400–899 CE,reported,SRC-9648B800DB11,MMS 997008712548605171
IBI-E1A342BA217A,dimensions,dimensions,Height 57 mm; source field ‘הקף’ 160 mm,reported,SRC-9648B800DB11,MMS 997008712548605171
IBI-E20EB1F7EAB4,inscription_language,language,Syriac,reported,SRC-6D313A7AA389,"p. 2, item 33"
IBI-E20EB1F7EAB4,script,script,Syriac ‘Manichaean’ script,reported,SRC-6D313A7AA389,"p. 2, item 33"
IBI-E2176E40ECE2,biblical_quotation,biblical_intertexts,Zechariah 3:2,reported,SRC-C54888E36130,MS 2053/196 context: MS 2053/52
IBI-E2176E40ECE2,current_location,location,The Schøyen Collection,reported,SRC-C54888E36130,MS 2053/196 context: MS 2053/52
IBI-E23B46226CD2,dating,dating,5th–6th century CE,reported,SRC-F20148C5DA92,"lot 270, fragment 3 of 3"
IBI-E23B46226CD2,inscription_language,language,Aramaic or Aramaic-like patterns,reported,SRC-F20148C5DA92,"lot 270, fragment 3 of 3"
IBI-E23B46226CD2,material,material,Pottery,reported,SRC-F20148C5DA92,"lot 270, fragment 3 of 3"
IBI-E24EF470E162,dating,dating,5th–6th century CE,reported,SRC-4B0CEB2BE96C,"lot 58, whole bowl"
IBI-E24EF470E162,dimensions,dimensions,Diameter 11.5 cm,reported,SRC-4B0CEB2BE96C,"lot 58, whole bowl"
IBI-E24EF470E162,inscription_language,language,Aramaic,reported,SRC-4B0CEB2BE96C,"lot 58, whole bowl"
IBI-E24EF470E162,line_count,text_form,Nine spiral lines,reported,SRC-4B0CEB2BE96C,"lot 58, whole bowl"
IBI-E24EF470E162,material,material,Pottery,reported,SRC-4B0CEB2BE96C,"lot 58, whole bowl"
IBI-E24EF470E162,provenance,provenance,Said Ali Madhloom collection; brought to the UK in 1981; thence by descent,reported,SRC-4B0CEB2BE96C,"lot 58, whole bowl"
IBI-E2E80DC27E79,biblical_quotations,biblical_intertexts,"[""Num. 9.23"", ""Deut. 6.4"", ""Hos. 2.2-4"", ""Zech. 3.2""]",reported,SRC-73C44B143A9D,"p. 154, distribution table, Isbell 35"
IBI-E2E80DC27E79,inscription_language,language,Jewish Babylonian Aramaic,reported,SRC-73C44B143A9D,"p. 154, distribution table, Isbell 35"
IBI-E2FD8C520106,biblical_quotation,biblical_intertexts,Zechariah 3:2,reported,SRC-C54888E36130,MS 2053/196 context: MS 2053/182
IBI-E2FD8C520106,current_location,location,The Schøyen Collection,reported,SRC-C54888E36130,MS 2053/196 context: MS 2053/182
IBI-E3268823DA64,current_location,location,Penn Museum,reported,SRC-AF579119BEDF,https://collections.penn.museum/collections/object/5020
IBI-E3268823DA64,material,material,Ceramic Ink,reported,SRC-AF579119BEDF,https://collections.penn.museum/collections/object/5020
IBI-E3B2B21257C2,script,script,Pseudo-script,reported,SRC-72D809FB4249,text 125Ps; section pp. 150–162
IBI-E3F8EB732ACD,catalogue_language_codes,language,heb,reported,SRC-D94E4E0AD015,MMS 997008712401305171
IBI-E3F8EB732ACD,current_location,location,"National Library of Israel, Jerusalem",reported,SRC-D94E4E0AD015,MMS 997008712401305171
IBI-E3F8EB732ACD,dating,dating,400–899 CE,reported,SRC-D94E4E0AD015,MMS 997008712401305171
IBI-E3F8EB732ACD,dimensions,dimensions,Height 80 mm; source field ‘הקף’ 170 mm,reported,SRC-D94E4E0AD015,MMS 997008712401305171
IBI-E44584B3B490,current_location,location,Penn Museum,reported,SRC-1116D4D1CA25,https://collections.penn.museum/collections/object/179232
IBI-E44584B3B490,material,material,Ceramic Ink,reported,SRC-1116D4D1CA25,https://collections.penn.museum/collections/object/179232
IBI-E4602FCF2E34,attributed_author,practitioner,Rašuni son of Immay and Ispindarmēd daughter of Immay/Imma,reported,SRC-A90AB34CA3FE,"p. 102, table 6, NFP 8 and note 415"
IBI-E4602FCF2E34,current_or_reported_collection,location,Allard Pierson Museum,reported,SRC-A90AB34CA3FE,"p. 102, table 6, NFP 8 and note 415"
IBI-E4602FCF2E34,formula_genre,ritual,Divorce document,reported,SRC-A90AB34CA3FE,"p. 102, table 6, NFP 8 and note 415"
IBI-E4602FCF2E34,inscription_language,language,Jewish Babylonian Aramaic,reported,SRC-A90AB34CA3FE,"p. 102, table 6, NFP 8 and note 415"
IBI-E494B531A0F1,dating,dating,5th–6th century CE,reported,SRC-F20148C5DA92,"lot 273, fragment 5 of 5"
IBI-E494B531A0F1,inscription_language,language,Aramaic or Aramaic-like patterns,reported,SRC-F20148C5DA92,"lot 273, fragment 5 of 5"
IBI-E494B531A0F1,material,material,Pottery,reported,SRC-F20148C5DA92,"lot 273, fragment 5 of 5"
IBI-E4F58D851CFF,current_location,location,Penn Museum,reported,SRC-6CC56BA8F544,https://collections.penn.museum/collections/object/105494
IBI-E4F58D851CFF,material,material,Ceramic Ink,reported,SRC-6CC56BA8F544,https://collections.penn.museum/collections/object/105494
IBI-E501E80DA715,biblical_quotations,biblical_intertexts,"[""Zech. 3.2""]",reported,SRC-73C44B143A9D,"p. 158, distribution table, JBA 104"
IBI-E501E80DA715,current_or_reported_collection,location,The Schøyen Collection,reported,SRC-73C44B143A9D,"p. 158, distribution table, JBA 104"
IBI-E501E80DA715,inscription_language,language,Jewish Babylonian Aramaic,reported,SRC-73C44B143A9D,"p. 158, distribution table, JBA 104"
IBI-E50FA737EDB0,biblical_quotations,biblical_intertexts,"[""Deut. 32.3"", ""Isa. 6.3"", ""Ezek. 1.5"", ""Ezek. 1.27""]",reported,SRC-73C44B143A9D,"p. 159, distribution table, M 1"
IBI-E50FA737EDB0,current_or_reported_collection,location,Moussaieff Collection,reported,SRC-73C44B143A9D,"p. 159, distribution table, M 1"
IBI-E50FA737EDB0,inscription_language,language,Jewish Babylonian Aramaic,reported,SRC-73C44B143A9D,"p. 159, distribution table, M 1"
IBI-E5149EBE4E1A,bibliography,publication,"Ford 2014 commentary on Shaked–Ford–Bhayro 2013, JBA 35",reported,SRC-FORD2014-AUOR,"Commentary on JBA 35, Ford 2014 pp. 239"
IBI-E5149EBE4E1A,text_feature,text_description,Ford reports: Reference for a construct-state form.,reported,SRC-FORD2014-AUOR,pp. 239; JBA 35:7
IBI-E562B6AEEFAF,current_location,location,The British Museum,reported,SRC-3D4B57D27A24,Related objects: 1980-0415-19
IBI-E562B6AEEFAF,dating,dating,6thC-8thC,reported,SRC-3D4B57D27A24,Related objects: 1980-0415-19
IBI-E562B6AEEFAF,findspot,provenance,"Found/Acquired: Iraq, South",reported,SRC-3D4B57D27A24,Related objects: 1980-0415-19
IBI-E562B6AEEFAF,period,dating,Late-Post Sasanian,reported,SRC-3D4B57D27A24,Related objects: 1980-0415-19
IBI-E562B6AEEFAF,production_place,provenance,"Made in: Iraq, South",reported,SRC-3D4B57D27A24,Related objects: 1980-0415-19
IBI-E5A7736DE977,current_location,location,The British Museum,reported,SRC-3D4B57D27A24,Related objects: 1970-0921-1
IBI-E5A7736DE977,dating,dating,6thC-8thC,reported,SRC-3D4B57D27A24,Related objects: 1970-0921-1
IBI-E5A7736DE977,findspot,provenance,Found/Acquired: Iraq,reported,SRC-3D4B57D27A24,Related objects: 1970-0921-1
IBI-E5A7736DE977,period,dating,Late-Post Sasanian,reported,SRC-3D4B57D27A24,Related objects: 1970-0921-1
IBI-E5A7736DE977,production_place,provenance,"Made in: Iraq, South",reported,SRC-3D4B57D27A24,Related objects: 1970-0921-1
IBI-E5D2EA2E4CBA,current_location,location,Penn Museum,reported,SRC-E9B37D7AB940,https://collections.penn.museum/collections/object/84603
IBI-E5D2EA2E4CBA,material,material,Ceramic; Ink,reported,SRC-E9B37D7AB940,https://collections.penn.museum/collections/object/84603
IBI-E5D486121C82,current_location,location,Penn Museum,reported,SRC-2620C1BFBA37,https://collections.penn.museum/collections/object/326684
IBI-E5D486121C82,material,material,Ceramic; Ink,reported,SRC-2620C1BFBA37,https://collections.penn.museum/collections/object/326684
IBI-E5EEB5C82284,biblical_quotation,biblical_intertexts,Zechariah 3:2,reported,SRC-C54888E36130,MS 2053/196 context: MS 2053/80
IBI-E5EEB5C82284,current_location,location,The Schøyen Collection,reported,SRC-C54888E36130,MS 2053/196 context: MS 2053/80
IBI-E6466DF808EF,current_location,location,Penn Museum,reported,SRC-A9023C9395F3,https://collections.penn.museum/collections/object/264352
IBI-E6466DF808EF,material,material,Ceramic Ink,reported,SRC-A9023C9395F3,https://collections.penn.museum/collections/object/264352
IBI-E654464B246D,client,client,"Barḥawi, Ḥayutyah, and Belyaḥwi son of Lalah",reported,SRC-BA7AEA03AE5F,object W_1872-1231-1
IBI-E654464B246D,condition,condition,Fair,reported,SRC-BA7AEA03AE5F,object W_1872-1231-1
IBI-E654464B246D,current_location,location,The British Museum,reported,SRC-BA7AEA03AE5F,object W_1872-1231-1
IBI-E654464B246D,current_location,location,The British Museum,reported,SRC-3D4B57D27A24,Related objects: 1872-1231-1
IBI-E654464B246D,dating,dating,6thC–8thC,reported,SRC-BA7AEA03AE5F,object W_1872-1231-1
IBI-E654464B246D,dating,dating,6thC-8thC,reported,SRC-3D4B57D27A24,Related objects: 1872-1231-1
IBI-E654464B246D,dimensions,dimensions,Diameter 17.60 cm; depth 4.70 cm,reported,SRC-BA7AEA03AE5F,object W_1872-1231-1
IBI-E654464B246D,findspot,provenance,"Excavated/Findspot: Hillah, Al-",reported,SRC-3D4B57D27A24,Related objects: 1872-1231-1
IBI-E654464B246D,findspot,provenance,Al-Hillah,reported,SRC-BA7AEA03AE5F,object W_1872-1231-1
IBI-E654464B246D,inscription_language,language,Aramaic,reported,SRC-BA7AEA03AE5F,object W_1872-1231-1
IBI-E654464B246D,material,material,pottery,reported,SRC-BA7AEA03AE5F,object W_1872-1231-1
IBI-E654464B246D,period,dating,Late-Post Sasanian,reported,SRC-3D4B57D27A24,Related objects: 1872-1231-1
IBI-E654464B246D,production_place,provenance,Made in: Iraq,reported,SRC-3D4B57D27A24,Related objects: 1872-1231-1
IBI-E6782748AAC0,inscription_language,language,Aramaic,reported,SRC-72D809FB4249,text 052A; section pp. 43–102
IBI-E69AB24A0E1B,client,client,Badros daughter of Qaqay,reported,SRC-F2D3309F16E7,object W_1881-0714-13
IBI-E69AB24A0E1B,condition,condition,Fair,reported,SRC-F2D3309F16E7,object W_1881-0714-13
IBI-E69AB24A0E1B,current_location,location,The British Museum,reported,SRC-3D4B57D27A24,Related objects: 1881-0714-13
IBI-E69AB24A0E1B,current_location,location,The British Museum,reported,SRC-F2D3309F16E7,object W_1881-0714-13
IBI-E69AB24A0E1B,dating,dating,6thC–8thC,reported,SRC-F2D3309F16E7,object W_1881-0714-13
IBI-E69AB24A0E1B,dating,dating,6thC-8thC,reported,SRC-3D4B57D27A24,Related objects: 1881-0714-13
IBI-E69AB24A0E1B,dimensions,dimensions,Diameter 17.40 cm; depth 5.70 cm,reported,SRC-F2D3309F16E7,object W_1881-0714-13
IBI-E69AB24A0E1B,findspot,provenance,Tell Ibrahim (Kutha),reported,SRC-F2D3309F16E7,object W_1881-0714-13
IBI-E69AB24A0E1B,findspot,provenance,Excavated/Findspot: Tell Ibrahim (Kutha),reported,SRC-3D4B57D27A24,Related objects: 1881-0714-13
IBI-E69AB24A0E1B,inscription_language,language,Mandaic,reported,SRC-F2D3309F16E7,object W_1881-0714-13
IBI-E69AB24A0E1B,material,material,pottery,reported,SRC-F2D3309F16E7,object W_1881-0714-13
IBI-E69AB24A0E1B,period,dating,Late-Post Sasanian,reported,SRC-3D4B57D27A24,Related objects: 1881-0714-13
IBI-E69AB24A0E1B,production_place,provenance,"Made in: Iraq, South",reported,SRC-3D4B57D27A24,Related objects: 1881-0714-13
IBI-E71CB0A6665B,biblical_quotations,biblical_intertexts,"[""Deut. 28.57""]",reported,SRC-73C44B143A9D,"p. 157, distribution table, JBA 46"
IBI-E71CB0A6665B,current_or_reported_collection,location,The Schøyen Collection,reported,SRC-73C44B143A9D,"p. 157, distribution table, JBA 46"
IBI-E71CB0A6665B,inscription_language,language,Jewish Babylonian Aramaic,reported,SRC-73C44B143A9D,"p. 157, distribution table, JBA 46"
IBI-E74F7ED591BD,condition,condition,Broken and mended; two considerable fragments missing.,reported,SRC-943673B56FB8,"Catalogue, text 27, printed p. 325; PDF p. 331; description column"
IBI-E74F7ED591BD,current_or_reported_collection,location,Penn Museum,reported,SRC-943673B56FB8,"p. 325, item 27"
IBI-E74F7ED591BD,dimensions,dimensions,height 5.6 cm; diameter 16.6 cm,reported,SRC-943673B56FB8,"Catalogue, text 27, printed p. 325; PDF p. 331; size column (height by diameter)"
IBI-E74F7ED591BD,dimensions,dimensions,height 5.6 cm; diameter 16.6 cm,reported,SRC-943673B56FB8,"p. 325, item 27"
IBI-E74F7ED591BD,findspot,provenance,Nippur,reported,SRC-943673B56FB8,"p. 325, item 27"
IBI-E74F7ED591BD,inscription_language,language,Jewish Babylonian Aramaic,reported,SRC-943673B56FB8,"p. 325, item 27"
IBI-E74F7ED591BD,publication_register_identifier,publication,CBS 16041,reported,SRC-943673B56FB8,"Catalogue, text 27, printed p. 325; PDF p. 331; catalogue number column"
IBI-E74F7ED591BD,translation_availability,publication,No separate English translation supplied in Montgomery 1913. The commentary says the parallel section matches no. 2 and needs no translation; the remaining lines are too mutilated or obscure to present.,certain,SRC-943673B56FB8,"text 27, printed p. 212; PDF p. 218"
IBI-E7665D140173,catalogue_language_codes,language,heb,reported,SRC-5AD57ED69301,MMS 997008712409005171
IBI-E7665D140173,current_location,location,"National Library of Israel, Jerusalem",reported,SRC-5AD57ED69301,MMS 997008712409005171
IBI-E7665D140173,dating,dating,400–899 CE,reported,SRC-5AD57ED69301,MMS 997008712409005171
IBI-E7665D140173,dimensions,dimensions,Height 74 mm; source field ‘הקף’ 158 mm,reported,SRC-5AD57ED69301,MMS 997008712409005171
IBI-E775936CD191,current_or_reported_collection,location,Moussaieff Collection,reported,SRC-A90AB34CA3FE,"p. 105, note 434"
IBI-E775936CD191,handwriting_attribution,practitioner,Giyonay daughter of Lalay,reported,SRC-A90AB34CA3FE,"p. 105, note 434"
IBI-E775936CD191,inscription_language,language,Jewish Babylonian Aramaic,reported,SRC-A90AB34CA3FE,"p. 105, note 434"
IBI-E79D5A7D8874,current_location,location,Penn Museum,reported,SRC-66B24D951AFE,https://collections.penn.museum/collections/object/93146
IBI-E79D5A7D8874,material,material,Ceramic; Ink,reported,SRC-66B24D951AFE,https://collections.penn.museum/collections/object/93146
IBI-E79DBD4D7298,findspot,provenance,"Tell Baruda (Choche), Area 21, beneath southwest threshold",reported,SRC-899462FAA735,p. 138: C10-117
IBI-E7D69DF2BF21,catalogue_language_codes,language,heb,reported,SRC-C08DD4B81771,MMS 997008712409105171
IBI-E7D69DF2BF21,current_location,location,"National Library of Israel, Jerusalem",reported,SRC-C08DD4B81771,MMS 997008712409105171
IBI-E7D69DF2BF21,dating,dating,400–899 CE,reported,SRC-C08DD4B81771,MMS 997008712409105171
IBI-E7D69DF2BF21,dimensions,dimensions,Height 66 mm; source field ‘הקף’ 157 mm,reported,SRC-C08DD4B81771,MMS 997008712409105171
IBI-E7EC27018B71,biblical_quotations,biblical_intertexts,"[""Num. 10.35-36"", ""Zech. 3.2""]",reported,SRC-73C44B143A9D,"p. 160, distribution table, MS 2053/7"
IBI-E7EC27018B71,current_or_reported_collection,location,The Schøyen Collection,reported,SRC-73C44B143A9D,"p. 160, distribution table, MS 2053/7"
IBI-E7EC27018B71,inscription_language,language,Jewish Babylonian Aramaic,reported,SRC-73C44B143A9D,"p. 160, distribution table, MS 2053/7"
IBI-E806B8E31887,catalogue_language_codes,language,heb,reported,SRC-ED44B9676EC5,MMS 997008712397305171
IBI-E806B8E31887,current_location,location,"National Library of Israel, Jerusalem",reported,SRC-ED44B9676EC5,MMS 997008712397305171
IBI-E806B8E31887,dating,dating,400–899 CE,reported,SRC-ED44B9676EC5,MMS 997008712397305171
IBI-E806B8E31887,dimensions,dimensions,Height 62 mm; source field ‘הקף’ 207 mm,reported,SRC-ED44B9676EC5,MMS 997008712397305171
IBI-E83C8B4B906E,condition,condition,Repaired,reported,SRC-D00BC51A9417,"record 100788, lot 708"
IBI-E83C8B4B906E,dating,dating,3rd–7th century CE,reported,SRC-D00BC51A9417,"record 100788, lot 708"
IBI-E83C8B4B906E,dimensions,dimensions,Height 8.5 cm; diameter 17 cm,reported,SRC-D00BC51A9417,"record 100788, lot 708"
IBI-E83C8B4B906E,iconography,visual,Repeating bird motif on exterior,reported,SRC-D00BC51A9417,"record 100788, lot 708"
IBI-E83C8B4B906E,material,material,Red earthenware,reported,SRC-D00BC51A9417,"record 100788, lot 708"
IBI-E83C8B4B906E,origin,provenance,Mesopotamia,reported,SRC-D00BC51A9417,"record 100788, lot 708"
IBI-E8943A27A06D,current_or_reported_collection,location,"Bodmer Library, Geneva",reported,SRC-6D313A7AA389,"p. 1, item 12"
IBI-E8943A27A06D,inscription_language,language,Syriac,reported,SRC-6D313A7AA389,"p. 1, item 12"
IBI-E8943A27A06D,script,script,Syriac ‘Manichaean’ script,reported,SRC-6D313A7AA389,"p. 1, item 12"
IBI-E8CF3DBF81FE,current_location,location,The British Museum,reported,SRC-3D4B57D27A24,Related objects: 1980-0415-31-a
IBI-E8CF3DBF81FE,dating,dating,6thC-8thC,reported,SRC-3D4B57D27A24,Related objects: 1980-0415-31-a
IBI-E8CF3DBF81FE,findspot,provenance,Found/Acquired: Iraq,reported,SRC-3D4B57D27A24,Related objects: 1980-0415-31-a
IBI-E8CF3DBF81FE,period,dating,Late-Post Sasanian,reported,SRC-3D4B57D27A24,Related objects: 1980-0415-31-a
IBI-E8CF3DBF81FE,production_place,provenance,Made in: Iraq,reported,SRC-3D4B57D27A24,Related objects: 1980-0415-31-a
IBI-E8D5C937721A,biblical_quotations,biblical_intertexts,"[""Zech. 3.2""]",reported,SRC-73C44B143A9D,"p. 155, distribution table, CAMIB 23"
IBI-E8D5C937721A,current_or_reported_collection,location,British Museum,reported,SRC-73C44B143A9D,"p. 155, distribution table, CAMIB 23"
IBI-E8D5C937721A,inscription_language,language,Jewish Babylonian Aramaic,reported,SRC-73C44B143A9D,"p. 155, distribution table, CAMIB 23"
IBI-E969578812D4,current_location,location,Penn Museum,reported,SRC-C33884C0693D,https://collections.penn.museum/collections/object/264466
IBI-E969578812D4,material,material,Ceramic; Ink,reported,SRC-C33884C0693D,https://collections.penn.museum/collections/object/264466
IBI-E98FB8675047,catalogue_language_codes,language,heb,reported,SRC-52F7CA24E710,MMS 997008712407005171
IBI-E98FB8675047,current_location,location,"National Library of Israel, Jerusalem",reported,SRC-52F7CA24E710,MMS 997008712407005171
IBI-E98FB8675047,dating,dating,400–899 CE,reported,SRC-52F7CA24E710,MMS 997008712407005171
IBI-E98FB8675047,dimensions,dimensions,Height 63 mm; source field ‘הקף’ 150 mm,reported,SRC-52F7CA24E710,MMS 997008712407005171
IBI-EA02F6D6DE6D,inscription_language,language,Syriac,reported,SRC-D4CF2125EF21,pp. 137–139
IBI-EA02F6D6DE6D,line_count,text_form,Eleven spiral lines,reported,SRC-D4CF2125EF21,pp. 137–139
IBI-EA23C411BAE1,current_location,location,"Vorderasiatisches Museum, Staatliche Museen zu Berlin",reported,SRC-3B1501581C61,ObjID 1743776
IBI-EA23C411BAE1,dating,dating,First half of the first millennium CE,reported,SRC-3B1501581C61,ObjID 1743776
IBI-EA23C411BAE1,dimensions,dimensions,Height 5 cm; diameter 11.3 cm; weight 0.18 kg,reported,SRC-3B1501581C61,ObjID 1743776
IBI-EA23C411BAE1,geographic_association,provenance,"Babylon, Iraq",reported,SRC-3B1501581C61,ObjID 1743776
IBI-EA23C411BAE1,material,material,Ceramic,reported,SRC-3B1501581C61,ObjID 1743776
IBI-EA23C411BAE1,period,dating,Aramaic,reported,SRC-3B1501581C61,ObjID 1743776
IBI-EA7636538267,biblical_quotations,biblical_intertexts,"[""Isa. 40.12"", ""Song 3.7-8""]",reported,SRC-73C44B143A9D,"p. 154, distribution table, AMB 12a"
IBI-EA7636538267,inscription_language,language,Jewish Babylonian Aramaic,reported,SRC-73C44B143A9D,"p. 154, distribution table, AMB 12a"
IBI-EA9A06E1E283,current_location,location,Penn Museum,reported,SRC-66C7ED3ED9B4,https://collections.penn.museum/collections/object/11597
IBI-EA9A06E1E283,material,material,Ceramic; Ink,reported,SRC-66C7ED3ED9B4,https://collections.penn.museum/collections/object/11597
IBI-EAAB69175FA2,current_location,location,Penn Museum,reported,SRC-009F8A38F4F0,https://collections.penn.museum/collections/object/242377
IBI-EAAB69175FA2,material,material,Ceramic; Ink,reported,SRC-009F8A38F4F0,https://collections.penn.museum/collections/object/242377
IBI-EAC93F99B3EE,inscription_language,language,Aramaic,reported,SRC-72D809FB4249,text 068A; section pp. 43–102
IBI-EAD314664C90,biblical_quotations,biblical_intertexts,"[""Exod. 3.15"", ""Isa. 40.31"", ""Isa. 60.11"", ""Gen. 27.28""]",reported,SRC-73C44B143A9D,"p. 158, distribution table, JBA 101"
IBI-EAD314664C90,current_or_reported_collection,location,The Schøyen Collection,reported,SRC-73C44B143A9D,"p. 158, distribution table, JBA 101"
IBI-EAD314664C90,inscription_language,language,Jewish Babylonian Aramaic,reported,SRC-73C44B143A9D,"p. 158, distribution table, JBA 101"
IBI-EADE8579FC26,biblical_quotations,biblical_intertexts,"[""Exod. 15.3"", ""Ps. 24.8"", ""Ps. 104.20"", ""Ps. 10.16"", ""Ps. 93.1"", ""Exod. 15.18""]",reported,SRC-73C44B143A9D,"p. 155, distribution table, M 156"
IBI-EADE8579FC26,current_or_reported_collection,location,Moussaieff Collection,reported,SRC-73C44B143A9D,"p. 155, distribution table, M 156"
IBI-EADE8579FC26,inscription_language,language,Jewish Babylonian Aramaic,reported,SRC-73C44B143A9D,"p. 155, distribution table, M 156"
IBI-EB0446000ACB,current_location,location,Physical bowl unlocated; glass-plate negative in Wellcome Collection closed stores,reported,SRC-5C1BDDF68CD5,archive reference WT/D/1/20/1/27/68
IBI-EB0446000ACB,inscription_language,language,Mandaic,reported,SRC-5C1BDDF68CD5,archive reference WT/D/1/20/1/27/68
IBI-EB0446000ACB,origin,provenance,Mesopotamia,reported,SRC-5C1BDDF68CD5,archive reference WT/D/1/20/1/27/68
IBI-EB3CA24423AE,biblical_quotations,biblical_intertexts,"[""Isa. 37.16""]",reported,SRC-73C44B143A9D,"p. 159, distribution table, IM 212092"
IBI-EB3CA24423AE,current_or_reported_collection,location,Iraq Museum,reported,SRC-73C44B143A9D,"p. 159, distribution table, IM 212092"
IBI-EB3CA24423AE,inscription_language,language,Jewish Babylonian Aramaic,reported,SRC-73C44B143A9D,"p. 159, distribution table, IM 212092"
IBI-EB5FA4903D0B,current_or_reported_collection,location,"Frau Professor Hilprecht Collection, Jena",reported,SRC-6D313A7AA389,"p. 2, item 32"
IBI-EB5FA4903D0B,inscription_language,language,Syriac,reported,SRC-6D313A7AA389,"p. 2, item 32"
IBI-EB5FA4903D0B,script,script,Syriac ‘Manichaean’ script,reported,SRC-6D313A7AA389,"p. 2, item 32"
IBI-EB8FD1657B4A,current_location,location,The British Museum,reported,SRC-3D4B57D27A24,Related objects: 1980-0415-31-q
IBI-EB8FD1657B4A,dating,dating,6thC-8thC,reported,SRC-3D4B57D27A24,Related objects: 1980-0415-31-q
IBI-EB8FD1657B4A,findspot,provenance,Found/Acquired: Iraq,reported,SRC-3D4B57D27A24,Related objects: 1980-0415-31-q
IBI-EB8FD1657B4A,period,dating,Late-Post Sasanian,reported,SRC-3D4B57D27A24,Related objects: 1980-0415-31-q
IBI-EB8FD1657B4A,production_place,provenance,Made in: Iraq,reported,SRC-3D4B57D27A24,Related objects: 1980-0415-31-q
IBI-EB93A19465D8,catalogue_language_codes,language,heb,reported,SRC-D0719FDE1C1E,MMS 997008712395005171
IBI-EB93A19465D8,current_location,location,"National Library of Israel, Jerusalem",reported,SRC-D0719FDE1C1E,MMS 997008712395005171
IBI-EB93A19465D8,dating,dating,400–899 CE,reported,SRC-D0719FDE1C1E,MMS 997008712395005171
IBI-EB93A19465D8,dimensions,dimensions,Height 62 mm; source field ‘הקף’ 193 mm,reported,SRC-D0719FDE1C1E,MMS 997008712395005171
IBI-EC0E16D4FA07,findspot,provenance,"Tell Baruda (Choche), Area 21, beneath northwest threshold",reported,SRC-899462FAA735,p. 138: fourth Area 21 bowl under northwest threshold
IBI-EC5763E4FB05,condition,condition,Well preserved,reported,SRC-83A3DFDE7924,"pp. 160–161, M26"
IBI-EC5763E4FB05,current_or_reported_collection,location,Shlomo Moussaieff Collection,reported,SRC-83A3DFDE7924,"pp. 160–161, M26"
IBI-EC5763E4FB05,inscription_language,language,Mandaic,reported,SRC-83A3DFDE7924,"pp. 160–161, M26"
IBI-EC5763E4FB05,line_count,text_form,9,reported,SRC-83A3DFDE7924,"pp. 160–161, M26"
IBI-EC5763E4FB05,script,script,Mandaic,reported,SRC-83A3DFDE7924,"pp. 160–161, M26"
IBI-EC715AA4A6F2,script,script,Pseudo-script,reported,SRC-72D809FB4249,text 140Ps; section pp. 150–162
IBI-ECB69FB91460,condition,condition,fragmentary,reported,SRC-3A8095B6D794,index entry BM057A
IBI-ECC55FD866D4,current_location,location,Penn Museum,reported,SRC-4C5967BC42BA,https://collections.penn.museum/collections/object/187752
IBI-ECC55FD866D4,material,material,Ceramic; Ink,reported,SRC-4C5967BC42BA,https://collections.penn.museum/collections/object/187752
IBI-ECDFA73054C5,current_location,location,Penn Museum,reported,SRC-62EEECF04AE0,https://collections.penn.museum/collections/object/170702
IBI-ECDFA73054C5,material,material,Ceramic; Ink,reported,SRC-62EEECF04AE0,https://collections.penn.museum/collections/object/170702
IBI-ECFA9901D4DC,current_location,location,Penn Museum,reported,SRC-E715F5369D95,https://collections.penn.museum/collections/object/156577
IBI-ECFA9901D4DC,material,material,Ceramic; Ink,reported,SRC-E715F5369D95,https://collections.penn.museum/collections/object/156577
IBI-ED015F40EEB2,current_location,location,Penn Museum,reported,SRC-35398F1BACD9,https://collections.penn.museum/collections/object/199043
IBI-ED5E1290070C,current_location,location,Penn Museum,reported,SRC-BA1BE9814566,https://collections.penn.museum/collections/object/50872
IBI-ED5E1290070C,material,material,Ceramic; Ink,reported,SRC-BA1BE9814566,https://collections.penn.museum/collections/object/50872
IBI-EDA9596CB28F,client,client,Anush Busai and his family,reported,SRC-D55D69F8BD09,Wikimedia Commons photograph DSC09712
IBI-EDA9596CB28F,current_location,location,"Royal Ontario Museum, Toronto",reported,SRC-D55D69F8BD09,Wikimedia Commons photograph DSC09712
IBI-EDA9596CB28F,dating,dating,ca. 200–600 CE,reported,SRC-D55D69F8BD09,Wikimedia Commons photograph DSC09712
IBI-EDA9596CB28F,inscription_language,language,Mandaic,reported,SRC-D55D69F8BD09,Wikimedia Commons photograph DSC09712
IBI-EDA9596CB28F,origin,provenance,Southern Mesopotamia,reported,SRC-D55D69F8BD09,Wikimedia Commons photograph DSC09712
IBI-EDA9596CB28F,text_purpose,ritual,Protection against bad luck,reported,SRC-D55D69F8BD09,Wikimedia Commons photograph DSC09712
IBI-EDB5B0136C6B,catalogue_language_codes,language,heb,reported,SRC-325C80F69B67,MMS 997008712409205171
IBI-EDB5B0136C6B,current_location,location,"National Library of Israel, Jerusalem",reported,SRC-325C80F69B67,MMS 997008712409205171
IBI-EDB5B0136C6B,dating,dating,400–899 CE,reported,SRC-325C80F69B67,MMS 997008712409205171
IBI-EDB5B0136C6B,dimensions,dimensions,Height 69 mm; source field ‘הקף’ 184 mm,reported,SRC-325C80F69B67,MMS 997008712409205171
IBI-EE02A425AA93,current_location,location,The British Museum,reported,SRC-3D4B57D27A24,Related objects: 1883-0413-1
IBI-EE02A425AA93,dating,dating,6thC-8thC,reported,SRC-3D4B57D27A24,Related objects: 1883-0413-1
IBI-EE02A425AA93,period,dating,Late-Post Sasanian,reported,SRC-3D4B57D27A24,Related objects: 1883-0413-1
IBI-EE02A425AA93,production_place,provenance,Made in: Iraq,reported,SRC-3D4B57D27A24,Related objects: 1883-0413-1
IBI-EE8A4EB0F62A,catalogue_language_codes,language,heb,reported,SRC-BCBAFEAC30C4,MMS 997008712400305171
IBI-EE8A4EB0F62A,current_location,location,"National Library of Israel, Jerusalem",reported,SRC-BCBAFEAC30C4,MMS 997008712400305171
IBI-EE8A4EB0F62A,dating,dating,400–899 CE,reported,SRC-BCBAFEAC30C4,MMS 997008712400305171
IBI-EE8A4EB0F62A,dimensions,dimensions,Height 88 mm; source field ‘הקף’ 175 mm,reported,SRC-BCBAFEAC30C4,MMS 997008712400305171
IBI-EEEC822AEAA9,current_location,location,Penn Museum,reported,SRC-D67785A09056,https://collections.penn.museum/collections/object/141845
IBI-EEEC822AEAA9,material,material,Ceramic Ink,reported,SRC-D67785A09056,https://collections.penn.museum/collections/object/141845
IBI-EEFD60F2F08B,dating,dating,5th–6th century CE,reported,SRC-F20148C5DA92,lot 271
IBI-EEFD60F2F08B,inscription_language,language,Aramaic or Aramaic-like patterns,reported,SRC-F20148C5DA92,lot 271
IBI-EEFD60F2F08B,material,material,Pottery,reported,SRC-F20148C5DA92,lot 271
IBI-EEFDE12D19ED,dating,dating,600–800 CE,reported,SRC-FA220943A803,"lot 1200, object 1 of 3"
IBI-EEFDE12D19ED,dimensions,dimensions,Group components reportedly 175–200 mm × 50–75 mm; individual assignment unavailable,reported,SRC-FA220943A803,"lot 1200, object 1 of 3"
IBI-EEFDE12D19ED,inscription_language,language,Aramaic,reported,SRC-FA220943A803,"lot 1200, object 1 of 3"
IBI-EEFDE12D19ED,material,material,Pottery,reported,SRC-FA220943A803,"lot 1200, object 1 of 3"
IBI-EEFDE12D19ED,provenance,provenance,Private UK collection; purchased on the London art market in the 1980s,reported,SRC-FA220943A803,"lot 1200, object 1 of 3"
IBI-EF1FDA96620B,inscription_language,language,Mandaic,reported,SRC-72D809FB4249,text 081M; section pp. 103–146
IBI-EF45888FA247,catalogue_language_codes,language,heb,reported,SRC-588C4286D26F,MMS 997008712398805171
IBI-EF45888FA247,current_location,location,"National Library of Israel, Jerusalem",reported,SRC-588C4286D26F,MMS 997008712398805171
IBI-EF45888FA247,dating,dating,400–899 CE,reported,SRC-588C4286D26F,MMS 997008712398805171
IBI-EF45888FA247,dimensions,dimensions,Height 67 mm; source field ‘הקף’ 169 mm,reported,SRC-588C4286D26F,MMS 997008712398805171
IBI-EF961ABD5F3A,associated_find,provenance,Companion pseudo-script bowl and fragments of an inscribed eggshell,reported,SRC-8D773CA2BC70,DiSKO object 2018.01.0502
IBI-EF961ABD5F3A,current_location,location,"Kelsey Museum of Archaeology, University of Michigan",reported,SRC-8D773CA2BC70,DiSKO object 2018.01.0502
IBI-EF961ABD5F3A,dating,dating,6th–7th century CE,reported,SRC-8D773CA2BC70,DiSKO object 2018.01.0502
IBI-EF961ABD5F3A,dimensions,dimensions,Diameter 16.19 cm,reported,SRC-8D773CA2BC70,DiSKO object 2018.01.0502
IBI-EF961ABD5F3A,findspot,provenance,"Seleucia, Iraq",reported,SRC-8D773CA2BC70,DiSKO object 2018.01.0502
IBI-EF961ABD5F3A,iconography,visual,Humanoid figures,reported,SRC-8D773CA2BC70,DiSKO object 2018.01.0502
IBI-EF961ABD5F3A,material,material,Ceramic and pigment,reported,SRC-8D773CA2BC70,DiSKO object 2018.01.0502
IBI-EF961ABD5F3A,period,dating,Sasanian,reported,SRC-8D773CA2BC70,DiSKO object 2018.01.0502
IBI-EF961ABD5F3A,script,script,Unintelligible pseudo-script resembling Aramaic,reported,SRC-8D773CA2BC70,DiSKO object 2018.01.0502
IBI-F00ACFE82A97,current_location,location,Penn Museum,reported,SRC-5B1E675D9A83,https://collections.penn.museum/collections/object/44307
IBI-F00ACFE82A97,material,material,Ceramic; Ink,reported,SRC-5B1E675D9A83,https://collections.penn.museum/collections/object/44307
IBI-F031C44350BC,biblical_quotation,biblical_intertexts,Zechariah 3:2,reported,SRC-C54888E36130,MS 2053/196 context: MS 2053/230
IBI-F031C44350BC,current_location,location,The Schøyen Collection,reported,SRC-C54888E36130,MS 2053/196 context: MS 2053/230
IBI-F094DE6A4112,condition,condition,Broken and mended.,reported,SRC-943673B56FB8,"Catalogue, text 34, printed p. 326; PDF p. 332; description column"
IBI-F094DE6A4112,current_or_reported_collection,location,Penn Museum,reported,SRC-943673B56FB8,"p. 326, item 34"
IBI-F094DE6A4112,dimensions,dimensions,height 7.5 cm; diameter 17.5 cm,reported,SRC-943673B56FB8,"p. 326, item 34"
IBI-F094DE6A4112,dimensions,dimensions,height 7.5 cm; diameter 17.5 cm,reported,SRC-943673B56FB8,"Catalogue, text 34, printed p. 326; PDF p. 332; size column (height by diameter)"
IBI-F094DE6A4112,findspot,provenance,Nippur,reported,SRC-943673B56FB8,"p. 326, item 34"
IBI-F094DE6A4112,inscription_language,language,Syriac,reported,SRC-943673B56FB8,"p. 326, item 34"
IBI-F094DE6A4112,publication_register_identifier,publication,CBS 9012,reported,SRC-943673B56FB8,"Catalogue, text 34, printed p. 326; PDF p. 332; catalogue number column"
IBI-F0BBD6278BCB,current_location,location,Penn Museum,reported,SRC-652597EFBE22,https://collections.penn.museum/collections/object/297737
IBI-F0BBD6278BCB,material,material,Ceramic; Ink,reported,SRC-652597EFBE22,https://collections.penn.museum/collections/object/297737
IBI-F11690D2FBFA,biblical_quotations,biblical_intertexts,"[""Deut. 6.4""]",reported,SRC-73C44B143A9D,"p. 161, distribution table, De Menil"
IBI-F11690D2FBFA,current_location,location,"The Menil Collection, Houston",reported,SRC-FCF261C5597C,accession X 831; web object 5840
IBI-F11690D2FBFA,dating,dating,4th–5th century CE,reported,SRC-FCF261C5597C,accession X 831; web object 5840
IBI-F11690D2FBFA,dimensions,dimensions,8.9 × 19.4 × 19.4 cm,reported,SRC-FCF261C5597C,accession X 831; web object 5840
IBI-F11690D2FBFA,findspot_or_origin,provenance,"Iran, Karbalā",reported,SRC-FCF261C5597C,accession X 831; web object 5840
IBI-F11690D2FBFA,inscription_language,language,Jewish Babylonian Aramaic,reported,SRC-73C44B143A9D,"p. 161, distribution table, De Menil"
IBI-F11690D2FBFA,material,material,Ceramic,reported,SRC-FCF261C5597C,accession X 831; web object 5840
IBI-F1591D764E61,inscription_language,language,Aramaic,reported,SRC-72D809FB4249,text 013A; section pp. 43–102
IBI-F15D0338AECB,inscription_language,language,Mandaic,reported,SRC-72D809FB4249,text 096M; section pp. 103–146
IBI-F1AC0A03B480,catalogue_language_codes,language,heb,reported,SRC-B6042669D993,MMS 997008712548205171
IBI-F1AC0A03B480,current_location,location,"National Library of Israel, Jerusalem",reported,SRC-B6042669D993,MMS 997008712548205171
IBI-F1AC0A03B480,dating,dating,400–899 CE,reported,SRC-B6042669D993,MMS 997008712548205171
IBI-F1AC0A03B480,dimensions,dimensions,Height 60 mm; source field ‘הקף’ 163 mm,reported,SRC-B6042669D993,MMS 997008712548205171
IBI-F1AD825B3715,inscription_language,language,Mandaic,reported,SRC-72D809FB4249,text 103M; section pp. 103–146
IBI-F1D484247D42,current_location,location,"National Museum of Finland, Helsinki",reported,SRC-77BC594D2166,"monograph, 29 pages"
IBI-F1D484247D42,inscription_language,language,Syriac,reported,SRC-77BC594D2166,"monograph, 29 pages"
IBI-F1D80CD0C95B,current_location,location,Penn Museum,reported,SRC-14ECC955C5F3,https://collections.penn.museum/collections/object/325646
IBI-F1D80CD0C95B,material,material,Ceramic; Ink,reported,SRC-14ECC955C5F3,https://collections.penn.museum/collections/object/325646
IBI-F1E0D71CB699,current_location,location,Penn Museum,reported,SRC-53170A03D384,https://collections.penn.museum/collections/object/236387
IBI-F1E0D71CB699,material,material,Ceramic; Ink,reported,SRC-53170A03D384,https://collections.penn.museum/collections/object/236387
IBI-F20A466A7863,current_location,location,Penn Museum,reported,SRC-5BAFA19AD9D6,https://collections.penn.museum/collections/object/334779
IBI-F244D3894172,current_or_reported_collection,location,Schøyen Collection,reported,SRC-6D313A7AA389,p. 2
IBI-F244D3894172,inscription_language,language,Syriac,reported,SRC-6D313A7AA389,p. 2
IBI-F244D3894172,script,script,Syriac ‘Manichaean’ script,reported,SRC-6D313A7AA389,p. 2
IBI-F2503CED956E,current_location,location,Penn Museum,reported,SRC-9FC0E001C489,https://collections.penn.museum/collections/object/67694
IBI-F2503CED956E,material,material,Ceramic Ink,reported,SRC-9FC0E001C489,https://collections.penn.museum/collections/object/67694
IBI-F265C68D7662,current_location,location,The British Museum,reported,SRC-3D4B57D27A24,Related objects: 1980-0415-5
IBI-F265C68D7662,dating,dating,6thC-8thC,reported,SRC-3D4B57D27A24,Related objects: 1980-0415-5
IBI-F265C68D7662,findspot,provenance,Excavated/Findspot: Tell Ibrahim (Kutha),reported,SRC-3D4B57D27A24,Related objects: 1980-0415-5
IBI-F265C68D7662,period,dating,Late-Post Sasanian,reported,SRC-3D4B57D27A24,Related objects: 1980-0415-5
IBI-F265C68D7662,production_place,provenance,"Made in: Iraq, South",reported,SRC-3D4B57D27A24,Related objects: 1980-0415-5
IBI-F26E4DF4F7C2,current_location,location,The British Museum,reported,SRC-3D4B57D27A24,Related objects: 1908-0411-90
IBI-F26E4DF4F7C2,dating,dating,6thC-8thC,reported,SRC-3D4B57D27A24,Related objects: 1908-0411-90
IBI-F26E4DF4F7C2,period,dating,Late-Post Sasanian,reported,SRC-3D4B57D27A24,Related objects: 1908-0411-90
IBI-F26E4DF4F7C2,production_place,provenance,Made in: Iraq,reported,SRC-3D4B57D27A24,Related objects: 1908-0411-90
IBI-F2B52FC0533E,current_or_reported_collection,location,"Frau Professor Hilprecht Collection, Jena",reported,SRC-6D313A7AA389,"p. 1, item 11"
IBI-F2B52FC0533E,inscription_language,language,Syriac,reported,SRC-6D313A7AA389,"p. 1, item 11"
IBI-F2B52FC0533E,script,script,Syriac ‘Manichaean’ script,reported,SRC-6D313A7AA389,"p. 1, item 11"
IBI-F2B94432A053,script,script,Pseudo-script,reported,SRC-72D809FB4249,text 127Ps; section pp. 150–162
IBI-F2C28856C4B8,dating,dating,5th–mid-7th century CE,reported,SRC-B4749429C150,Bidsquare product 1675202
IBI-F2C28856C4B8,dimensions,dimensions,Diameter 15.2 cm; height 6.6 cm,reported,SRC-B4749429C150,Bidsquare product 1675202
IBI-F2C28856C4B8,iconography,visual,Bust of Sol in a radiating disc and abstract anthropomorphic figure,reported,SRC-B4749429C150,Bidsquare product 1675202
IBI-F2C28856C4B8,material,material,Pottery,reported,SRC-B4749429C150,Bidsquare product 1675202
IBI-F2C28856C4B8,script_or_language,language,Syriac inscription (auction attribution),reported,SRC-B4749429C150,Bidsquare product 1675202
IBI-F2C9E1AF8B6B,condition,condition,fragmentary,reported,SRC-3A8095B6D794,index entry BM018A
IBI-F30A83910A20,current_location,location,The British Museum,reported,SRC-3D4B57D27A24,Related objects: N-1847
IBI-F30A83910A20,dating,dating,6thC-8thC,reported,SRC-3D4B57D27A24,Related objects: N-1847
IBI-F30A83910A20,findspot,provenance,Excavated/Findspot: Arban,reported,SRC-3D4B57D27A24,Related objects: N-1847
IBI-F30A83910A20,period,dating,Late-Post Sasanian,reported,SRC-3D4B57D27A24,Related objects: N-1847
IBI-F30A83910A20,production_place,provenance,Made in: Syria,reported,SRC-3D4B57D27A24,Related objects: N-1847
IBI-F31466D98A10,current_location,location,Penn Museum,reported,SRC-5AC7A3C663BC,https://collections.penn.museum/collections/object/149566
IBI-F31466D98A10,material,material,Ceramic; Ink,reported,SRC-5AC7A3C663BC,https://collections.penn.museum/collections/object/149566
IBI-F34C9BA54074,current_or_reported_collection,location,Penn Museum,reported,SRC-6D313A7AA389,"p. 2, item 31"
IBI-F34C9BA54074,inscription_language,language,Syriac,reported,SRC-6D313A7AA389,"p. 2, item 31"
IBI-F34C9BA54074,script,script,Syriac ‘Manichaean’ script,reported,SRC-6D313A7AA389,"p. 2, item 31"
IBI-F35968ED418B,catalogue_language_codes,language,heb,reported,SRC-A1C0F9747D7A,MMS 997008712409305171
IBI-F35968ED418B,current_location,location,"National Library of Israel, Jerusalem",reported,SRC-A1C0F9747D7A,MMS 997008712409305171
IBI-F35968ED418B,dating,dating,400–899 CE,reported,SRC-A1C0F9747D7A,MMS 997008712409305171
IBI-F35968ED418B,dimensions,dimensions,Height 59 mm; source field ‘הקף’ 191 mm,reported,SRC-A1C0F9747D7A,MMS 997008712409305171
IBI-F36154E31E2B,biblical_quotation,biblical_intertexts,Zechariah 3:2,reported,SRC-C54888E36130,MS 2053/196 context: MS 1927/64
IBI-F36154E31E2B,current_location,location,The Schøyen Collection,reported,SRC-C54888E36130,MS 2053/196 context: MS 1927/64
IBI-F36B9EC67F96,biblical_quotations,biblical_intertexts,"[""Ps. 104.20""]",reported,SRC-73C44B143A9D,"p. 156, distribution table, JBA 08"
IBI-F36B9EC67F96,current_or_reported_collection,location,The Schøyen Collection,reported,SRC-73C44B143A9D,"p. 156, distribution table, JBA 08"
IBI-F36B9EC67F96,inscription_language,language,Jewish Babylonian Aramaic,reported,SRC-73C44B143A9D,"p. 156, distribution table, JBA 08"
IBI-F36E43C5908B,current_location,location,Penn Museum,reported,SRC-005CE5B783CF,https://collections.penn.museum/collections/object/77485
IBI-F36E43C5908B,material,material,Ceramic; Ink,reported,SRC-005CE5B783CF,https://collections.penn.museum/collections/object/77485
IBI-F3A1502F1715,inscription_language,language,Aramaic,reported,SRC-72D809FB4249,text 001A; section pp. 43–102
IBI-F49584A8B7FB,clients,client,Buktuya son of Kushai; Zaduya daughter of Shirin; their household,reported,SRC-539BB677443B,"DA 5, second Mandaean bowl"
IBI-F49584A8B7FB,current_location,location,"Royal Ontario Museum, Toronto",reported,SRC-539BB677443B,"DA 5, second Mandaean bowl"
IBI-F49584A8B7FB,dimensions,dimensions,Top diameter 20.7 cm,reported,SRC-539BB677443B,"DA 5, second Mandaean bowl"
IBI-F49584A8B7FB,findspot,provenance,"Kiamiaz, on the Tigris near Baghdad",reported,SRC-539BB677443B,"DA 5, second Mandaean bowl"
IBI-F49584A8B7FB,inscription_extent,text_form,18 lines,reported,SRC-539BB677443B,"DA 5, second Mandaean bowl"
IBI-F49584A8B7FB,inscription_language,language,Mandaic,reported,SRC-539BB677443B,"DA 5, second Mandaean bowl"
IBI-F49584A8B7FB,text_purpose,ritual,Protection of the household against malevolent beings,reported,SRC-539BB677443B,"DA 5, second Mandaean bowl"
IBI-F4BAF2DE2A59,current_or_reported_collection,location,Penn Museum,reported,SRC-6D313A7AA389,"p. 1, item 9"
IBI-F4BAF2DE2A59,inscription_language,language,Syriac,reported,SRC-6D313A7AA389,"p. 1, item 9"
IBI-F4BAF2DE2A59,script,script,Syriac ‘Manichaean’ script,reported,SRC-6D313A7AA389,"p. 1, item 9"
IBI-F4CE06D878F5,catalogue_language_codes,language,heb,reported,SRC-EFB44E76D7E2,MMS 997008712544105171
IBI-F4CE06D878F5,current_location,location,"National Library of Israel, Jerusalem",reported,SRC-EFB44E76D7E2,MMS 997008712544105171
IBI-F4CE06D878F5,dating,dating,400–899 CE,reported,SRC-EFB44E76D7E2,MMS 997008712544105171
IBI-F4CE06D878F5,dimensions,dimensions,Height 178 mm; source field ‘הקף’ 357 mm,reported,SRC-EFB44E76D7E2,MMS 997008712544105171
IBI-F504A461BD0B,biblical_quotations,biblical_intertexts,"[""Num. 10.35"", ""Isa. 44.25""]",reported,SRC-73C44B143A9D,"p. 155, distribution table, CAMIB 35"
IBI-F504A461BD0B,current_or_reported_collection,location,British Museum,reported,SRC-73C44B143A9D,"p. 155, distribution table, CAMIB 35"
IBI-F504A461BD0B,inscription_language,language,Jewish Babylonian Aramaic,reported,SRC-73C44B143A9D,"p. 155, distribution table, CAMIB 35"
IBI-F5189CBA8227,current_or_reported_collection,location,Penn Museum,reported,SRC-A90AB34CA3FE,"p. 106, note 438"
IBI-F5189CBA8227,handwriting_group,practitioner,Same hand as CBS 2945,reported,SRC-A90AB34CA3FE,"p. 106, note 438"
IBI-F5189CBA8227,inscription_language,language,Jewish Babylonian Aramaic,reported,SRC-A90AB34CA3FE,"p. 106, note 438"
IBI-F51D33F280A7,current_location,location,"Ābgīne Museum, Tehran",reported,SRC-F09573688FD1,abstract; object 108–S
IBI-F51D33F280A7,dating,dating,6th–7th centuries CE,probable,SRC-F09573688FD1,abstract; object 108–S
IBI-F51D33F280A7,inscription_language,language,Mandaic,reported,SRC-F09573688FD1,abstract; object 108–S
IBI-F51D33F280A7,material,material,Earthenware,reported,SRC-F09573688FD1,abstract; object 108–S
IBI-F51D33F280A7,text_layout,text_form,Spoke-like sunray arrangement,reported,SRC-F09573688FD1,abstract; object 108–S
IBI-F51D33F280A7,textual_feature,text_description,Early attested evidence of šapta ḏ-pišra ḏ-ainia,reported,SRC-F09573688FD1,abstract; object 108–S
IBI-F530DDB24D54,catalogue_language_codes,language,heb,reported,SRC-DE0167B579CF,MMS 997008712410205171
IBI-F530DDB24D54,current_location,location,"National Library of Israel, Jerusalem",reported,SRC-DE0167B579CF,MMS 997008712410205171
IBI-F530DDB24D54,dating,dating,400–899 CE,reported,SRC-DE0167B579CF,MMS 997008712410205171
IBI-F530DDB24D54,dimensions,dimensions,Height 65 mm; source field ‘הקף’ 159 mm,reported,SRC-DE0167B579CF,MMS 997008712410205171
IBI-F54E7E649DE1,inscription_language,language,Aramaic,reported,SRC-72D809FB4249,text 024A; section pp. 43–102
IBI-F5E127D75C58,current_location,location,The British Museum,reported,SRC-3D4B57D27A24,Related objects: 1881-0714-12
IBI-F5E127D75C58,dating,dating,6thC-8thC,reported,SRC-3D4B57D27A24,Related objects: 1881-0714-12
IBI-F5E127D75C58,findspot,provenance,Excavated/Findspot: Tell Ibrahim (Kutha),reported,SRC-3D4B57D27A24,Related objects: 1881-0714-12
IBI-F5E127D75C58,period,dating,Late-Post Sasanian,reported,SRC-3D4B57D27A24,Related objects: 1881-0714-12
IBI-F5E127D75C58,production_place,provenance,Made in: Iraq,reported,SRC-3D4B57D27A24,Related objects: 1881-0714-12
IBI-F5FC6A0EA9AA,catalogue_language_codes,language,heb,reported,SRC-78DC3B5775D7,MMS 997008712546405171
IBI-F5FC6A0EA9AA,current_location,location,"National Library of Israel, Jerusalem",reported,SRC-78DC3B5775D7,MMS 997008712546405171
IBI-F5FC6A0EA9AA,dating,dating,400–899 CE,reported,SRC-78DC3B5775D7,MMS 997008712546405171
IBI-F5FC6A0EA9AA,dimensions,dimensions,Height 65 mm; source field ‘הקף’ 147 mm,reported,SRC-78DC3B5775D7,MMS 997008712546405171
IBI-F6520BBAE95D,current_or_reported_collection,location,Vorderasiatisches Museum Berlin,reported,SRC-6D313A7AA389,"p. 2, item 35"
IBI-F6520BBAE95D,inscription_language,language,Syriac,reported,SRC-6D313A7AA389,"p. 2, item 35"
IBI-F6520BBAE95D,script,script,Syriac ‘Manichaean’ script,reported,SRC-6D313A7AA389,"p. 2, item 35"
IBI-F660717BBCBB,inscription_language,language,Mandaic,reported,SRC-72D809FB4249,text 098M; section pp. 103–146
IBI-F6ED61BF3D88,condition,condition,Broken and mended.,reported,SRC-943673B56FB8,"Catalogue, text 26, printed p. 325; PDF p. 331; description column"
IBI-F6ED61BF3D88,current_or_reported_collection,location,Penn Museum,reported,SRC-943673B56FB8,"p. 325, item 26"
IBI-F6ED61BF3D88,dimensions,dimensions,height 6.9 cm; diameter 15.5 cm,reported,SRC-943673B56FB8,"p. 325, item 26"
IBI-F6ED61BF3D88,dimensions,dimensions,height 6.9 cm; diameter 15.5 cm,reported,SRC-943673B56FB8,"Catalogue, text 26, printed p. 325; PDF p. 331; size column (height by diameter)"
IBI-F6ED61BF3D88,findspot,provenance,Nippur,reported,SRC-943673B56FB8,"p. 325, item 26"
IBI-F6ED61BF3D88,inscription_language,language,Jewish Babylonian Aramaic,reported,SRC-943673B56FB8,"p. 325, item 26"
IBI-F6ED61BF3D88,publication_register_identifier,publication,CBS 3997,reported,SRC-943673B56FB8,"Catalogue, text 26, printed p. 325; PDF p. 331; catalogue number column"
IBI-F72F1F87420C,current_location,location,The British Museum,reported,SRC-3D4B57D27A24,Related objects: 1920-0315-9
IBI-F72F1F87420C,dating,dating,6thC-7thC,reported,SRC-3D4B57D27A24,Related objects: 1920-0315-9
IBI-F72F1F87420C,period,dating,Late Sasanian,reported,SRC-3D4B57D27A24,Related objects: 1920-0315-9
IBI-F72F1F87420C,production_place,provenance,Made in: Iraq,reported,SRC-3D4B57D27A24,Related objects: 1920-0315-9
IBI-F79FCAAA16DA,bibliography,publication,"Ford 2014 commentary on Shaked–Ford–Bhayro 2013, JBA 45",reported,SRC-FORD2014-AUOR,"Commentary on JBA 45, Ford 2014 pp. 242"
IBI-F79FCAAA16DA,text_feature,text_description,Ford reports: Discussion of a construct spelling.,reported,SRC-FORD2014-AUOR,pp. 242; JBA 45:6
IBI-F7A591665533,condition,condition,fragmentary,reported,SRC-3A8095B6D794,index entry YAMB
IBI-F7E779F89D76,catalogue_language_codes,language,heb,reported,SRC-130E5CC7BE14,MMS 997008712398905171
IBI-F7E779F89D76,current_location,location,"National Library of Israel, Jerusalem",reported,SRC-130E5CC7BE14,MMS 997008712398905171
IBI-F7E779F89D76,dating,dating,400–899 CE,reported,SRC-130E5CC7BE14,MMS 997008712398905171
IBI-F7E779F89D76,dimensions,dimensions,Height 84 mm; source field ‘הקף’ 173 mm,reported,SRC-130E5CC7BE14,MMS 997008712398905171
IBI-F823DBF4529D,current_location,location,"Frau Professor Hilprecht Collection, Friedrich Schiller University Jena",reported,SRC-BE41C40E06FA,dc00001086
IBI-F823DBF4529D,dating,dating,500–700 CE,reported,SRC-BE41C40E06FA,dc00001086
IBI-F823DBF4529D,dimensions,dimensions,Height 7 cm; diameter 17.2 cm,reported,SRC-BE41C40E06FA,dc00001086
IBI-F823DBF4529D,findspot,provenance,"Nippur, Iraq",reported,SRC-BE41C40E06FA,dc00001086
IBI-F8411BD03E1F,catalogue_language_codes,language,heb,reported,SRC-390194A0629F,MMS 997008712399505171
IBI-F8411BD03E1F,current_location,location,"National Library of Israel, Jerusalem",reported,SRC-390194A0629F,MMS 997008712399505171
IBI-F8411BD03E1F,dating,dating,400–899 CE,reported,SRC-390194A0629F,MMS 997008712399505171
IBI-F8411BD03E1F,dimensions,dimensions,Height 61 mm; source field ‘הקף’ 167 mm,reported,SRC-390194A0629F,MMS 997008712399505171
IBI-F881E6B2BBA7,current_location,location,The British Museum,reported,SRC-3D4B57D27A24,Related objects: 1881-0714-9
IBI-F881E6B2BBA7,dating,dating,6thC-8thC,reported,SRC-3D4B57D27A24,Related objects: 1881-0714-9
IBI-F881E6B2BBA7,findspot,provenance,Excavated/Findspot: Tell Ibrahim (Kutha),reported,SRC-3D4B57D27A24,Related objects: 1881-0714-9
IBI-F881E6B2BBA7,period,dating,Late-Post Sasanian,reported,SRC-3D4B57D27A24,Related objects: 1881-0714-9
IBI-F881E6B2BBA7,production_place,provenance,Made in: Iraq,reported,SRC-3D4B57D27A24,Related objects: 1881-0714-9
IBI-F8AAEA800567,current_location,location,"Frau Professor Hilprecht Collection, Friedrich Schiller University Jena",reported,SRC-A2CAB79ACA79,dc00001098
IBI-F8AAEA800567,dating,dating,500–700 CE,reported,SRC-A2CAB79ACA79,dc00001098
IBI-F8AAEA800567,dimensions,dimensions,Height 7.2 cm; diameter 15 cm,reported,SRC-A2CAB79ACA79,dc00001098
IBI-F8AAEA800567,findspot,provenance,"Nippur, Iraq",reported,SRC-A2CAB79ACA79,dc00001098
IBI-F8F5A0B86451,current_location,location,Penn Museum,reported,SRC-A76B96C9F741,https://collections.penn.museum/collections/object/4578
IBI-F8F5A0B86451,material,material,Ceramic; Ink,reported,SRC-A76B96C9F741,https://collections.penn.museum/collections/object/4578
IBI-F901D66AA611,script,script,Pseudo-script,reported,SRC-72D809FB4249,text 134Ps; section pp. 150–162
IBI-F919AA6121E3,inscription_language,language,Aramaic,reported,SRC-72D809FB4249,text 009A; section pp. 43–102
IBI-F93FDA2B10F9,catalogue_language_codes,language,heb,reported,SRC-D9DD3BC6E907,MMS 997008712410005171
IBI-F93FDA2B10F9,current_location,location,"National Library of Israel, Jerusalem",reported,SRC-D9DD3BC6E907,MMS 997008712410005171
IBI-F93FDA2B10F9,dating,dating,400–899 CE,reported,SRC-D9DD3BC6E907,MMS 997008712410005171
IBI-F93FDA2B10F9,dimensions,dimensions,Height 66 mm; source field ‘הקף’ 174 mm,reported,SRC-D9DD3BC6E907,MMS 997008712410005171
IBI-F95732BB308E,inscription_language,language,Aramaic,reported,SRC-72D809FB4249,text 003A; section pp. 43–102
IBI-F9670CEFD548,current_location,location,Penn Museum,reported,SRC-BAAFF2F10461,https://collections.penn.museum/collections/object/222626
IBI-F9670CEFD548,inscription_language,language,Hebrew Language,reported,SRC-BAAFF2F10461,https://collections.penn.museum/collections/object/222626; Details table; observed 2026-09-05T14:31:02.860Z; Inscription Language
IBI-F9670CEFD548,material,material,Ceramic; Ink,reported,SRC-BAAFF2F10461,https://collections.penn.museum/collections/object/222626
IBI-F98B752368B9,condition,condition,fragmentary,reported,SRC-3A8095B6D794,index entry BM006A
IBI-F99341421AE4,catalogue_language_codes,language,heb,reported,SRC-A48B67BA0E61,MMS 997008712405705171
IBI-F99341421AE4,current_location,location,"National Library of Israel, Jerusalem",reported,SRC-A48B67BA0E61,MMS 997008712405705171
IBI-F99341421AE4,dating,dating,400–899 CE,reported,SRC-A48B67BA0E61,MMS 997008712405705171
IBI-F99341421AE4,dimensions,dimensions,Height 84 mm; source field ‘הקף’ 180 mm,reported,SRC-A48B67BA0E61,MMS 997008712405705171
IBI-F9FFC9C1FCD8,current_or_reported_collection,location,Schøyen Collection,reported,SRC-6D313A7AA389,"p. 2, designation MS 2055/25"
IBI-F9FFC9C1FCD8,inscription_language,language,Syriac,reported,SRC-6D313A7AA389,"p. 2, designation MS 2055/25"
IBI-F9FFC9C1FCD8,script,script,Syriac ‘Manichaean’ script,reported,SRC-6D313A7AA389,"p. 2, designation MS 2055/25"
IBI-FA688CC07117,current_location,location,Penn Museum,reported,SRC-A6EDD648F439,https://collections.penn.museum/collections/object/118820
IBI-FA688CC07117,material,material,Ceramic; Ink,reported,SRC-A6EDD648F439,https://collections.penn.museum/collections/object/118820
IBI-FAA4FDD745DD,biblical_quotations,biblical_intertexts,"[""Zech. 3.2""]",reported,SRC-73C44B143A9D,"p. 154, distribution table, Isbell 24"
IBI-FAA4FDD745DD,inscription_language,language,Jewish Babylonian Aramaic,reported,SRC-73C44B143A9D,"p. 154, distribution table, Isbell 24"
IBI-FAA7F16C75C2,bibliography,publication,"Ford 2014 commentary on Shaked–Ford–Bhayro 2013, JBA 23",reported,SRC-FORD2014-AUOR,"Commentary on JBA 23, Ford 2014 pp. 236–237, 237–239"
IBI-FAA7F16C75C2,text_feature,text_description,Ford reports: Reinterpretation of a cosmological expression.,reported,SRC-FORD2014-AUOR,pp. 236–237; JBA 23:1
IBI-FAA7F16C75C2,text_feature,text_description,Ford reports: Passive-participle analysis with comparative evidence.,reported,SRC-FORD2014-AUOR,pp. 237–239; JBA 23:3
IBI-FB21D28897C8,current_location,location,Penn Museum,reported,SRC-B018B12C0C03,https://collections.penn.museum/collections/object/181612
IBI-FB21D28897C8,material,material,Ceramic; Ink,reported,SRC-B018B12C0C03,https://collections.penn.museum/collections/object/181612
IBI-FB27FC73F393,inscription_language,language,Syriac,reported,SRC-6D313A7AA389,"p. 1, item 17"
IBI-FB27FC73F393,script,script,Syriac ‘Manichaean’ script,reported,SRC-6D313A7AA389,"p. 1, item 17"
IBI-FB4728FAE732,biblical_quotations,biblical_intertexts,"[""Num. 9.23""]",reported,SRC-73C44B143A9D,"p. 158, distribution table, JBA 75"
IBI-FB4728FAE732,current_or_reported_collection,location,The Schøyen Collection,reported,SRC-73C44B143A9D,"p. 158, distribution table, JBA 75"
IBI-FB4728FAE732,inscription_language,language,Jewish Babylonian Aramaic,reported,SRC-73C44B143A9D,"p. 158, distribution table, JBA 75"
IBI-FB4EFCE9FCBD,current_location,location,The British Museum,reported,SRC-3D4B57D27A24,Related objects: 1980-0415-12
IBI-FB4EFCE9FCBD,dating,dating,6thC-8thC,reported,SRC-3D4B57D27A24,Related objects: 1980-0415-12
IBI-FB4EFCE9FCBD,period,dating,Late-Post Sasanian,reported,SRC-3D4B57D27A24,Related objects: 1980-0415-12
IBI-FB4EFCE9FCBD,production_place,provenance,Made in: Iraq,reported,SRC-3D4B57D27A24,Related objects: 1980-0415-12
IBI-FB5555B823FD,catalogue_language_codes,language,heb,reported,SRC-5F2BE22D9ADB,MMS 997008712402105171
IBI-FB5555B823FD,current_location,location,"National Library of Israel, Jerusalem",reported,SRC-5F2BE22D9ADB,MMS 997008712402105171
IBI-FB5555B823FD,dating,dating,400–899 CE,reported,SRC-5F2BE22D9ADB,MMS 997008712402105171
IBI-FB5555B823FD,dimensions,dimensions,Height 58 mm; source field ‘הקף’ 170 mm,reported,SRC-5F2BE22D9ADB,MMS 997008712402105171
IBI-FBB33FFB180F,current_location,location,Penn Museum,reported,SRC-58DF8DE7160F,https://collections.penn.museum/collections/object/327754
IBI-FBB33FFB180F,material,material,Ceramic; Ink,reported,SRC-58DF8DE7160F,https://collections.penn.museum/collections/object/327754
IBI-FBE1D4688507,current_location,location,Penn Museum,reported,SRC-D3B57299DA0C,https://collections.penn.museum/collections/object/223709
IBI-FBE1D4688507,material,material,Ceramic Ink Bitumen,reported,SRC-D3B57299DA0C,https://collections.penn.museum/collections/object/223709
IBI-FBE2D8234311,current_location,location,Penn Museum,reported,SRC-2349DCC5FC9C,https://collections.penn.museum/collections/object/199042
IBI-FBE2D8234311,material,material,Ceramic; Ink,reported,SRC-2349DCC5FC9C,https://collections.penn.museum/collections/object/199042
IBI-FC1C4A33DDF5,condition,condition,Chip to base; otherwise intact,reported,SRC-CE4F7C4C919B,item 31.36716
IBI-FC1C4A33DDF5,dating,dating,4th–6th century CE,reported,SRC-CE4F7C4C919B,item 31.36716
IBI-FC1C4A33DDF5,dimensions,dimensions,Diameter 11.6 cm,reported,SRC-CE4F7C4C919B,item 31.36716
IBI-FC1C4A33DDF5,inscription_language,language,Aramaic,reported,SRC-CE4F7C4C919B,item 31.36716
IBI-FC1C4A33DDF5,material,material,Terracotta,reported,SRC-CE4F7C4C919B,item 31.36716
IBI-FC1C4A33DDF5,provenance,provenance,Said Ali Madhloom collection; brought to the UK in 1981; thence by descent,reported,SRC-CE4F7C4C919B,item 31.36716
IBI-FC1C4A33DDF5,text_layout,text_form,Spiral lines,reported,SRC-CE4F7C4C919B,item 31.36716
IBI-FC231B673E0D,dating,dating,5th–6th century CE,reported,SRC-F20148C5DA92,"lot 273, fragment 3 of 5"
IBI-FC231B673E0D,inscription_language,language,Aramaic or Aramaic-like patterns,reported,SRC-F20148C5DA92,"lot 273, fragment 3 of 5"
IBI-FC231B673E0D,material,material,Pottery,reported,SRC-F20148C5DA92,"lot 273, fragment 3 of 5"
IBI-FC4FD2D26B71,catalogue_language_codes,language,heb,reported,SRC-21960A7E5963,MMS 997008712408405171
IBI-FC4FD2D26B71,current_location,location,"National Library of Israel, Jerusalem",reported,SRC-21960A7E5963,MMS 997008712408405171
IBI-FC4FD2D26B71,dating,dating,400–899 CE,reported,SRC-21960A7E5963,MMS 997008712408405171
IBI-FC4FD2D26B71,dimensions,dimensions,Height 68 mm; source field ‘הקף’ 160 mm,reported,SRC-21960A7E5963,MMS 997008712408405171
IBI-FC553C8D4F9B,current_location,location,Penn Museum,reported,SRC-AE3E1F2033B2,https://collections.penn.museum/collections/object/262518
IBI-FC553C8D4F9B,material,material,Ceramic Ink,reported,SRC-AE3E1F2033B2,https://collections.penn.museum/collections/object/262518
IBI-FC756E58C80D,biblical_quotations,biblical_intertexts,"[""Exod. 3.15"", ""Isa. 40.31"", ""Isa. 60.11"", ""Gen. 27.28""]",reported,SRC-73C44B143A9D,"p. 158, distribution table, JBA 98"
IBI-FC756E58C80D,current_or_reported_collection,location,The Schøyen Collection,reported,SRC-73C44B143A9D,"p. 158, distribution table, JBA 98"
IBI-FC756E58C80D,inscription_language,language,Jewish Babylonian Aramaic,reported,SRC-73C44B143A9D,"p. 158, distribution table, JBA 98"
IBI-FCB1031090E2,client,client,Isra son of Amah,reported,SRC-7314F33C6D82,object W_1980-0415-8
IBI-FCB1031090E2,current_location,location,The British Museum,reported,SRC-3D4B57D27A24,Related objects: 1980-0415-8
IBI-FCB1031090E2,current_location,location,The British Museum,reported,SRC-7314F33C6D82,object W_1980-0415-8
IBI-FCB1031090E2,dating,dating,6thC–8thC,reported,SRC-7314F33C6D82,object W_1980-0415-8
IBI-FCB1031090E2,dating,dating,6thC-8thC,reported,SRC-3D4B57D27A24,Related objects: 1980-0415-8
IBI-FCB1031090E2,dimensions,dimensions,Diameter 14.50 cm; depth 7.50 cm,reported,SRC-7314F33C6D82,object W_1980-0415-8
IBI-FCB1031090E2,inscription_language,language,Aramaic,reported,SRC-7314F33C6D82,object W_1980-0415-8
IBI-FCB1031090E2,material,material,pottery,reported,SRC-7314F33C6D82,object W_1980-0415-8
IBI-FCB1031090E2,period,dating,Late-Post Sasanian,reported,SRC-3D4B57D27A24,Related objects: 1980-0415-8
IBI-FCB1031090E2,production_place,provenance,Made in: Iraq,reported,SRC-3D4B57D27A24,Related objects: 1980-0415-8
IBI-FD3729E6B891,attributed_author,practitioner,Gušnazdukht daughter of Aḥat,reported,SRC-A90AB34CA3FE,"p. 102, table 6, NFP 2"
IBI-FD3729E6B891,current_or_reported_collection,location,British Museum,reported,SRC-A90AB34CA3FE,"p. 102, table 6, NFP 2"
IBI-FD3729E6B891,formula_genre,ritual,Mesopotamian,reported,SRC-A90AB34CA3FE,"p. 102, table 6, NFP 2"
IBI-FD3729E6B891,inscription_language,language,Jewish Babylonian Aramaic,reported,SRC-A90AB34CA3FE,"p. 102, table 6, NFP 2"
IBI-FDB589C9B13A,dimensions,dimensions,Diameter 6 in; height 2.5 in,reported,SRC-2678ACCD33D1,listing 556fef1cdb
IBI-FDB589C9B13A,inscription_language,language,Aramaic,reported,SRC-2678ACCD33D1,listing 556fef1cdb
IBI-FDB589C9B13A,material,material,Terracotta,reported,SRC-2678ACCD33D1,listing 556fef1cdb
IBI-FE2547B9A003,current_location,location,Penn Museum,reported,SRC-38F30D0275FD,https://collections.penn.museum/collections/object/320710
IBI-FE2547B9A003,material,material,Ceramic; Ink,reported,SRC-38F30D0275FD,https://collections.penn.museum/collections/object/320710
IBI-FE8055483D66,catalogue_language_codes,language,heb,reported,SRC-974453A73C8C,MMS 997008712407705171
IBI-FE8055483D66,current_location,location,"National Library of Israel, Jerusalem",reported,SRC-974453A73C8C,MMS 997008712407705171
IBI-FE8055483D66,dating,dating,400–899 CE,reported,SRC-974453A73C8C,MMS 997008712407705171
IBI-FE8055483D66,dimensions,dimensions,Height 60 mm; source field ‘הקף’ 164 mm,reported,SRC-974453A73C8C,MMS 997008712407705171
IBI-FEAC2F4016A5,current_or_reported_collection,location,Schøyen Collection,reported,SRC-A90AB34CA3FE,"p. 105, note 434"
IBI-FEAC2F4016A5,handwriting_attribution,practitioner,Giyonay daughter of Lalay,reported,SRC-A90AB34CA3FE,"p. 105, note 434"
IBI-FEAC2F4016A5,inscription_language,language,Jewish Babylonian Aramaic,reported,SRC-A90AB34CA3FE,"p. 105, note 434"
IBI-FF406F1D7BF5,inscription_language,language,Syriac,reported,SRC-6D313A7AA389,"p. 2, item 38"
IBI-FF406F1D7BF5,script,script,Syriac ‘Manichaean’ script,reported,SRC-6D313A7AA389,"p. 2, item 38"
IBI-FF6A0543E254,current_location,location,The British Museum,reported,SRC-3D4B57D27A24,Related objects: 1888-0806-11
IBI-FF6A0543E254,dating,dating,6thC-8thC,reported,SRC-3D4B57D27A24,Related objects: 1888-0806-11
IBI-FF6A0543E254,period,dating,Late-Post Sasanian,reported,SRC-3D4B57D27A24,Related objects: 1888-0806-11
IBI-FF6A0543E254,production_place,provenance,Made in: Iraq,reported,SRC-3D4B57D27A24,Related objects: 1888-0806-11
IBI-FFC896350AFE,current_location,location,Penn Museum,reported,SRC-6A7F76E470A0,https://collections.penn.museum/collections/object/192629
IBI-FFC896350AFE,material,material,Ceramic; Ink,reported,SRC-6A7F76E470A0,https://collections.penn.museum/collections/object/192629
IBI-FORD2014-AS13,bibliography,publication,"Ford 2014, Aula Orientalis 32/2: 235–263; Appendix 1, pp. 246–252",reported,SRC-FORD2014-AUOR,"Appendix 1, pp. 246–252"
IBI-FORD2014-AS13,current_or_reported_collection,location,"Akram Sawalha collection, Amman, as reported in 2014",reported,SRC-FORD2014-AUOR,p. 246 n. 48
IBI-FORD2014-AS13,dimensions,dimensions,17.9 x 6.1 cm,reported,SRC-FORD2014-AUOR,p. 247
IBI-FORD2014-AS13,iconography,visual,No figurative design reported,reported,SRC-FORD2014-AUOR,p. 247
IBI-FORD2014-AS13,text_layout,text_form,Two interior registers separated by a line; writing also on the outside rim,reported,SRC-FORD2014-AUOR,p. 247
IBI-FORD2014-DAV27,bibliography,publication,"Ford 2014, Aula Orientalis 32/2: 235–263; Appendix 2, pp. 253–258",reported,SRC-FORD2014-AUOR,"Appendix 2, pp. 253–258"
IBI-FORD2014-DAV27,dimensions,dimensions,16.5 x 5.8 cm,reported,SRC-FORD2014-AUOR,p. 253
IBI-FORD2014-DAV27,iconography,visual,No figurative design reported,reported,SRC-FORD2014-AUOR,p. 253
IBI-FORD2014-DAV27,text_layout,text_form,"Spiral beginning at the centre, with broken lines toward the rim and faded writing outside",reported,SRC-FORD2014-AUOR,p. 253
