id,label,object_type,record_status,authenticity
IBI-00411C86E8C1,Apotropaic index CAIB68,uncertain,candidate,unassessed
IBI-007D77A72CEE,089M,whole_bowl,probable,accepted
IBI-009B8B1331CF,InscriptiFact dataset 15259838,uncertain,candidate,unassessed
IBI-009F4BEB848B,Penn B2958: Hebrew Bowl,fragment,candidate,unassessed
IBI-00AF5AE402AB,NLI incantation bowl 120 (Ms. Heb. 9467.83),whole_bowl,confirmed,unassessed
IBI-00D5EF90085E,NLI incantation bowl 165 (Ms. Heb. 9467.62),whole_bowl,confirmed,unassessed
IBI-00E095201103,Penn B8692: Hebrew Bowl,fragment,candidate,unassessed
IBI-013FBB80706C,CBS 16007,whole_bowl,probable,accepted
IBI-0169FFC4DF9F,Schøyen MS 2053/176 (context citation),uncertain,candidate,unassessed
IBI-01B582E3244E,119ES,whole_bowl,probable,accepted
IBI-01CFAFC981BF,Kelsey Museum KM 19504,whole_bowl,confirmed,accepted
IBI-01E84A54F778,Apotropaic index BM066A,fragment,candidate,unassessed
IBI-01F4DCFD953A,130Ps,whole_bowl,probable,pseudo_script
IBI-01F91982BC30,Penn B6357: Hebrew Bowl Sherd,whole_bowl,candidate,unassessed
IBI-021B030E5BF0,035A,whole_bowl,probable,accepted
IBI-021C540426A3,British Museum 117880: incantation bowl,whole_bowl,probable,unassessed
IBI-023E358F613C,British Museum 117875: incantation bowl,whole_bowl,probable,unassessed
IBI-023E77FA4EA0,Waller 2022: M 164,whole_bowl,probable,accepted
IBI-025E789F4093,NLI incantation bowl 42 (Ms. Heb. 9467.167),whole_bowl,confirmed,unassessed
IBI-02B43ABF13D9,Apotropaic index AIT12,uncertain,candidate,unassessed
IBI-02C3017F6BC7,Penn B16043: Hebrew Bowl,fragment,candidate,unassessed
IBI-035BA4ABBE6D,Museo Sefardí de Toledo AC-MSEF,whole_bowl,confirmed,accepted
IBI-03D1831C4F52,Apotropaic index C10-118,uncertain,candidate,unassessed
IBI-03DD4136BA32,State Hermitage Museum S-446,whole_bowl,confirmed,accepted
IBI-046C568A20AD,Waller 2022: A33965,whole_bowl,probable,accepted
IBI-0486433C4AA1,Waller 2022: JBA 07,whole_bowl,probable,accepted
IBI-0491BFEF65A7,Schøyen MS 2053/243 (context citation),uncertain,candidate,unassessed
IBI-04E65150CB94,Kedem Auction 32 lot 153,whole_bowl,candidate,unassessed
IBI-04F3BDA44F08,Penn B2980: Hebrew Bowl,fragment,candidate,unassessed
IBI-050C99E9C3F3,Apotropaic index MS2053/249,uncertain,candidate,unassessed
IBI-0585D0CB4219,Waller 2022: MS 1927/2,whole_bowl,probable,accepted
IBI-05936B466DF6,Semitics/ICOR Collections H 156,whole_bowl,probable,accepted
IBI-05947CF402DF,NLI incantation bowl 135 (Ms. Heb. 9467.143),whole_bowl,confirmed,unassessed
IBI-05D1CD7549AE,Penn B2954: Hebrew Bowl,whole_bowl,candidate,unassessed
IBI-05F37B54B501,NLI incantation bowl 190 (Ms. Heb. 9467.162),whole_bowl,confirmed,unassessed
IBI-05FC5CD699B5,NLI incantation bowl 213 (Ms. Heb. 9467.27),whole_bowl,confirmed,unassessed
IBI-06712C7D2130,HS 3053,whole_bowl,probable,accepted
IBI-06BD95937A55,Penn B2933: Hebrew Bowl,whole_bowl,candidate,unassessed
IBI-06D9A3E90FA7,"British Museum 1851,1009.102: incantation bowl",whole_bowl,probable,unassessed
IBI-06DF28395D0E,"British Museum 1980,0415.31.n: incantation bowl",whole_bowl,probable,unassessed
IBI-070B31F47013,Waller 2022: Aaron B,whole_bowl,probable,accepted
IBI-071DAEFA6D11,Waller 2022: JBA 02,whole_bowl,probable,accepted
IBI-07301A4A71CD,Apotropaic index AMBB9,uncertain,candidate,unassessed
IBI-073B6E935D3A,Hilprecht Collection HS 3040,whole_bowl,confirmed,accepted
IBI-074BAE1D8DED,053A,whole_bowl,probable,accepted
IBI-0764D67E1597,Penn B2950: Hebrew Bowl,whole_bowl,candidate,unassessed
IBI-078201A1B578,AO 17.284,whole_bowl,probable,accepted
IBI-079F0B82D514,CBS 9008,whole_bowl,probable,accepted
IBI-07AB8EBC54E5,Apotropaic index MS1927/64,uncertain,candidate,unassessed
IBI-07EF97A1DD2B,NLI incantation bowl 147 (Ms. Heb. 9467.189),whole_bowl,confirmed,unassessed
IBI-0812604AAFBD,British Museum 91767: incantation bowl,whole_bowl,probable,unassessed
IBI-087C6E4D7329,Waller 2022: Isbell 19,whole_bowl,probable,accepted
IBI-08C9C37BE59B,British Museum 91757: incantation bowl,whole_bowl,probable,unassessed
IBI-08DEAA97DEFF,NLI Klagsbald donation component 2,whole_bowl,candidate,unassessed
IBI-08E893BAB0D7,State Hermitage Museum S-442,whole_bowl,confirmed,accepted
IBI-090537791C38,NLI incantation bowl 164 (Ms. Heb. 9467.58),whole_bowl,confirmed,unassessed
IBI-09AF8E775E18,038A,whole_bowl,probable,accepted
IBI-09B23B2CE047,HS 3003,lost_or_unlocated,probable,accepted
IBI-09C22FFFD031,CBS 2922,whole_bowl,probable,accepted
IBI-0A03F807EB9D,Apotropaic index MS2053/188,uncertain,candidate,unassessed
IBI-0A0808CD163E,048A,whole_bowl,probable,accepted
IBI-0A183C0D3DA4,British Museum 91752: incantation bowl,whole_bowl,probable,unassessed
IBI-0A4638EC11A0,019A,whole_bowl,probable,accepted
IBI-0A4D195A6EE6,NLI Klagsbald donation component 3,whole_bowl,candidate,unassessed
IBI-0AD30C169821,NLI incantation bowl 137 (Ms. Heb. 9467.149),whole_bowl,confirmed,unassessed
IBI-0B93002906B1,Apotropaic index MNdAO1,uncertain,candidate,unassessed
IBI-0B9D7E67D854,Waller 2022: MSF 22,whole_bowl,probable,accepted
IBI-0BF39B9EA89F,Waller 2022: JBA 113,whole_bowl,probable,accepted
IBI-0C49F8862A63,NLI incantation bowl 46 (Ms. Heb. 9467.183),whole_bowl,confirmed,unassessed
IBI-0C53EA838205,NLI Ms. Heb. 9467.163,whole_bowl,probable,unassessed
IBI-0C91DE9D2AEC,Apollo Art Auctions 2026 lot 917 warrior bowl,whole_bowl,candidate,unassessed
IBI-0C99418FFC4A,Apotropaic index MS1927/45,uncertain,candidate,unassessed
IBI-0CCA2AA505A8,Apotropaic index CAIB64,uncertain,candidate,unassessed
IBI-0CDECCBBB862,Waller 2022: M 117,whole_bowl,probable,accepted
IBI-0D8026ACFDC0,CBS 16020,whole_bowl,probable,accepted
IBI-0DB8391E62FC,Penn B6349: Hebrew Bowl Sherd,whole_bowl,candidate,unassessed
IBI-0DC2EC6BA78F,British Museum 91753: incantation bowl,whole_bowl,probable,unassessed
IBI-0DDAE5D941C5,"British Museum 1980,0415.31.k: incantation bowl",whole_bowl,probable,unassessed
IBI-0DDF3246CBCA,Penn B16087: Hebrew Bowl,whole_bowl,candidate,unassessed
IBI-0DE175753ED8,British Museum 132168: incantation bowl,whole_bowl,probable,unassessed
IBI-0DF80F9636D2,Apotropaic index IM9731,fragment,candidate,unassessed
IBI-0E5246C8CD17,NLI incantation bowl 28 (Ms. Heb. 9467.110),whole_bowl,confirmed,unassessed
IBI-0E52F216A762,NLI incantation bowl 168 (Ms. Heb. 9467.74),whole_bowl,confirmed,unassessed
IBI-0E7150957331,Penn B6356: Hebrew Bowl,fragment,candidate,unassessed
IBI-0E8D5532FA13,Apotropaic index BM061A,fragment,candidate,unassessed
IBI-0EA741BCC672,Waller 2022: CAMIB 65,whole_bowl,probable,accepted
IBI-0EC7827D64A8,Waller 2022: AMB 09,whole_bowl,probable,accepted
IBI-0EECB81B329A,Apotropaic index MS1929/16,uncertain,candidate,unassessed
IBI-0F181E2EF9E1,British Museum 102982: incantation bowl,whole_bowl,probable,unassessed
IBI-0F6031C5921B,NLI incantation bowl 73 (Ms. Heb. 9467.104),whole_bowl,confirmed,unassessed
IBI-0F72CC248889,InscriptiFact dataset 1STO1540648,uncertain,candidate,unassessed
IBI-0F792FD4A54F,British Museum 91756: incantation bowl,whole_bowl,probable,unassessed
IBI-0F8B15FDC9FA,British Museum 117869: incantation bowl,whole_bowl,probable,unassessed
IBI-0FA43D3D3845,Apotropaic index ABE,uncertain,candidate,unassessed
IBI-1000B6CDC792,Penn B6352: Hebrew Bowl,fragment,candidate,unassessed
IBI-103744835B8E,Penn B13187: Hebrew Bowl,whole_bowl,candidate,unassessed
IBI-104CE733FB6E,Apollo Art Auctions lot 1419 right bowl,whole_bowl,candidate,unassessed
IBI-10736F9D0281,NLI incantation bowl 6 (Ms. Heb. 9467.15),whole_bowl,confirmed,unassessed
IBI-1096AC7149EC,Waller 2022: JBA 12,whole_bowl,probable,accepted
IBI-10A05AFD0BE2,Penn B2922: Hebrew Bowl,whole_bowl,candidate,unassessed
IBI-10F62BE5F176,Penn 34-3-1: Hebrew Bowl,whole_bowl,candidate,pseudo_script
IBI-110CE4A42E40,Apotropaic index MSFB19,uncertain,candidate,unassessed
IBI-11589900B7B0,British Museum 91758: incantation bowl,whole_bowl,probable,unassessed
IBI-116EB49D9B12,NLI incantation bowl 177 (Ms. Heb. 9467.109),whole_bowl,confirmed,unassessed
IBI-11735829BDED,Waller 2022: JBA 87,whole_bowl,probable,accepted
IBI-1196B85EC89E,Apotropaic index IM11113,fragment,candidate,unassessed
IBI-11E2055B3482,Apotropaic index MS2053/64,uncertain,candidate,unassessed
IBI-11FC2F150C46,Waller 2022: JBA 73,whole_bowl,probable,accepted
IBI-121D02E69051,NLI incantation bowl 82 (Ms. Heb. 9467.148),whole_bowl,confirmed,unassessed
IBI-1255BB27ADF4,094M,whole_bowl,probable,accepted
IBI-12617DC13FC0,Success-in-business bowl SD 34,whole_bowl,probable,unassessed
IBI-1276CBE352E3,Apollo Art Auctions lot 1419 centre bowl,whole_bowl,candidate,unassessed
IBI-1288C462A766,NLI incantation bowl 88 (Ms. Heb. 9467.172),whole_bowl,confirmed,unassessed
IBI-12A92BD58AA2,British Museum 91763: incantation bowl,whole_bowl,probable,unassessed
IBI-12E9DEF48BE8,Waller 2022: HS 3027,whole_bowl,probable,accepted
IBI-130DFB1D1802,Penn B16063: Hebrew Bowl,fragment,candidate,unassessed
IBI-131463D92B2C,HS 3066,whole_bowl,probable,accepted
IBI-1355E0808717,Penn 85-48-905: Hebrew Bowl,whole_bowl,candidate,unassessed
IBI-136F2CFA2ADD,Apotropaic index IsIAOJA,uncertain,candidate,unassessed
IBI-13A6F72CD6F0,British Museum 131669: incantation bowl,whole_bowl,probable,unassessed
IBI-13B2242254BB,British Museum 91743: incantation bowl,whole_bowl,probable,unassessed
IBI-13F4F4F65D1E,Penn B16010: Hebrew Bowl,whole_bowl,candidate,unassessed
IBI-1417A2ECD0F9,Waller 2022: Aaron F,whole_bowl,probable,accepted
IBI-146141958966,Apollo Art Auctions / Barnebys closed lot 3 August 2025,whole_bowl,candidate,unassessed
IBI-1482A1A5029F,067A,whole_bowl,probable,accepted
IBI-148B8110021B,British Museum 117881: incantation bowl,whole_bowl,probable,unassessed
IBI-14DE93A591AB,032A,whole_bowl,probable,accepted
IBI-15446E13F965,NLI incantation bowl 134 (Ms. Heb. 9467.139),whole_bowl,confirmed,unassessed
IBI-158E425708DC,NLI incantation bowl 183 (Ms. Heb. 9467.133),whole_bowl,confirmed,unassessed
IBI-15E5F5F51C15,InscriptiFact dataset 15260339,uncertain,candidate,unassessed
IBI-15FA5AB2FD95,023A,whole_bowl,probable,accepted
IBI-16003DD63F46,086M,whole_bowl,probable,accepted
IBI-16049F29E520,NLI incantation bowl 176 (Ms. Heb. 9467.105),whole_bowl,confirmed,unassessed
IBI-160D40AE5C30,Waller 2022: MS 1927/9,whole_bowl,probable,accepted
IBI-1656F37F943F,NLI incantation bowl 18 (Ms. Heb. 9467.69),whole_bowl,confirmed,unassessed
IBI-16895A57D419,Nippur Excavation 11 N 7,whole_bowl,probable,accepted
IBI-16929A0457B2,NLI incantation bowl 79 (Ms. Heb. 9467.136),whole_bowl,confirmed,unassessed
IBI-16D03874CAB3,NLI incantation bowl 140 (Ms. Heb. 9467.161),whole_bowl,confirmed,unassessed
IBI-16D19CDC2E71,Penn B16036: Hebrew Bowl,fragment,candidate,unassessed
IBI-16F45724A603,NLI incantation bowl 138 (Ms. Heb. 9467.153),whole_bowl,confirmed,unassessed
IBI-171905420AEE,Penn B6366: Hebrew Bowl,fragment,candidate,unassessed
IBI-173C87065236,Apotropaic index Gor2,uncertain,candidate,unassessed
IBI-178BA6C8C6EF,Apotropaic index BM071A,fragment,candidate,unassessed
IBI-179214179AA4,M24,whole_bowl,probable,unassessed
IBI-17A84EB70872,ISAC Museum A32675,whole_bowl,confirmed,pseudo_script
IBI-17B3C6565520,NLI incantation bowl 72 (Ms. Heb. 9467.100),whole_bowl,confirmed,unassessed
IBI-17B5BAA1746B,Nippur Excavation 12 N 5,whole_bowl,probable,accepted
IBI-17BB2C48B051,Ābgīne Museum 109–S,whole_bowl,confirmed,accepted
IBI-17CAC92E4C51,030A,whole_bowl,probable,accepted
IBI-17E201FE4602,071A,whole_bowl,probable,accepted
IBI-18453A93A7E2,Hilprecht Collection HS 3048,whole_bowl,confirmed,accepted
IBI-185FCCE03C08,British Museum 91775: incantation bowl,whole_bowl,probable,unassessed
IBI-189465D21A81,British Museum 102984: incantation bowl,whole_bowl,probable,unassessed
IBI-18B688C301FD,Penn B2978: Hebrew Bowl,fragment,candidate,unassessed
IBI-18D560D6B24D,British Museum 103356: incantation bowl,whole_bowl,probable,unassessed
IBI-193FF4627DC7,JNF 188,lost_or_unlocated,probable,accepted
IBI-19825182523D,Apotropaic index A17877,uncertain,candidate,unassessed
IBI-19E101F5D705,Waller 2022: AMB 11,whole_bowl,probable,accepted
IBI-19F212ABD00E,Penn B2932: Hebrew Bowl,fragment,candidate,unassessed
IBI-19FEDBE86525,Apotropaic index ABD,uncertain,candidate,unassessed
IBI-1A098436B031,CBS 9012,whole_bowl,probable,accepted
IBI-1A2C37C1994B,Waller 2022: VA 3853,whole_bowl,probable,accepted
IBI-1A5EEE1F1990,Penn B16100: Hebrew Bowl,whole_bowl,candidate,unassessed
IBI-1A838B4D55F0,Penn B16099: Hebrew Bowl,whole_bowl,candidate,unassessed
IBI-1AA57FC2F33B,Penn B16076: Hebrew Bowl,fragment,candidate,unassessed
IBI-1AAF876317AA,131Ps,whole_bowl,probable,pseudo_script
IBI-1ABF133E056F,NLI incantation bowl 107 (Ms. Heb. 9467.28),whole_bowl,confirmed,unassessed
IBI-1AF2D2009F51,Apotropaic index ZRL48,uncertain,candidate,unassessed
IBI-1B3C1020F7B0,Waller 2022: AMB 03,whole_bowl,probable,accepted
IBI-1B4164A69AEB,087M,whole_bowl,probable,accepted
IBI-1B7355F5BA43,Waller 2022: Müller-Kessler 2013,whole_bowl,probable,accepted
IBI-1BCA06F4C6A3,NLI incantation bowl 193 (Ms. Heb. 9467.174),whole_bowl,confirmed,unassessed
IBI-1C15BCD14440,Penn 85-48-912: Hebrew Bowl,whole_bowl,candidate,unassessed
IBI-1C2970E1B571,British Museum 103358: incantation bowl,whole_bowl,probable,unassessed
IBI-1C2EB1600C9F,British Museum 138177: incantation bowl,whole_bowl,probable,unassessed
IBI-1C5D8BAE830D,Penn B16013: Hebrew Bowl,fragment,candidate,unassessed
IBI-1D51C8E225EE,Apotropaic index Mous155,uncertain,candidate,unassessed
IBI-1D5DB3452BB5,British Museum 91748: incantation bowl,whole_bowl,probable,unassessed
IBI-1D6632625C45,Apotropaic index BM067A,fragment,candidate,unassessed
IBI-1D6F5E86F410,Apotropaic index MS2053/213,uncertain,candidate,unassessed
IBI-1D7983945634,Apotropaic index MNdAO2,uncertain,candidate,unassessed
IBI-1D8AC86E0520,British Museum 117876: incantation bowl,whole_bowl,probable,unassessed
IBI-1DBFD17467EE,093M,whole_bowl,probable,accepted
IBI-1DEFEF3EB62A,Penn B9006: Hebrew Bowl,fragment,candidate,unassessed
IBI-1E5A77A38A23,Freeman's sale 6402 lot 114,whole_bowl,candidate,unassessed
IBI-1E618ED8E0A9,Penn B16003: Hebrew Bowl,whole_bowl,candidate,unassessed
IBI-1E6CB815A56E,British Museum 136205: incantation bowl,whole_bowl,probable,unassessed
IBI-1E8BC06AF3C4,JNF 149,lost_or_unlocated,probable,accepted
IBI-1E9210B570BC,Apotropaic index MS2053/184,fragment,candidate,unassessed
IBI-1EBF3D398990,Apollo catalogue 10068 lot 273 component 1,fragment,candidate,unassessed
IBI-1F104D5164E8,British Museum 91721: incantation bowl,whole_bowl,probable,unassessed
IBI-1F14B48CC1F9,Apotropaic index MS2053/151,uncertain,candidate,unassessed
IBI-1F55D319D973,Setdart 2024 lot 84 Byzantine incantation bowl,whole_bowl,candidate,unassessed
IBI-1FE3CC239841,Apotropaic index IM114980,uncertain,candidate,unassessed
IBI-2037A36226CB,016A,whole_bowl,probable,accepted
IBI-20892526C235,NLI incantation bowl 125 (Ms. Heb. 9467.103),whole_bowl,confirmed,unassessed
IBI-208EC97C9987,M25,whole_bowl,probable,unassessed
IBI-20A53178A58B,"Apollo Art Auctions lot 1203, 21 June 2026",whole_bowl,candidate,unassessed
IBI-214D07893EE2,Waller 2022: JNF 124,whole_bowl,probable,accepted
IBI-218DE1BE8204,NLI incantation bowl 80 (Ms. Heb. 9467.140),whole_bowl,confirmed,unassessed
IBI-21905513ABB4,NLI incantation bowl 201 (Ms. Heb. 9467.206),whole_bowl,confirmed,unassessed
IBI-21A82C18C677,British Museum 91759: incantation bowl,whole_bowl,probable,unassessed
IBI-21AC145272C3,Apotropaic index BM055A,fragment,candidate,unassessed
IBI-21B455AEA105,Penn B6351: Hebrew Bowl,fragment,candidate,unassessed
IBI-21B5ECDA71C3,MS 1928/8,whole_bowl,probable,accepted
IBI-21BB929F927B,British Museum 113189: incantation bowl,whole_bowl,probable,unassessed
IBI-21C43CC67547,Apotropaic index MS2053/200,uncertain,candidate,unassessed
IBI-21CC875A95F0,NLI incantation bowl 1 (Ms. Heb. 9467.207),whole_bowl,confirmed,unassessed
IBI-21F04F566A66,Nippur 18N20,whole_bowl,confirmed,accepted
IBI-21F8CFF83258,Penn B2966: Hebrew Bowl,fragment,candidate,unassessed
IBI-220BCFC0023F,Schøyen MS 2053/218 (context citation),uncertain,candidate,unassessed
IBI-220D24A5C807,Waller 2022: JBA 56,whole_bowl,probable,accepted
IBI-223C8B15FFAD,Apotropaic index BM041A,uncertain,candidate,unassessed
IBI-2240A84876B0,Waller 2022: JBA 10,whole_bowl,probable,accepted
IBI-2302CEAE11AF,Penn B16055: Hebrew Bowl,fragment,candidate,unassessed
IBI-232209BCB4D0,NLI incantation bowl 167 (Ms. Heb. 9467.70),whole_bowl,confirmed,unassessed
IBI-232C781BAEC5,Penn B2939: Hebrew Bowl,whole_bowl,candidate,pseudo_script
IBI-2330422E45D9,Deutsch Auction 69 Bidspirit record 87924,whole_bowl,candidate,unassessed
IBI-2344C3FF52B5,Apotropaic index MS2053/273,uncertain,candidate,unassessed
IBI-23A7F361C52B,NLI incantation bowl 25 (Ms. Heb. 9467.98),whole_bowl,confirmed,unassessed
IBI-23A83B02203D,Schøyen MS 2053/168 (context citation),uncertain,candidate,unassessed
IBI-23F08045C39F,British Museum 91750: incantation bowl,whole_bowl,probable,unassessed
IBI-2422A6BE70E3,CBS 16019,whole_bowl,probable,accepted
IBI-24554F13A378,034A,whole_bowl,probable,accepted
IBI-24674D1820C6,Apotropaic index AIT5,uncertain,candidate,unassessed
IBI-24806B38E295,Apotropaic index MSFB23,uncertain,candidate,unassessed
IBI-249B4166F00F,T27993,whole_bowl,probable,accepted
IBI-24A6C8270E2E,Penn B2931: Hebrew Bowl,fragment,candidate,unassessed
IBI-24A9556799DE,Penn B8824: Hebrew Bowl,fragment,candidate,unassessed
IBI-24ACB7015795,Apotropaic index MS2053/61,uncertain,candidate,unassessed
IBI-2548E38191DB,Penn B16067: Hebrew Bowl,fragment,candidate,unassessed
IBI-25B551BD0779,Iraq Museum 114981 / Nippur 18N19,whole_bowl,confirmed,accepted
IBI-25BCE95A8261,Penn B16035: Hebrew Bowl,whole_bowl,candidate,unassessed
IBI-2607A944A606,099M,whole_bowl,probable,accepted
IBI-260D4E5E5F7D,InscriptiFact dataset 15260313,uncertain,candidate,unassessed
IBI-2615F285A3AD,British Museum 91707: incantation bowl,whole_bowl,probable,unassessed
IBI-2686C627CD27,InscriptiFact dataset 15260312,uncertain,candidate,unassessed
IBI-26A16977EC0F,Catawiki 2022 lot 60577753 pseudo-Mandaic bowl,whole_bowl,candidate,unassessed
IBI-26BDEA55EA1E,CBS 16054,whole_bowl,probable,accepted
IBI-2728C7DFE378,Apotropaic index Mous101,uncertain,candidate,unassessed
IBI-272A802952A9,NLI incantation bowl 159 (Ms. Heb. 9467.39),whole_bowl,confirmed,unassessed
IBI-274C504D8B36,Penn B16040: Hebrew Bowl,fragment,candidate,unassessed
IBI-277022EB0397,Penn B16066: Hebrew Bowl,fragment,candidate,unassessed
IBI-278C08BF8836,Met 32.150.90: Incantation bowl with Aramaic inscription,whole_bowl,probable,accepted
IBI-278D34D3829E,NLI incantation bowl 47 (Ms. Heb. 9467.187),whole_bowl,confirmed,unassessed
IBI-27C6D6615AA5,045A,whole_bowl,probable,accepted
IBI-27E625F08E90,026A,whole_bowl,probable,accepted
IBI-27E9F3EE0B7E,Schøyen MS 2053/24 (context citation),uncertain,candidate,unassessed
IBI-283FD9063B32,Apotropaic index Ellis4,fragment,candidate,unassessed
IBI-284FC36562FD,Penn B16060: Hebrew Bowl,whole_bowl,candidate,unassessed
IBI-288831B6B43D,British Museum 113186: incantation bowl,whole_bowl,probable,unassessed
IBI-28AFCD028373,CBS 2963,whole_bowl,probable,accepted
IBI-28C0A68E5312,Apotropaic index GorG,uncertain,candidate,unassessed
IBI-28C98DC174AB,Penn B2959: Hebrew Bowl,fragment,candidate,unassessed
IBI-28CCB551F9CE,Penn 85-48-953: Hebrew Bowl,whole_bowl,candidate,unassessed
IBI-28F0AB8A316E,NLI incantation bowl 129 (Ms. Heb. 9467.119),whole_bowl,confirmed,unassessed
IBI-2953DC605502,British Museum 91735: incantation bowl,whole_bowl,probable,unassessed
IBI-29B9C18F60AD,NLI incantation bowl 136 (Ms. Heb. 9467.146),whole_bowl,confirmed,unassessed
IBI-29C586400FE7,Penn B2986: Hebrew Bowl,fragment,candidate,unassessed
IBI-29E94E57E9AB,Penn B313: Hebrew Bowl,fragment,candidate,unassessed
IBI-2A02096BEF0D,Penn B2979: Hebrew Bowl,fragment,candidate,unassessed
IBI-2A492AE90AFC,Penn B6337: Hebrew Bowl,fragment,candidate,unassessed
IBI-2A62E7C24655,Penn B16078: Hebrew Bowl,fragment,candidate,pseudo_script
IBI-2AC4F65B8B41,Apotropaic index JMLB,uncertain,candidate,unassessed
IBI-2AD309D00BD8,Penn B9007: Hebrew Bowl,whole_bowl,candidate,unassessed
IBI-2AF0C10043BB,British Museum 91755: incantation bowl,whole_bowl,probable,unassessed
IBI-2B02110E6106,041A,whole_bowl,probable,accepted
IBI-2B3A9FEDF6B6,136Ps,whole_bowl,probable,pseudo_script
IBI-2B41E81A39DC,Penn B6340: Hebrew Bowl,fragment,candidate,unassessed
IBI-2BC68A5CB28B,Apotropaic index BM026A,uncertain,candidate,unassessed
IBI-2C29F83F15B7,NLI incantation bowl 101 (Ms. Heb. 9467.92),whole_bowl,confirmed,unassessed
IBI-2C4A68905E21,Penn B2920: Hebrew Bowl,whole_bowl,candidate,unassessed
IBI-2C7E81F0BF57,Penn B2930: Hebrew Bowl,fragment,candidate,unassessed
IBI-2CD9170DA696,Penn B8694: Hebrew Bowl,whole_bowl,candidate,unassessed
IBI-2D00C224051D,NLI incantation bowl 142 (Ms. Heb. 9467.169),whole_bowl,confirmed,unassessed
IBI-2D03029F6DEE,Apotropaic index AIT9,uncertain,candidate,unassessed
IBI-2D3CCB46C922,Penn B2965: Hebrew Bowl,whole_bowl,candidate,unassessed
IBI-2D5171E717C9,Penn B16074: Hebrew Bowl,whole_bowl,candidate,unassessed
IBI-2D80EA4F1D86,008A,whole_bowl,probable,accepted
IBI-2D89F1AE8B4E,Penn B2927: Hebrew Bowl,fragment,candidate,unassessed
IBI-2DB1150EAABF,056A,whole_bowl,probable,accepted
IBI-2DC78044BAB0,Penn B2942: Hebrew Bowl,fragment,candidate,unassessed
IBI-2DD01E4AEBAA,Penn B16046: Hebrew Bowl,whole_bowl,candidate,pseudo_script
IBI-2DE111D82FEB,Penn B6350: Hebrew Bowl Sherd,fragment,candidate,unassessed
IBI-2E2B0585326F,Apotropaic index BM075A,fragment,candidate,unassessed
IBI-2E43BB30FC0D,Apotropaic index BM047A,fragment,candidate,unassessed
IBI-2E9271010AE9,021A,whole_bowl,probable,accepted
IBI-2EDA3F0CC8FF,NLI incantation bowl 188 (Ms. Heb. 9467.154),whole_bowl,confirmed,unassessed
IBI-2EED9438395D,Penn B16032: Hebrew Bowl,fragment,candidate,unassessed
IBI-2F518E039625,Penn B16097: Hebrew Bowl,whole_bowl,candidate,unassessed
IBI-2F865119B495,Velyki Kuchugury Arabic magic bowl,whole_bowl,probable,uncertain
IBI-2F9603FC2573,129Ps,whole_bowl,probable,pseudo_script
IBI-2FBE00255815,011A,whole_bowl,probable,accepted
IBI-2FE301CE0700,NLI incantation bowl 26 (Ms. Heb. 9467.102),whole_bowl,confirmed,unassessed
IBI-2FFC9FF8236D,Penn B9011: Hebrew Bowl,fragment,candidate,unassessed
IBI-302745C14252,British Museum 139523: incantation bowl,whole_bowl,probable,unassessed
IBI-303D33EE1BE4,Waller 2022: S-448,whole_bowl,probable,accepted
IBI-3044FDEF415D,British Museum 91739: incantation bowl; lid,whole_bowl,probable,unassessed
IBI-304663B8D76A,NLI incantation bowl 63 (Ms. Heb. 9467.44),whole_bowl,confirmed,unassessed
IBI-307462D3FF1E,054A,whole_bowl,probable,accepted
IBI-3077C088CF69,Waller 2022: AMB 13,whole_bowl,probable,accepted
IBI-30ADFE79BF8F,Penn B2967: Hebrew Bowl,fragment,candidate,unassessed
IBI-30B4E8189C7A,Apotropaic index BM022A,fragment,candidate,unassessed
IBI-30CBF5B8E3C2,102M,whole_bowl,probable,accepted
IBI-30FB7BC72D53,NLI incantation bowl 126 (Ms. Heb. 9467.107),whole_bowl,confirmed,unassessed
IBI-310095C53E06,Penn B2972: Hebrew Bowl,whole_bowl,candidate,unassessed
IBI-3132F3F8C7D4,NLI Klagsbald donation component 4,whole_bowl,candidate,unassessed
IBI-31618FC3F7AF,Archaeological Center Auction 57 lot 442,whole_bowl,candidate,unassessed
IBI-3180DEB24604,Schøyen MS 2053/14 (context citation),uncertain,candidate,unassessed
IBI-3192995163A4,Nippur 18N98,whole_bowl,confirmed,accepted
IBI-319F3DE276D8,Waller 2022: Isbell 09,whole_bowl,probable,accepted
IBI-31C352BFECD2,060A,whole_bowl,probable,accepted
IBI-31C3A4F59439,Waller 2022: Isbell 51,whole_bowl,probable,accepted
IBI-3215D0FCF59D,NLI incantation bowl 78 (Ms. Heb. 9467.132),whole_bowl,confirmed,unassessed
IBI-322709A42431,Penn B2351: Sherd,fragment,candidate,unassessed
IBI-325647D3DF8D,CBS 2972 [Montgomery text 28],whole_bowl,probable,accepted
IBI-3264A74D6009,Penn B16058: Hebrew Bowl,fragment,candidate,unassessed
IBI-329D7C137A72,British Museum 91713: incantation bowl,whole_bowl,probable,unassessed
IBI-32E80C06D6CC,Penn B16096: Hebrew Bowl,whole_bowl,candidate,unassessed
IBI-32F8164EAC5E,British Museum 91720: incantation bowl,whole_bowl,probable,unassessed
IBI-3302F57D7AE1,Apotropaic index AIT19,uncertain,candidate,unassessed
IBI-3322C751E92E,Penn B2943: Hebrew Bowl,fragment,candidate,unassessed
IBI-333CFA8C8FBF,Penn 85-48-916: Hebrew Bowl,fragment,candidate,unassessed
IBI-33600DDBE0D9,NLI incantation bowl 139 (Ms. Heb. 9467.157),whole_bowl,confirmed,unassessed
IBI-336EFF7DA93C,British Museum 91715 scholarly re-edition,whole_bowl,probable,unassessed
IBI-3389670D4355,Apotropaic index AMBB5,uncertain,candidate,unassessed
IBI-33ACFC312B22,British Museum 91738: incantation bowl,whole_bowl,probable,unassessed
IBI-33C9806531BF,Penn B2923: Hebrew Bowl,fragment,candidate,unassessed
IBI-33E209FF5B86,NLI incantation bowl 51 (Ms. Heb. 9467.203),whole_bowl,confirmed,unassessed
IBI-34A1296673D3,Penn B2921: Hebrew Bowl,fragment,candidate,pseudo_script
IBI-34BA7D7EBB71,Apotropaic index BM029A,fragment,candidate,unassessed
IBI-34E5A43D4611,Gorea 2003 B2,whole_bowl,probable,accepted
IBI-356AD7EE0473,Kelsey Museum KM 33756,whole_bowl,confirmed,pseudo_script
IBI-358AAAF4ED2B,Waller 2022: SD 34,whole_bowl,probable,accepted
IBI-35C11EAAE713,049A,whole_bowl,probable,accepted
IBI-35CD0E04D7E6,InscriptiFact dataset 110214183,uncertain,candidate,unassessed
IBI-35F76F0F9D47,025A,whole_bowl,probable,accepted
IBI-35FC1833A65E,Penn B16048: Hebrew Bowl,fragment,candidate,unassessed
IBI-360CFBBCC321,Penn B8700: Hebrew Bowl,fragment,candidate,unassessed
IBI-362D2E1D6E03,Harviainen Borsippa bowl (BOR),whole_bowl,probable,unassessed
IBI-364CBA12A40B,112M,whole_bowl,probable,accepted
IBI-3657945A6155,"Pearson bowl, St Albans",lost_or_unlocated,probable,unassessed
IBI-36BC4F8663C6,Penn B6359: Hebrew Bowl,fragment,candidate,unassessed
IBI-36E0B6218EBA,"British Museum 1881,0714.6 / Google Arts & Culture",whole_bowl,probable,unassessed
IBI-37106ED2732D,Cincinnati Skirball Museum A/1331,whole_bowl,confirmed,accepted
IBI-372A705104A0,Apotropaic index BM013A,uncertain,candidate,unassessed
IBI-373176F3D2D5,NLI incantation bowl 27 (Ms. Heb. 9467.106),whole_bowl,confirmed,unassessed
IBI-374B7E79C69C,"British Museum 1980,0415.31.f: incantation bowl",whole_bowl,probable,unassessed
IBI-3777D0C0A76B,NLI incantation bowl 166 (Ms. Heb. 9467.66),whole_bowl,confirmed,unassessed
IBI-3799CFE813B5,Apotropaic index AIT1,uncertain,candidate,unassessed
IBI-381873493558,Apotropaic index BM060A,fragment,candidate,unassessed
IBI-387C18B11F84,NLI incantation bowl 143 (Ms. Heb. 9467.173),whole_bowl,confirmed,unassessed
IBI-38ADDA9EF4F6,NLI incantation bowl 194 (Ms. Heb. 9467.178),whole_bowl,confirmed,unassessed
IBI-38C18AE46D90,British Museum 103363: incantation bowl,whole_bowl,probable,unassessed
IBI-390480DC194A,Waller 2022: VA 2423,whole_bowl,probable,accepted
IBI-3927B95BCA23,Penn B16091: Hebrew Bowl,whole_bowl,candidate,unassessed
IBI-392B4F4424B7,Penn B16071: Hebrew Bowl,whole_bowl,candidate,pseudo_script
IBI-397771B8038D,CBS 2933,whole_bowl,probable,accepted
IBI-39B896F4912E,Waller 2022: Isbell 08,whole_bowl,probable,accepted
IBI-39C410944B65,"British Museum 1980,0415.31.h: incantation bowl",whole_bowl,probable,unassessed
IBI-3A55DF064E39,Waller 2022: T 28001,whole_bowl,probable,accepted
IBI-3AAD60BB880F,Penn B2963: Hebrew Bowl,fragment,candidate,unassessed
IBI-3ACD7A605F43,Penn B2936: Hebrew Bowl,fragment,candidate,pseudo_script
IBI-3AE967E7EFF9,Apotropaic index AMBB12a,uncertain,candidate,unassessed
IBI-3AF5851ED3F8,NLI incantation bowl 169 (Ms. Heb. 9467.78),whole_bowl,confirmed,unassessed
IBI-3AF5FBEE2C91,Apotropaic index CAIB71,uncertain,candidate,unassessed
IBI-3B8932F5C770,Apotropaic index MSFB14,uncertain,candidate,unassessed
IBI-3BD55EC0BD28,Hilprecht Collection HS 3059 possible fragment,fragment,candidate,unassessed
IBI-3BEE579DCD9B,British Museum 103362: incantation bowl,whole_bowl,probable,unassessed
IBI-3C13C6F7DFD5,British Museum 91778: incantation bowl,whole_bowl,probable,unassessed
IBI-3C269118F2F6,Apotropaic index GelC,uncertain,candidate,unassessed
IBI-3C3AFF5F0F29,Apotropaic index Pearson,uncertain,candidate,unassessed
IBI-3C7C76482C2A,Waller 2022: IM 141803,whole_bowl,probable,accepted
IBI-3C9042E76702,Waller 2022: Isbell 23,whole_bowl,probable,accepted
IBI-3CBF1529D760,Penn B16051: Hebrew Bowl,fragment,candidate,unassessed
IBI-3CC67931DF0F,Waller 2022: MS 2053/257,whole_bowl,probable,accepted
IBI-3CCB1D35BD7E,088M,whole_bowl,probable,accepted
IBI-3D34F8D130E7,Penn B16042: Hebrew Bowl,whole_bowl,candidate,unassessed
IBI-3D4D157C95CA,Penn B16021: Hebrew Bowl,fragment,candidate,unassessed
IBI-3D5237919C52,NLI incantation bowl 151 (Ms. Heb. 9467.205),whole_bowl,confirmed,unassessed
IBI-3D640F2A8374,Waller 2022: MS 2053/236,whole_bowl,probable,accepted
IBI-3D6D78A28128,Penn B16005: Hebrew Bowl,fragment,candidate,unassessed
IBI-3D7A2E9EE37B,Apotropaic index MS2053/270,uncertain,candidate,unassessed
IBI-3D8358A1D0CC,Ostracon Ancient Art item 1455520,whole_bowl,candidate,pseudo_script
IBI-3DA1CA1060F5,Penn B16027: Hebrew Bowl,fragment,candidate,pseudo_script
IBI-3DAA4B38392B,Penn B8834: Hebrew Bowl,whole_bowl,candidate,unassessed
IBI-3DD8CC816566,Penn B16016: Hebrew Bowl,fragment,candidate,unassessed
IBI-3DF53470BB36,NLI incantation bowl 131 (Ms. Heb. 9467.127),whole_bowl,confirmed,unassessed
IBI-3E0213A1FBDB,Penn B16007: Hebrew Bowl,fragment,candidate,unassessed
IBI-3E0C956BD836,Apotropaic index AIT11,uncertain,candidate,unassessed
IBI-3E3DA34C502B,Penn B6363: Hebrew Bowl,fragment,candidate,unassessed
IBI-3E712394AF88,Penn B16037: Hebrew Bowl,fragment,candidate,unassessed
IBI-3E89893C3F16,Waller 2022: HS 3022,whole_bowl,probable,accepted
IBI-3E8AE8D72F0E,Smithsonian NMNH incantation bowl nmnhanthropology_8046133,whole_bowl,confirmed,suspected_fake
IBI-3E8AF5F84087,Moussaieff unnumbered A,whole_bowl,probable,unassessed
IBI-3EA5FDFA2ECA,NLI incantation bowl 29 (Ms. Heb. 9467.114),whole_bowl,confirmed,unassessed
IBI-3EC203C5BED5,NLI incantation bowl 37 (Ms. Heb. 9467.147),whole_bowl,confirmed,unassessed
IBI-3ECE3C33AE7F,Waller 2022: S-442,whole_bowl,probable,accepted
IBI-3F07F2C93A12,Penn B2919: Hebrew Bowl,whole_bowl,candidate,unassessed
IBI-3F5236D2F146,Schøyen MS 2053/92 (context citation),uncertain,candidate,unassessed
IBI-3F577A400110,Apotropaic index N-IV,uncertain,candidate,unassessed
IBI-3F5D2D9C15BE,NLI incantation bowl 9 (Ms. Heb. 9467.30),whole_bowl,confirmed,unassessed
IBI-3F8692FF0DFB,NLI incantation bowl 33 (Ms. Heb. 9467.130),whole_bowl,confirmed,unassessed
IBI-3F9E41863B70,063A,whole_bowl,probable,accepted
IBI-3FA4EDABE5CF,NLI incantation bowl 162 (Ms. Heb. 9467.51),whole_bowl,confirmed,unassessed
IBI-3FC24DAEBFE7,Penn B16050: Hebrew Bowl,fragment,candidate,unassessed
IBI-404DAD941844,Schøyen MS 2053/116 (context citation),uncertain,candidate,unassessed
IBI-4056AFBF0AC8,M23,whole_bowl,probable,unassessed
IBI-4097E9918A80,Apotropaic index MS2053/231,uncertain,candidate,unassessed
IBI-40A1A8922ED8,Apollo Art Auctions lot 1419 left bowl,whole_bowl,candidate,unassessed
IBI-40D12FB9110C,NLI incantation bowl 210 (Ms. Heb. 9467.8),whole_bowl,confirmed,unassessed
IBI-410A5FE6DE6C,Apotropaic index MS1928/47,uncertain,candidate,unassessed
IBI-410C07F078B6,Apotropaic index GorL,uncertain,candidate,unassessed
IBI-4128C404FC1B,Waller 2022: Abousamra 2020,whole_bowl,probable,accepted
IBI-412E0B1680FB,Apotropaic index AIT10,uncertain,candidate,unassessed
IBI-413CDC41E1AC,Penn B2974: Hebrew Bowl,fragment,candidate,unassessed
IBI-419B3DDFF35E,076M,whole_bowl,probable,accepted
IBI-41EA6AEE468A,Penn B2964: Hebrew Bowl,fragment,candidate,unassessed
IBI-41EF9D3D3B97,Waller 2022: CAMIB 41,whole_bowl,probable,accepted
IBI-420DBD126CDB,NLI incantation bowl 178 (Ms. Heb. 9467.113),whole_bowl,confirmed,unassessed
IBI-429D6A806F08,Apotropaic index MS1927/61,uncertain,candidate,unassessed
IBI-42D1DF350C7A,Apotropaic index CAIB70,uncertain,candidate,unassessed
IBI-4317A627E44F,Penn B2981: Hebrew Bowl,fragment,candidate,unassessed
IBI-4361DA43DC7F,Apollo catalogue 10068 lot 273 component 2,fragment,candidate,unassessed
IBI-4388179CF590,Yale Babylonian Collection YBC 2393,whole_bowl,confirmed,accepted
IBI-43E160643DDF,Mumbling Muse item MCG00069,whole_bowl,candidate,unassessed
IBI-43E5EECA50BC,116M,whole_bowl,probable,accepted
IBI-43F005796278,Apotropaic index BM019A,uncertain,candidate,unassessed
IBI-444B0B07BA0E,Apotropaic index GorA,uncertain,candidate,unassessed
IBI-44AFA550086A,Waller 2022: JBA 114,whole_bowl,probable,accepted
IBI-44BC3FE36601,CBS 2943,whole_bowl,probable,accepted
IBI-4500756E262F,CBS 9009,whole_bowl,probable,accepted
IBI-453035C1DDED,NLI incantation bowl 68 (Ms. Heb. 9467.12),whole_bowl,confirmed,unassessed
IBI-457F94914353,Penn B9010: Hebrew Bowl,whole_bowl,candidate,unassessed
IBI-45C71B5BE6EC,Apotropaic index MS2053/256,uncertain,candidate,unassessed
IBI-45CD59071E6E,Penn B2962: Hebrew Bowl,fragment,candidate,unassessed
IBI-4653681EA3B5,NLI incantation bowl 182 (Ms. Heb. 9467.129),whole_bowl,confirmed,unassessed
IBI-46769AB4E6AE,Hilprecht Collection HS 3057,whole_bowl,confirmed,accepted
IBI-46C8C30E20BF,Schwab O (Dieulafoy Susiana bowl),whole_bowl,probable,accepted
IBI-47578B1D57F0,British Museum 91760: incantation bowl,whole_bowl,probable,unassessed
IBI-47922DD16507,Apotropaic index MS2053/12,uncertain,candidate,unassessed
IBI-47A624FD7A32,Waller 2022: Moriah 2,whole_bowl,probable,accepted
IBI-47F7DABCD899,NLI incantation bowl 20 (Ms. Heb. 9467.77),whole_bowl,confirmed,unassessed
IBI-4804CC31F58D,Waller 2022: JBA 109,whole_bowl,probable,accepted
IBI-4884D32F63D1,Apotropaic index MS2053/41,uncertain,candidate,unassessed
IBI-48D2AD086C07,Penn B16015: Hebrew Bowl,fragment,candidate,unassessed
IBI-48EE2D615A84,Apotropaic index MS2053/178,uncertain,candidate,unassessed
IBI-49279B6480D9,British Museum 108823: incantation bowl,whole_bowl,probable,unassessed
IBI-492EBB1E3508,101M,whole_bowl,probable,accepted
IBI-4949F2DB777F,Apotropaic index GorK,uncertain,candidate,unassessed
IBI-496A7DF45DE8,Penn B16039: Hebrew Bowl,fragment,candidate,unassessed
IBI-49BD92ACF18B,Davidovitz 2,lost_or_unlocated,probable,accepted
IBI-49D1BAB76E01,CBS 16022,whole_bowl,probable,accepted
IBI-49D8C1227586,Waller 2022: Shaked 2015: 109-110,whole_bowl,probable,accepted
IBI-49DD527F5D94,Apotropaic index MS2053/167,uncertain,candidate,unassessed
IBI-4A088BA7C7FA,Apotropaic index CAIB65,uncertain,candidate,unassessed
IBI-4A2F6AC1F208,Hilprecht Collection HS 3049,whole_bowl,confirmed,accepted
IBI-4A609BF869D2,Apotropaic index BM001A,uncertain,candidate,unassessed
IBI-4AACF1A7FC32,British Museum 108824: incantation bowl,whole_bowl,probable,unassessed
IBI-4AC688F5E515,Smelik 1978 Allard Pierson Museum bowl,whole_bowl,probable,unassessed
IBI-4AE5624CAB18,Waller 2022: T 15608,whole_bowl,probable,accepted
IBI-4AF7C0A9A49E,NLI incantation bowl 119 (Ms. Heb. 9467.79),whole_bowl,confirmed,unassessed
IBI-4B442625658D,Halls Fine Art 2025 lot 27,whole_bowl,candidate,unassessed
IBI-4B446E8F382A,Apotropaic index DMb,uncertain,candidate,unassessed
IBI-4B583D2C62F2,Apotropaic index MSFB24,uncertain,candidate,unassessed
IBI-4B613C8F7888,NLI incantation bowl 185 (Ms. Heb. 9467.141),whole_bowl,confirmed,unassessed
IBI-4B7488D77F24,CBS 9008,whole_bowl,probable,accepted
IBI-4B99D46392D1,Apotropaic index BM063A,fragment,candidate,unassessed
IBI-4BC0E6C6248A,British Museum 91714: incantation bowl,whole_bowl,probable,unassessed
IBI-4BE4B69AB2D2,"Geller 1976 Wiseman bowl / British Museum 2010,6023.1",whole_bowl,probable,unassessed
IBI-4C528E17D444,Apotropaic index AIT29,uncertain,candidate,unassessed
IBI-4C5ECE7D80EA,Penn B2940: Hebrew Bowl,whole_bowl,candidate,unassessed
IBI-4C9716400DD6,MS 1928/19: Zoroastrian Incantations Against Angra Mainu,whole_bowl,probable,accepted
IBI-4CB0DA45A7D0,British Museum 91733: incantation bowl,whole_bowl,probable,unassessed
IBI-4CD929F055AE,Wolf 23,lost_or_unlocated,probable,accepted
IBI-4CDAFE6C01A3,Waller 2022: JBA 103,whole_bowl,probable,accepted
IBI-4D29382AEC22,Penn B13194: Hebrew Bowl,fragment,candidate,unassessed
IBI-4D4032DE7595,"British Museum 1980,0415.31.g: incantation bowl",whole_bowl,probable,unassessed
IBI-4D7E8C4473C1,Apotropaic index MS2053/212,uncertain,candidate,unassessed
IBI-4D931CBC1484,Waller 2022: XI-t 5178,whole_bowl,probable,accepted
IBI-4DB53DB1F71A,Apotropaic index BM020A,uncertain,candidate,unassessed
IBI-4E0DCBDCC1F2,Apotropaic index MS2053/132,uncertain,candidate,unassessed
IBI-4E4BF73700F3,Penn B8696: Hebrew Bowl,fragment,candidate,unassessed
IBI-4E8B3D074C8C,Apotropaic index BM039A,uncertain,candidate,unassessed
IBI-4EDC87544CE8,NLI incantation bowl 77 (Ms. Heb. 9467.120),whole_bowl,confirmed,unassessed
IBI-4F06EB79A80F,066A,whole_bowl,probable,accepted
IBI-4F498F59E098,Waller 2022: IM 76752,whole_bowl,probable,accepted
IBI-4F5841D575F1,IBC 3,whole_bowl,probable,unassessed
IBI-4F7F8D057CCC,Penn B16030: Hebrew Bowl,fragment,candidate,unassessed
IBI-4F8B091D150F,039A,whole_bowl,probable,accepted
IBI-4F94BCF5D73A,Apotropaic index BM030A,fragment,candidate,unassessed
IBI-4FC91C05B993,British Museum 91751: incantation bowl,whole_bowl,probable,unassessed
IBI-4FE7EFCFDFFC,Penn B6334: Hebrew Bowl,fragment,candidate,unassessed
IBI-5002143E0DC9,Apotropaic index AIT22,uncertain,candidate,unassessed
IBI-50F54650C17B,NLI incantation bowl 95 (Ms. Heb. 9467.200),whole_bowl,confirmed,unassessed
IBI-510CFB1AB6F7,"British Museum 1980,0415.31.d: incantation bowl",whole_bowl,probable,unassessed
IBI-5125DDCA6985,NLI bowl 139 — Hebrew arts-magazine appearance,whole_bowl,confirmed,accepted
IBI-51396F1F61E4,Apotropaic index BM003A,fragment,candidate,unassessed
IBI-516832F05365,121Ps,whole_bowl,probable,pseudo_script
IBI-51D0CCC0FDC5,Apotropaic index BM014A,fragment,candidate,unassessed
IBI-51D534C82D43,NLI incantation bowl 31 (Ms. Heb. 9467.122),whole_bowl,confirmed,unassessed
IBI-51DF61D0E415,NLI incantation bowl 133 (Ms. Heb. 9467.135),whole_bowl,confirmed,unassessed
IBI-520283C6D783,Penn B16094: Hebrew Bowl,whole_bowl,candidate,unassessed
IBI-522D56F4C3D8,NLI incantation bowl 200 (Ms. Heb. 9467.202),whole_bowl,confirmed,unassessed
IBI-525DC230A207,Catawiki lot 67027943,whole_bowl,candidate,unassessed
IBI-52600C3EFC8A,NLI incantation bowl 175 (Ms. Heb. 9467.101),whole_bowl,confirmed,unassessed
IBI-527704D6B074,CBS 16086,whole_bowl,probable,accepted
IBI-52859A699CD5,Penn B6353: Hebrew Bowl,fragment,candidate,unassessed
IBI-530D2CFECF43,NLI incantation bowl 207 (Ms. Heb. 9467.3),whole_bowl,confirmed,unassessed
IBI-5337D0961A00,"Mandaic bowl for Amkur and his son, Gorea 2003",whole_bowl,probable,unassessed
IBI-5344FF63115C,Penn B16038: Hebrew Bowl,fragment,candidate,unassessed
IBI-53A84E600FF4,Schøyen MS 1927/10 (context citation),uncertain,candidate,unassessed
IBI-53BBE7375CCD,Penn B6355: Hebrew Bowl,fragment,candidate,unassessed
IBI-53CF771EE2FA,Apotropaic index BM007A,fragment,candidate,unassessed
IBI-541CBE3771BC,Penn B16054: Hebrew Bowl,whole_bowl,candidate,unassessed
IBI-5430A0855D0E,Nippur 18N18,whole_bowl,confirmed,accepted
IBI-54398C1767BE,Apotropaic index GorD,uncertain,candidate,unassessed
IBI-544ABA7B7DAA,CBS 2941,whole_bowl,probable,accepted
IBI-5450D882F4E2,Penn B16084: Hebrew Bowl,whole_bowl,candidate,unassessed
IBI-549372009A48,Apotropaic index MS2053/123,uncertain,candidate,unassessed
IBI-54CD93D3C03E,NLI incantation bowl 171 (Ms. Heb. 9467.85),whole_bowl,confirmed,unassessed
IBI-54F1E266EBCC,Johns Hopkins Archaeological Museum 4 N 161,whole_bowl,probable,accepted
IBI-5513BF033E74,Apotropaic index AMBB2,uncertain,candidate,unassessed
IBI-5530C58CC7B7,Apotropaic index BM023A,uncertain,candidate,unassessed
IBI-555795C53961,Catawiki lot 52757191,whole_bowl,candidate,unassessed
IBI-555D2CF45684,Met 86.11.260: Incantation bowl with pseudo-Aramaic inscription,whole_bowl,probable,pseudo_script
IBI-55769FD589D6,Apotropaic index Mous103,uncertain,candidate,unassessed
IBI-558CF7614F99,Apotropaic index BM068A,uncertain,candidate,unassessed
IBI-5592B06397E2,Penn B16068: Hebrew Bowl,whole_bowl,candidate,unassessed
IBI-559FAD73616B,Penn B16080: Hebrew Bowl,whole_bowl,candidate,unassessed
IBI-5632A258703A,Waller 2022: IM 56544,whole_bowl,probable,accepted
IBI-564F562C76B3,NLI incantation bowl 116 (Ms. Heb. 9467.67),whole_bowl,confirmed,unassessed
IBI-5668DFCF5849,Penn B16022: Hebrew Bowl,whole_bowl,candidate,unassessed
IBI-56796E0EB0E2,Waller 2022: HS 3005,whole_bowl,probable,accepted
IBI-5689D7C131FC,British Museum 91710: incantation bowl,whole_bowl,probable,unassessed
IBI-5697CFCCA6A5,Waller 2022: M 059,whole_bowl,probable,accepted
IBI-56B449534A9B,Penn B13195: Hebrew Bowl,fragment,candidate,unassessed
IBI-56C0FBBB8E70,British Museum 103355: incantation bowl,whole_bowl,probable,unassessed
IBI-56CB143F21AA,"JNL Heb 4, 6079",whole_bowl,probable,accepted
IBI-579F6C01A9C9,InscriptiFact dataset 15260334,uncertain,candidate,unassessed
IBI-57DA11BFD44F,NLI incantation bowl 11 (Ms. Heb. 9467.41),whole_bowl,confirmed,unassessed
IBI-57E8D820C43C,British Museum 131668: incantation bowl,whole_bowl,probable,unassessed
IBI-57F722D9620A,Apotropaic index FWG,uncertain,candidate,unassessed
IBI-583417FC78CB,Penn B2928: Hebrew Bowl,fragment,candidate,unassessed
IBI-586A5A88B7DC,Waller 2022: Isbell 12,whole_bowl,probable,accepted
IBI-58B777C45C40,Schøyen MS 1927/37 (context citation),uncertain,candidate,unassessed
IBI-591F2729082B,Waller 2022: ZRL 48,whole_bowl,probable,accepted
IBI-593FD3B153CF,Apotropaic index BM045A,uncertain,candidate,unassessed
IBI-597290DEB8C3,Penn B16101: Hebrew Bowl,fragment,candidate,unassessed
IBI-5A3C52509B4D,NLI incantation bowl 54 (Ms. Heb. 9467.26),whole_bowl,confirmed,unassessed
IBI-5A650FB631EB,Penn B6339: Hebrew Bowl Sherd,fragment,candidate,unassessed
IBI-5A68C5918142,British Museum 108821: incantation bowl,whole_bowl,probable,unassessed
IBI-5A78EABCD168,Waller 2022: M 138,whole_bowl,probable,accepted
IBI-5AE22A5683A5,NLI incantation bowl 10 (Ms. Heb. 9467.36),whole_bowl,confirmed,unassessed
IBI-5AF31C15BFED,Apotropaic index AIT7,uncertain,candidate,unassessed
IBI-5B1343517775,CBS 2945,whole_bowl,probable,accepted
IBI-5B31D5318EAC,Apotropaic index BM025A,fragment,candidate,unassessed
IBI-5B32B54C7F0C,NLI incantation bowl 187 (Ms. Heb. 9467.150),whole_bowl,confirmed,unassessed
IBI-5B7219F61A21,Penn B6343: Hebrew Bowl,fragment,candidate,unassessed
IBI-5B8A457394DA,079M,whole_bowl,probable,accepted
IBI-5B8AA7831836,NLI incantation bowl 102 (Ms. Heb. 9467.96),whole_bowl,confirmed,unassessed
IBI-5BA864A5AA3B,Apotropaic index BM072A,fragment,candidate,unassessed
IBI-5BD2C1B41501,Kedem Auction 32 lot 154,whole_bowl,candidate,unassessed
IBI-5C02510AF065,Apotropaic index Ellis2,uncertain,candidate,unassessed
IBI-5C355EF43D8D,CBS 9013,whole_bowl,probable,accepted
IBI-5C48844F88FB,040A,whole_bowl,probable,accepted
IBI-5C4F91E6067E,NLI incantation bowl 172 (Ms. Heb. 9467.89),whole_bowl,confirmed,unassessed
IBI-5C74E556D20C,Apotropaic index BOR,uncertain,candidate,unassessed
IBI-5C86F6265738,CBS 16097,whole_bowl,probable,accepted
IBI-5C8B8D7464F2,Apotropaic index AMBB6,uncertain,candidate,unassessed
IBI-5CB5A9A5E46E,CBS 16055,whole_bowl,probable,accepted
IBI-5D08E0461F30,Iraq Museum 114986 / Nippur 18N97,whole_bowl,confirmed,accepted
IBI-5DA6D4C914F4,Penn B2941: Hebrew Bowl,fragment,candidate,unassessed
IBI-5DF7F023CE35,Schøyen MS 2053/38 (context citation),uncertain,candidate,unassessed
IBI-5E1534581648,Penn 85-48-904: Hebrew Bowl,whole_bowl,candidate,unassessed
IBI-5E32D964D468,InscriptiFact dataset 15260317,uncertain,candidate,unassessed
IBI-5E45A166A621,Penn B16059: Hebrew Bowl,fragment,candidate,unassessed
IBI-5E480A6DF9A3,Penn B16049: Hebrew Bowl,whole_bowl,candidate,unassessed
IBI-5EA30AAE087E,NLI incantation bowl 12 (Ms. Heb. 9467.45),whole_bowl,confirmed,unassessed
IBI-5ECA91207942,Hilprecht Collection HS 3014,whole_bowl,confirmed,accepted
IBI-5EFBFD3ADE74,British Museum 117879: incantation bowl,whole_bowl,probable,unassessed
IBI-5EFFC55984C7,Penn B825: Hebrew Bowl,whole_bowl,candidate,unassessed
IBI-5F0220831F74,Penn 85-48-917: Hebrew Bowl,fragment,candidate,unassessed
IBI-5F31615726F1,Apotropaic index AIT2,uncertain,candidate,unassessed
IBI-5F336B91D4C4,Apotropaic index VA3854,uncertain,candidate,unassessed
IBI-5F60BF45DDD7,Waller 2022: CAMIB 71,whole_bowl,probable,accepted
IBI-5F62830AF613,Apotropaic index MS2053/36,uncertain,candidate,unassessed
IBI-5FCC4322461F,Apotropaic index AIT26,uncertain,candidate,unassessed
IBI-5FEA632C514C,Waller 2022: Isbell 33,whole_bowl,probable,accepted
IBI-5FF17F04C265,091M,whole_bowl,probable,accepted
IBI-6005503283A5,Penn B2916: Hebrew Bowl,fragment,candidate,unassessed
IBI-601F54AC3BA6,075A,whole_bowl,probable,accepted
IBI-607F5A5A80C9,Penn B9002: Hebrew Bowl,whole_bowl,candidate,unassessed
IBI-60A39530F497,Apotropaic index Mous112,uncertain,candidate,unassessed
IBI-60A67A350134,Waller 2022: JBA 65,whole_bowl,probable,accepted
IBI-60CEFE849F9D,NLI incantation bowl 23 (Ms. Heb. 9467.90),whole_bowl,confirmed,unassessed
IBI-6125E2675488,Apotropaic index BM064A,fragment,candidate,unassessed
IBI-61855D47B725,NLI incantation bowl 36 (Ms. Heb. 9467.142),whole_bowl,confirmed,unassessed
IBI-618DB7091347,NLI incantation bowl 195 (Ms. Heb. 9467.182),whole_bowl,confirmed,unassessed
IBI-61A4EA30B2D4,Penn B6336: Hebrew Bowl,fragment,candidate,unassessed
IBI-61A96A00B7B1,Waller 2022: JBA 11,whole_bowl,probable,accepted
IBI-61CFB166EF10,Iraq Museum IM 9726,whole_bowl,probable,unassessed
IBI-6205B2E61A71,British Museum 91746: incantation bowl,whole_bowl,probable,unassessed
IBI-620A239DAA70,Schøyen MS 2053/156 (context citation),uncertain,candidate,unassessed
IBI-627E5C646C5B,Penn B2982: Hebrew Bowl,fragment,candidate,unassessed
IBI-6290A5A4DDFB,Apotropaic index MS2053/156,uncertain,candidate,unassessed
IBI-62DA4A36AF2B,Penn B2970: Hebrew Bowl,fragment,candidate,unassessed
IBI-62F30A57A7A0,NLI incantation bowl 19 (Ms. Heb. 9467.73),whole_bowl,confirmed,unassessed
IBI-62F5934FB165,Iraq Museum IM 91-100147,whole_bowl,confirmed,accepted
IBI-632C69FF10F4,Penn B8836: Hebrew Bowl,fragment,candidate,unassessed
IBI-6364E0AD56A8,077M,whole_bowl,probable,accepted
IBI-63793B0DDEBD,British Museum 108818: incantation bowl,whole_bowl,probable,unassessed
IBI-638A4565DB08,NLI incantation bowl 71 (Ms. Heb. 9467.112),whole_bowl,confirmed,unassessed
IBI-63BF471B795C,"British Museum 1980,0415.31.l: incantation bowl",whole_bowl,probable,unassessed
IBI-63C66E7DD4EA,NLI incantation bowl 83 (Ms. Heb. 9467.152),whole_bowl,confirmed,unassessed
IBI-63D2D8082D09,Waller 2022: VA 3854,whole_bowl,probable,accepted
IBI-63D659859D54,Moussaieff M163,whole_bowl,probable,unassessed
IBI-63DC1A6B27EF,Penn B8695: Hebrew Bowl,whole_bowl,candidate,unassessed
IBI-643AF1B799FD,British Museum 117883: incantation bowl,whole_bowl,probable,unassessed
IBI-644F03502EC4,Penn B2983: Hebrew Bowl,fragment,candidate,unassessed
IBI-64889DD64911,Penn B6347: Hebrew Bowl Sherd,fragment,candidate,unassessed
IBI-64FAFD2BE47A,NLI incantation bowl 7 (Ms. Heb. 9467.19),whole_bowl,confirmed,unassessed
IBI-653C0F4DAF6F,Waller 2022: JBA 42,whole_bowl,probable,accepted
IBI-65643BBAF2D8,British Museum 103361: incantation bowl,whole_bowl,probable,unassessed
IBI-65A488C5A931,Penn B16045: Hebrew Bowl,fragment,candidate,unassessed
IBI-664456D75E41,State Hermitage Museum S-444,whole_bowl,confirmed,pseudo_script
IBI-6660773386B7,Penn 85-48-908: Hebrew Bowl,fragment,candidate,unassessed
IBI-66700DA0DFDA,Christie's London 1974 Hera auction lot 348,whole_bowl,probable,unassessed
IBI-66B8C4ED718F,Penn B6365: Hebrew Bowl,fragment,candidate,unassessed
IBI-66B8FD91B8A4,Penn B2973: Hebrew Bowl,fragment,candidate,unassessed
IBI-66C56F42A195,Penn B9003: Hebrew Bowl,fragment,candidate,unassessed
IBI-66ED0C90B161,010A,whole_bowl,probable,accepted
IBI-677C9AD3E7E9,NLI incantation bowl 56 (Ms. Heb. 9467.35),whole_bowl,confirmed,unassessed
IBI-6788A84FE8CA,Nippur 18N21,fragment,confirmed,accepted
IBI-67A46456293B,CBS 8826,whole_bowl,probable,accepted
IBI-67A5D26A58C9,Penn B2985: Hebrew Bowl,fragment,candidate,unassessed
IBI-67DA4B9D3E9D,Penn B16079: Hebrew Bowl,whole_bowl,candidate,unassessed
IBI-67E68F81FE63,Apotropaic index GorI,uncertain,candidate,unassessed
IBI-67FD2257910F,Apotropaic index Mous50,uncertain,candidate,unassessed
IBI-68042E5AC552,Apotropaic index MS2053/209,uncertain,candidate,unassessed
IBI-683DEE5EB7BA,122Ps,whole_bowl,probable,pseudo_script
IBI-686F34EE247B,NLI incantation bowl 16 (Ms. Heb. 9467.61),whole_bowl,confirmed,unassessed
IBI-68A32545462E,Waller 2022: M 6,whole_bowl,probable,accepted
IBI-68D0AE18B550,NLI incantation bowl 110 (Ms. Heb. 9467.42),whole_bowl,confirmed,unassessed
IBI-6918D270707A,Waller 2022: JBA 09,whole_bowl,probable,accepted
IBI-691D04D6C1D1,Penn B16017: Hebrew Bowl,fragment,candidate,unassessed
IBI-69255EEE1854,Heritage Auctions 2008 lot 98083,whole_bowl,candidate,unassessed
IBI-692F8E9AEF80,Apotropaic index Gor10,uncertain,candidate,unassessed
IBI-69947100356A,006A,whole_bowl,probable,accepted
IBI-69BD5A4C197B,NLI incantation bowl 74 (Ms. Heb. 9467.124),whole_bowl,confirmed,unassessed
IBI-69CDF063CE1C,British Museum 117872: incantation bowl,whole_bowl,probable,unassessed
IBI-69CFC1400A1D,Waller 2022: M 142,whole_bowl,probable,accepted
IBI-69D6B3739EA2,Penn B16012: Hebrew Bowl,fragment,candidate,unassessed
IBI-6A24B33718DB,Apotropaic index BM044A,fragment,candidate,unassessed
IBI-6A3D928A2501,Hilprecht Collection HS 3029,whole_bowl,confirmed,accepted
IBI-6A5B95130C25,Davidovitz popularity-and-success bowl,whole_bowl,probable,unassessed
IBI-6A898071715D,Apotropaic index MSFB27,uncertain,candidate,unassessed
IBI-6A9034D26F19,NLI incantation bowl 58 (Ms. Heb. 9467.52),whole_bowl,confirmed,unassessed
IBI-6AB1C3C19294,British Museum Rm-III.29-30: incantation bowl,whole_bowl,probable,unassessed
IBI-6ADE7D036DA0,British Museum 91777: incantation bowl,whole_bowl,probable,unassessed
IBI-6AE031E07D30,100M,whole_bowl,probable,accepted
IBI-6AEF476E4E4C,InscriptiFact dataset 110214169,uncertain,candidate,unassessed
IBI-6B180132497C,LMU incantation bowl project component 4,whole_bowl,candidate,unassessed
IBI-6B9FC4A844C6,NLI incantation bowl 212 (Ms. Heb. 9467.22),whole_bowl,confirmed,unassessed
IBI-6BBB445849BC,Apotropaic index BM028A,uncertain,candidate,unassessed
IBI-6BE6D619D1CF,Apotropaic index BM012A,fragment,candidate,unassessed
IBI-6BEC680B1365,M154,whole_bowl,probable,unassessed
IBI-6BFAD1AD6664,JNF 125,lost_or_unlocated,probable,accepted
IBI-6C27E5474140,Penn B16052: Hebrew Bowl,fragment,candidate,unassessed
IBI-6C4D8112FFE2,CBS 16006,whole_bowl,probable,accepted
IBI-6C8ABCC45C7C,Hilprecht Collection HS 3036,whole_bowl,confirmed,accepted
IBI-6CCE263ECF3D,NLI incantation bowl 93 (Ms. Heb. 9467.192),whole_bowl,confirmed,unassessed
IBI-6CD6137EB7E6,092M,whole_bowl,probable,accepted
IBI-6CF4D7A637A1,NLI incantation bowl 17 (Ms. Heb. 9467.65),whole_bowl,confirmed,unassessed
IBI-6CF4E4167D3E,Apotropaic index GorB,uncertain,candidate,unassessed
IBI-6D8EB3072104,NLI incantation bowl 67 (Ms. Heb. 9467.80),whole_bowl,confirmed,unassessed
IBI-6DC11F8D3494,Apotropaic index MS2053/280,uncertain,candidate,unassessed
IBI-6E087B8C539F,CBS 16097,whole_bowl,probable,accepted
IBI-6E39509C0A3D,132Ps,whole_bowl,probable,pseudo_script
IBI-6E4DCD510E4B,JNF 152,lost_or_unlocated,probable,accepted
IBI-6E91E5BC2104,NLI incantation bowl 170 (Ms. Heb. 9467.81),whole_bowl,confirmed,unassessed
IBI-6ECF7BBA5A74,NLI incantation bowl 45 (Ms. Heb. 9467.179),whole_bowl,confirmed,unassessed
IBI-6EDBD224265D,BM 91776,whole_bowl,probable,accepted
IBI-6EDC36067929,NLI incantation bowl 32 (Ms. Heb. 9467.126),whole_bowl,confirmed,unassessed
IBI-6F09DFD10EC4,British Museum 127397: incantation bowl,whole_bowl,probable,unassessed
IBI-6F17044971CD,Hilprecht Collection HS 3067 fragment,fragment,confirmed,accepted
IBI-6F29DE6CB2A3,Penn B9004: Hebrew Bowl,fragment,candidate,unassessed
IBI-6F5058101C90,Apotropaic index Ellis5,uncertain,candidate,unassessed
IBI-6F774DF56560,Apotropaic index BM070A,fragment,candidate,unassessed
IBI-6F7988CFF562,083M,whole_bowl,probable,accepted
IBI-6F82CB1B2935,047A,whole_bowl,probable,accepted
IBI-6F91666B40A7,Apotropaic index BM046A,fragment,candidate,unassessed
IBI-6F96AEDF4945,Schøyen MS 2053/1 (context citation),uncertain,candidate,unassessed
IBI-6F98412BF44D,Waller 2022: VA 2416,whole_bowl,probable,accepted
IBI-6FA7E982BF0B,NLI incantation bowl 69 (Ms. Heb. 9467.17),whole_bowl,confirmed,unassessed
IBI-6FABD77BF235,British Museum 102581: incantation bowl,whole_bowl,probable,unassessed
IBI-6FF335082D5F,Apotropaic index IM9736,fragment,candidate,unassessed
IBI-707CAB497217,British Museum 102584: incantation bowl,whole_bowl,probable,unassessed
IBI-70A33619FA7E,Penn B8702: Hebrew Bowl,fragment,candidate,unassessed
IBI-70CE0F40E409,Penn B2977: Hebrew Bowl,fragment,candidate,unassessed
IBI-70F13CE9430F,NLI incantation bowl 60 (Ms. Heb. 9467.68),whole_bowl,confirmed,unassessed
IBI-71268FC381A8,Penn B6335: Hebrew Bowl,fragment,candidate,unassessed
IBI-71275D19F5D2,Artemis Gallery item 153273 — Bidsquare 1845576,whole_bowl,candidate,unassessed
IBI-719DCF8C9757,NLI incantation bowl 50 (Ms. Heb. 9467.199),whole_bowl,confirmed,unassessed
IBI-7202460CF53F,Penn B16014: Hebrew Bowl,fragment,candidate,unassessed
IBI-7221ABC87DD6,NLI incantation bowl 81 (Ms. Heb. 9467.144),whole_bowl,confirmed,unassessed
IBI-724AC11312AB,Royal Ontario Museum DA 4,whole_bowl,confirmed,accepted
IBI-72719DB2F6BE,NLI incantation bowl 104 (Ms. Heb. 9467.13),whole_bowl,confirmed,unassessed
IBI-72847F594F9C,MS 1928/54,whole_bowl,probable,accepted
IBI-72871546D7BB,NLI incantation bowl 211 (Ms. Heb. 9467.14),whole_bowl,confirmed,unassessed
IBI-72C2FEA80E01,Penn B9018: Hebrew Bowl,whole_bowl,candidate,unassessed
IBI-72FEFF11F8A7,Penn B16044: Hebrew Bowl,fragment,candidate,unassessed
IBI-730F26F11354,NLI incantation bowl 40 (Ms. Heb. 9467.159),whole_bowl,confirmed,unassessed
IBI-73216B6C3FD7,NLI incantation bowl 94 (Ms. Heb. 9467.196),whole_bowl,confirmed,unassessed
IBI-73425D0E99C6,Schøyen MS 2053/238 (context citation),uncertain,candidate,unassessed
IBI-7346BB53B72D,British Museum 103359: incantation bowl,whole_bowl,probable,unassessed
IBI-73933652D077,002A,whole_bowl,probable,accepted
IBI-7394BFD7A73B,Iraq Museum IM 76106 / Nippur 11 N78,whole_bowl,probable,unassessed
IBI-7395CFCC8BBD,NLI incantation bowl 76 (Ms. Heb. 9467.116),whole_bowl,confirmed,unassessed
IBI-73D2DAE13663,069A,whole_bowl,probable,accepted
IBI-740D6F751B98,Apotropaic index BM050A,fragment,candidate,unassessed
IBI-74625165CE1F,CBS 16009,whole_bowl,probable,accepted
IBI-7483C18A7D30,"British Museum 1980,0415.31.e: incantation bowl",whole_bowl,probable,unassessed
IBI-748B22D39260,British Museum 91719: incantation bowl,whole_bowl,probable,unassessed
IBI-74947CF1C998,Apotropaic index BM031A,fragment,candidate,unassessed
IBI-74B3A0AA8A87,British Museum 117882: incantation bowl; lid,whole_bowl,probable,unassessed
IBI-74D92579EF70,Penn B16011: Hebrew Bowl,whole_bowl,candidate,unassessed
IBI-75154F6F38E4,Apotropaic index BM032A,fragment,candidate,unassessed
IBI-7575F61C0341,Penn B6342: Hebrew Bowl Sherd,fragment,candidate,unassessed
IBI-75FA7EAA1BF4,Penn B2944: Hebrew Bowl,whole_bowl,candidate,unassessed
IBI-761FF5C3F057,020A,whole_bowl,probable,accepted
IBI-762F23251BD0,Apotropaic index IM9737,uncertain,candidate,unassessed
IBI-763438F34FF1,Apotropaic index MS1927/5,uncertain,candidate,unassessed
IBI-765368D92A2B,Apotropaic index Mous149,uncertain,candidate,unassessed
IBI-766C8AAE7C05,135Ps,whole_bowl,probable,pseudo_script
IBI-7680B927BB2F,CBS 8693,whole_bowl,probable,accepted
IBI-76A1BD1CA1A4,Penn B16002: Hebrew Bowl,fragment,candidate,pseudo_script
IBI-76B1288C73F4,YBC 2357,whole_bowl,probable,accepted
IBI-76DD89B4A04F,CBS 16014,whole_bowl,candidate,accepted
IBI-76FB63CDA695,Penn B16086: Hebrew Bowl,fragment,candidate,unassessed
IBI-7705A74EC455,Waller 2022: CAMIB 72,whole_bowl,probable,accepted
IBI-770EFE0D1A29,017A,whole_bowl,probable,accepted
IBI-77314E5A3199,Waller 2022: IM 9736,whole_bowl,probable,accepted
IBI-7736310A8752,CBS 16007,whole_bowl,probable,accepted
IBI-77584E7FC2CA,British Museum 91781: incantation bowl,whole_bowl,probable,unassessed
IBI-778D533455D4,British Museum 93514: incantation bowl; lid,whole_bowl,probable,unassessed
IBI-77A885AF1965,Penn B8701: Hebrew Bowl,fragment,candidate,unassessed
IBI-77AF26949E80,Apotropaic index BM010A,fragment,candidate,unassessed
IBI-77E84A2CC99D,Penn B8823: Hebrew Bowl,fragment,candidate,unassessed
IBI-7801EB9E36C2,Penn B16057: Hebrew Bowl,fragment,candidate,unassessed
IBI-7809B8513409,British Museum 103357: incantation bowl,whole_bowl,probable,unassessed
IBI-784A76964A74,NLI incantation bowl 113 (Ms. Heb. 9467.55),whole_bowl,confirmed,unassessed
IBI-7884182D0362,Waller 2022: JBA 90,whole_bowl,probable,accepted
IBI-7895CC72B849,State Hermitage Museum S-448,whole_bowl,confirmed,accepted
IBI-78BDAC8F3B1B,NLI incantation bowl 214 (Ms. Heb. 9467.32),whole_bowl,confirmed,unassessed
IBI-790A43FE121F,Di Castro Collection Arabic incantation bowl,whole_bowl,probable,unassessed
IBI-793E7D2CCAFD,Apollo Art Auctions lot 917 warrior bowl — Barnebys appearance,whole_bowl,candidate,unassessed
IBI-798DF2BF6161,Penn 85-48-899: Hebrew Bowl,whole_bowl,candidate,unassessed
IBI-7999E0D9422D,Apotropaic index MS2053/193,uncertain,candidate,unassessed
IBI-799AE236CDBB,Archaeological Center Auction 57 lot 441,whole_bowl,candidate,unassessed
IBI-79A4D3B0726E,NLI incantation bowl 64 (Ms. Heb. 9467.60),whole_bowl,confirmed,unassessed
IBI-79CB88572315,LiveAuctioneers item 232753117,whole_bowl,candidate,unassessed
IBI-79D32E0C0500,Penn B2971: Hebrew Bowl,whole_bowl,candidate,unassessed
IBI-79F6219800CC,Apotropaic index CAIB67,uncertain,candidate,unassessed
IBI-7A467A8AACE3,Penn B6345: Hebrew Bowl,fragment,candidate,unassessed
IBI-7A65D1FE72ED,JNF 18,lost_or_unlocated,probable,accepted
IBI-7A94ED1805A5,114M,whole_bowl,probable,accepted
IBI-7AB2CDFBCADC,Waller 2022: M 123,whole_bowl,probable,accepted
IBI-7ABA09FA264D,Apotropaic index Mous2,uncertain,candidate,unassessed
IBI-7AF2C3E31FDD,British Museum 91708: incantation bowl,whole_bowl,probable,unassessed
IBI-7B5F55D0F6C7,Apotropaic index AMBB12b,uncertain,candidate,unassessed
IBI-7B5FC6F7A0FA,British Museum 91726: incantation bowl,whole_bowl,probable,unassessed
IBI-7B609238A08D,Apotropaic index ABB,uncertain,candidate,unassessed
IBI-7B7F91559A1C,Magnes Collection MC 77.233,whole_bowl,probable,unassessed
IBI-7B9A81135B29,Waller 2022: JBA 01,whole_bowl,probable,accepted
IBI-7BCBBD6A6A80,British Museum 91724: incantation bowl,whole_bowl,probable,unassessed
IBI-7BD7F0E6C60E,NLI incantation bowl 103 (Ms. Heb. 9467.9),whole_bowl,confirmed,unassessed
IBI-7BEE2637A6E3,NLI incantation bowl 179 (Ms. Heb. 9467.117),whole_bowl,confirmed,unassessed
IBI-7BFAF3E1718C,Waller 2022: CAMIB 43,whole_bowl,probable,accepted
IBI-7C1BFCA908F2,Penn B2963A: Hebrew Bowl,fragment,candidate,unassessed
IBI-7C446F6E0A21,085M,whole_bowl,probable,accepted
IBI-7C5D3911148E,Penn B16028: Hebrew Bowl,fragment,candidate,unassessed
IBI-7C6E06AF5A4D,Montgomery 1913 no. 42: unlocated possible bowl text from Gottheil copy,uncertain,candidate,uncertain
IBI-7C8AF79EC8C6,Penn 85-48-915: Hebrew Bowl,fragment,candidate,unassessed
IBI-7C8C513C8C12,Apotropaic index Mous142,uncertain,candidate,unassessed
IBI-7C92CE21BB01,Penn B8835: Hebrew Bowl,fragment,candidate,unassessed
IBI-7CBFFEC3A2FE,British Museum 91712: incantation bowl,whole_bowl,probable,unassessed
IBI-7D0085FFB227,Hilprecht Collection HS 3019,whole_bowl,confirmed,accepted
IBI-7D4797212D4C,British Museum 91728: incantation bowl,whole_bowl,probable,unassessed
IBI-7D489FCC0799,Penn B2960: Hebrew Bowl,fragment,candidate,unassessed
IBI-7DAD76C36F8E,MS 2053/196: Incantation Bowl: Earliest Hewbrew Text Examples,whole_bowl,probable,accepted
IBI-7E2150B4925C,Apotropaic index MS2053/165,uncertain,candidate,unassessed
IBI-7E3DBF7BAC14,Penn B16075: Hebrew Bowl,fragment,candidate,unassessed
IBI-7E45ADDF121D,Apotropaic index GelB,uncertain,candidate,unassessed
IBI-7ED46612578B,Apotropaic index MSFB22,uncertain,candidate,unassessed
IBI-7EE6B714A1A1,Penn B16056: Hebrew Bowl,fragment,candidate,unassessed
IBI-7F04261178CB,CBS 16087,whole_bowl,probable,accepted
IBI-7F2C7C91BD32,Catawiki/Barnebys 2025 lot mx2DTW9-621490181,whole_bowl,candidate,unassessed
IBI-7F45E9808B4D,CBS 85-48-914,whole_bowl,probable,accepted
IBI-7F7DB35F6EFA,NLI incantation bowl 155 (Ms. Heb. 9467.20),whole_bowl,confirmed,unassessed
IBI-7FD16B24CE37,Penn 53-11-183: Hebrew Bowl,whole_bowl,candidate,unassessed
IBI-8059813DF1C5,Waller 2022: Isbell 52,whole_bowl,probable,accepted
IBI-80A2CB091A04,Waller 2022: JBA 31,whole_bowl,probable,accepted
IBI-80E139281335,Apotropaic index 1932.619,fragment,candidate,unassessed
IBI-812A2B38A50E,Penn B9016: Hebrew Bowl,fragment,candidate,unassessed
IBI-8176C19CFDAF,NLI incantation bowl 41 (Ms. Heb. 9467.163),whole_bowl,confirmed,unassessed
IBI-817B3324D21D,Vorderasiatisches Museum VA Bab 02836,whole_bowl,confirmed,accepted
IBI-81AE4E796DC4,Apotropaic index MS2053/55,fragment,candidate,unassessed
IBI-81D1B97CB192,NLI incantation bowl 55 (Ms. Heb. 9467.31),whole_bowl,confirmed,unassessed
IBI-81EDA3CB0E4B,Catawiki lot 68030117,whole_bowl,candidate,unassessed
IBI-81FDC4078390,British Museum 128578: incantation bowl,whole_bowl,probable,unassessed
IBI-82E0C40BE6C7,015A,whole_bowl,probable,accepted
IBI-831C58240DC0,NLI incantation bowl 149 (Ms. Heb. 9467.197),whole_bowl,confirmed,unassessed
IBI-83474AFCE4F8,MS 2055/24,whole_bowl,probable,accepted
IBI-834E8999515E,Penn B2918: Hebrew Bowl,whole_bowl,candidate,unassessed
IBI-83915232010B,Waller 2022: CAMIB 73,whole_bowl,probable,accepted
IBI-83A0A347B7C4,Moussaieff 164,whole_bowl,probable,unassessed
IBI-83E3E5673339,Apotropaic index MSFB18,uncertain,candidate,unassessed
IBI-83EFA38D9260,Apollo catalogue 10068 lot 270 component 1,fragment,candidate,unassessed
IBI-84068198E4A7,Waller 2022: Isbell 10,whole_bowl,probable,accepted
IBI-8430D0065670,Apotropaic index MS1927/39,uncertain,candidate,unassessed
IBI-843CFCE02D20,State Hermitage Museum S-447,whole_bowl,confirmed,accepted
IBI-844F7374DC37,Apollo catalogue 10068 lot 270 component 2,fragment,candidate,unassessed
IBI-84598A59426E,T27989,whole_bowl,probable,accepted
IBI-847BA478D9ED,Waller 2022: JBA 06,whole_bowl,probable,accepted
IBI-84940DBA48F7,Waller 2022: S-447,whole_bowl,probable,accepted
IBI-84A0257C12CF,Apotropaic index BM049A,fragment,candidate,unassessed
IBI-84F3B62E7C51,Apotropaic index Gor7,uncertain,candidate,unassessed
IBI-84F3D6311D64,Penn B16088: Hebrew Bowl,fragment,candidate,pseudo_script
IBI-84F6B8FD30B3,CBS 16018 [Montgomery text 19],whole_bowl,probable,accepted
IBI-8516931DE44E,Isbell 1975 bowl 23 / AIT 12 — COJS translation appearance,whole_bowl,confirmed,accepted
IBI-85A9ED12421A,Waller 2022: JBA 55,whole_bowl,probable,accepted
IBI-85C8219A7F74,Waller 2022: JBA 95,whole_bowl,probable,accepted
IBI-85CF9D30BA6E,Schøyen MS 2053/7 (context citation),uncertain,candidate,unassessed
IBI-85F852645114,Penn B2938: Hebrew Bowl Sherds,fragment,candidate,unassessed
IBI-86CA10424E8F,126Ps,whole_bowl,probable,pseudo_script
IBI-871A5CC64C08,NLI incantation bowl 118 (Ms. Heb. 9467.75),whole_bowl,confirmed,unassessed
IBI-87227EEFF156,"British Museum 1980,0415.31.s: incantation bowl",whole_bowl,probable,unassessed
IBI-8745953F454E,NLI incantation bowl 84 (Ms. Heb. 9467.156),whole_bowl,confirmed,unassessed
IBI-8746509B00D1,Waller 2022: JBA 04,whole_bowl,probable,accepted
IBI-874E34F7B3B5,"British Museum 1957-9-25,1 — deities and toponyms bowl",whole_bowl,probable,unassessed
IBI-8750B6F61AFD,111M,whole_bowl,probable,accepted
IBI-87782BA285D5,Apotropaic index GorC,uncertain,candidate,unassessed
IBI-878D276D0136,Apotropaic index MS2053/190,uncertain,candidate,unassessed
IBI-87B3F205EF11,British Museum 117878: incantation bowl,whole_bowl,probable,unassessed
IBI-87CCB1D1D1FC,Apotropaic index AIT16,uncertain,candidate,unassessed
IBI-88103E2EB680,CBS 8694,whole_bowl,probable,accepted
IBI-8831874BC0D0,Penn B8698: Hebrew Bowl,fragment,candidate,unassessed
IBI-884C0EC644E9,110M,whole_bowl,probable,accepted
IBI-88505642BE2E,044A,whole_bowl,probable,accepted
IBI-88D1937D3ED2,Hilprecht Collection HS 3031,whole_bowl,confirmed,accepted
IBI-88D53AE086DE,118ES,whole_bowl,probable,accepted
IBI-88FBB367AF36,Apotropaic index Mous123,uncertain,candidate,unassessed
IBI-890CF7818665,IM 60960,whole_bowl,probable,accepted
IBI-8919DB3E898E,Penn B6341: Hebrew Bowl,fragment,candidate,unassessed
IBI-89364EC487FF,LMU incantation bowl project component 1,whole_bowl,candidate,unassessed
IBI-893BE95F307C,Apotropaic index IM62265,uncertain,candidate,unassessed
IBI-898A714F8DDE,Penn B16069: Hebrew Bowl,whole_bowl,candidate,unassessed
IBI-898FA72381ED,Penn B8691: Hebrew Bowl,whole_bowl,candidate,unassessed
IBI-8997E7C02290,British Museum 117874: incantation bowl,whole_bowl,probable,unassessed
IBI-89D70498E475,Christie's 2000 lot 734 / Artemis Gallery item 146419,whole_bowl,probable,unassessed
IBI-8A079736CDD6,NLI incantation bowl 38 (Ms. Heb. 9467.151),whole_bowl,confirmed,unassessed
IBI-8A3BAEA23243,Waller 2022: M 108,whole_bowl,probable,accepted
IBI-8A414E482E1F,NLI incantation bowl 53 (Ms. Heb. 9467.21),whole_bowl,confirmed,unassessed
IBI-8A764F35A774,Apotropaic index ABF,uncertain,candidate,unassessed
IBI-8A9E737C9252,Penn B13190: Hebrew Bowl,fragment,candidate,unassessed
IBI-8AB643D0833F,Penn B8827: Hebrew Bowl,fragment,candidate,unassessed
IBI-8ADDEA9CC8CC,036A,whole_bowl,probable,accepted
IBI-8B111BFD04DA,Apotropaic index GorE,uncertain,candidate,unassessed
IBI-8B4301E118EE,Apotropaic index 1931.175,fragment,candidate,unassessed
IBI-8BD97D622B48,T27996,whole_bowl,probable,accepted
IBI-8C00422B6E33,138Ps,whole_bowl,probable,pseudo_script
IBI-8C0760129E59,Penn B8825: Hebrew Bowl,fragment,candidate,unassessed
IBI-8C0AC5D39D04,115M,whole_bowl,probable,accepted
IBI-8C2D4494C773,British Museum 91732: incantation bowl,whole_bowl,probable,unassessed
IBI-8C33CF70266B,MS 2053/198: Incantation Bowl To Ward Against Demons,whole_bowl,probable,accepted
IBI-8C5D24A42E37,Penn 85-48-913: Hebrew Bowl,whole_bowl,candidate,pseudo_script
IBI-8CB0CA407E6E,British Museum 117827: incantation bowl,whole_bowl,probable,unassessed
IBI-8CE1A46F46E2,Smithsonian NMNH Syriac bowl nmnhanthropology_8046135,whole_bowl,confirmed,accepted
IBI-8CE840CF9115,109M,whole_bowl,probable,accepted
IBI-8D435836FB42,Moussaieff unnumbered B,whole_bowl,probable,unassessed
IBI-8D49D8735E51,NLI incantation bowl 75 (Ms. Heb. 9467.128),whole_bowl,confirmed,unassessed
IBI-8D4A2D8DC7DA,British Museum 135563: incantation bowl,whole_bowl,probable,unassessed
IBI-8D512FDF86E0,061A,whole_bowl,probable,accepted
IBI-8D5D7E958737,British Museum 117885: incantation bowl,whole_bowl,probable,unassessed
IBI-8D8C026752CF,Penn B16006: Hebrew Bowl,fragment,candidate,unassessed
IBI-8D915E3AD761,British Museum 91780: incantation bowl,whole_bowl,probable,unassessed
IBI-8D98BEE1638B,British Museum 91749: incantation bowl; lid,whole_bowl,probable,unassessed
IBI-8DA204C6914A,Archaeological Center Auction 57 lot 440,whole_bowl,candidate,unassessed
IBI-8DBB2FDDBA64,British Museum 139524: incantation bowl,whole_bowl,probable,unassessed
IBI-8DF5C0C9CF56,Schøyen MS 2053/158 (context citation),uncertain,candidate,unassessed
IBI-8E0BB84CFA0F,Penn B16062: Hebrew Bowl,fragment,candidate,unassessed
IBI-8E5308A4A137,Penn B314: Hebrew Bowl,fragment,candidate,unassessed
IBI-8ED4E00D808D,Apotropaic index AMBB3,uncertain,candidate,unassessed
IBI-8EDCA2132C79,British Museum 113188: incantation bowl,whole_bowl,probable,unassessed
IBI-8F0705B6C26E,Apotropaic index BM037A,uncertain,candidate,unassessed
IBI-8F385B2EB6F2,Apotropaic index MS2053/86,uncertain,candidate,unassessed
IBI-8F9BDB64CD08,Apotropaic index BM043A,uncertain,candidate,unassessed
IBI-8FDA7C4C0FF6,Yale Babylonian Collection YBC 15334,whole_bowl,confirmed,accepted
IBI-8FE3072526F1,Apotropaic index VA3853,uncertain,candidate,unassessed
IBI-9025903BB357,Rav Mešaršia son of Qaqay incantation bowl,lost_or_unlocated,probable,accepted
IBI-9078953DB2E7,Barakat Gallery X.0552,whole_bowl,probable,unassessed
IBI-907E7D4A3B11,Penn B9009: Hebrew Bowl,fragment,candidate,unassessed
IBI-90833A9B7D36,Apotropaic index BM062A,fragment,candidate,unassessed
IBI-9092CCC4D2C5,NLI incantation bowl 208 (Ms. Heb. 9467.4),whole_bowl,confirmed,unassessed
IBI-90A3DFF32458,MS 2053/132,whole_bowl,probable,accepted
IBI-90B88EACB9FB,018A,whole_bowl,probable,accepted
IBI-90C14612734A,Waller 2022: Müller-Kessler 1994: B2,whole_bowl,probable,accepted
IBI-90D234EC291A,Apotropaic index AMBB7,uncertain,candidate,unassessed
IBI-90E31133B7AB,Schøyen MS 2053/223 (context citation),uncertain,candidate,unassessed
IBI-90E3D2265AC0,MS 2056/12: Zoroastrian Incantations Against Demons,whole_bowl,probable,accepted
IBI-90E4425BBD7D,Waller 2022: IM 212093,whole_bowl,probable,accepted
IBI-90EB147AD3EE,"British Museum 1980,0415.31.J: incantation bowl",whole_bowl,probable,unassessed
IBI-912F8F881E20,Apotropaic index AIT30,uncertain,candidate,unassessed
IBI-915C0B323E6F,NLI incantation bowl 92 (Ms. Heb. 9467.188),whole_bowl,confirmed,unassessed
IBI-917276249B87,CBS 2923,whole_bowl,probable,accepted
IBI-917397575566,CBS 16041,whole_bowl,probable,accepted
IBI-917B397C66C2,NLI incantation bowl 35 (Ms. Heb. 9467.138),whole_bowl,confirmed,unassessed
IBI-92002BD6064C,Apotropaic index Gor9,uncertain,candidate,unassessed
IBI-924B5252E5D5,Nippur Excavation 9,whole_bowl,probable,accepted
IBI-92B15B350110,Apotropaic index BM036A,uncertain,candidate,unassessed
IBI-92F5B3CC2C41,British Museum 136203: incantation bowl,whole_bowl,probable,unassessed
IBI-93050DC592D4,NLI incantation bowl 43 (Ms. Heb. 9467.171),whole_bowl,confirmed,unassessed
IBI-933883363140,Apotropaic index Mous138,uncertain,candidate,unassessed
IBI-935680A3E627,Penn B16031: Hebrew Bowl,fragment,candidate,unassessed
IBI-935792C842AB,Apotropaic index MS2053/103,uncertain,candidate,unassessed
IBI-93762BB9D0E1,TimeLine Auctions lot 1077 component 1 faint-script bowl,whole_bowl,candidate,unassessed
IBI-93D8D01109BC,HS 3056,whole_bowl,probable,accepted
IBI-93D8EFA6B3C3,British Museum 91771: incantation bowl,whole_bowl,probable,unassessed
IBI-948D89090FA8,Penn B16008: Hebrew Bowl,whole_bowl,candidate,unassessed
IBI-94A458622B13,Apotropaic index MS1927/8,uncertain,candidate,unassessed
IBI-950537E68315,British Museum 127396 (Segal 021A),whole_bowl,confirmed,accepted
IBI-9522B8791237,LMU incantation bowl project component 3,whole_bowl,candidate,unassessed
IBI-95409522D6EC,Bonhams bonham10350 lot 58 fragment,fragment,candidate,unassessed
IBI-9548EB8935E2,Apotropaic index CAIB66,uncertain,candidate,unassessed
IBI-9569F656CA93,Apotropaic index MS1911/1,uncertain,candidate,unassessed
IBI-95B32DB89DA3,NLI incantation bowl 114 (Ms. Heb. 9467.59),whole_bowl,confirmed,unassessed
IBI-95E9F42816BF,Schøyen MS 2053/70 (context citation),uncertain,candidate,unassessed
IBI-95F84D41DE59,Apotropaic index BM038A,uncertain,candidate,unassessed
IBI-96231E65950A,Apotropaic index Gor1,uncertain,candidate,unassessed
IBI-9625CFD9198C,British Museum 91717: incantation bowl,whole_bowl,probable,unassessed
IBI-963564D9179D,NLI incantation bowl 39 (Ms. Heb. 9467.155),whole_bowl,confirmed,unassessed
IBI-96661F866A76,Erbil Civilization Museum incantation bowl (2016 display),whole_bowl,confirmed,uncertain
IBI-967FFF92E37F,Waller 2022: JBA 116,whole_bowl,probable,accepted
IBI-96BF25574EC7,133Ps,whole_bowl,probable,pseudo_script
IBI-96C65489B296,Penn 85-48-907: Hebrew Bowl,whole_bowl,candidate,unassessed
IBI-96E0594FD57F,Penn B13193: Hebrew Bowl,fragment,candidate,unassessed
IBI-96F3DBB22B61,Apotropaic index MS1928/8,uncertain,candidate,unassessed
IBI-9746820141A2,Jewish Museum of Switzerland JMS 1973-2,whole_bowl,confirmed,accepted
IBI-974F2B5B0B55,CBS 16086,whole_bowl,probable,accepted
IBI-9758D297FB44,British Museum 117826: incantation bowl,whole_bowl,probable,unassessed
IBI-97EA83DC09F6,Apotropaic index AIT6,uncertain,candidate,unassessed
IBI-97ED0532D516,Hilprecht Collection HS 3038,whole_bowl,confirmed,accepted
IBI-986201E25DF1,NLI incantation bowl 106 (Ms. Heb. 9467.23),whole_bowl,confirmed,unassessed
IBI-9864B55DD2CF,Waller 2022: Isbell 55,whole_bowl,probable,accepted
IBI-98DF11F7A9FF,Apotropaic index MS2053/33,uncertain,candidate,unassessed
IBI-98E2E65877A9,Penn B16065: Hebrew Bowl,fragment,candidate,unassessed
IBI-996580409AEC,Kelsey Museum TMA 1931.455 / KM 31455,whole_bowl,confirmed,pseudo_script
IBI-99A827DC94C1,British Museum 91762: incantation bowl,whole_bowl,probable,unassessed
IBI-99CA1DB9C484,M139,whole_bowl,probable,unassessed
IBI-9A21342C5663,Apotropaic index MS2053/258,uncertain,candidate,unassessed
IBI-9A362DCF2CFA,Matenadaran MS 132,whole_bowl,confirmed,accepted
IBI-9A53997D1CD3,Wolf 69,lost_or_unlocated,probable,accepted
IBI-9A5BAF49A18E,British Museum 108819: incantation bowl,whole_bowl,probable,unassessed
IBI-9AB5883DFA15,Waller 2022: Isbell 42,whole_bowl,probable,accepted
IBI-9AC8BF7669C1,Penn B16064: Hebrew Bowl,fragment,candidate,unassessed
IBI-9B0CE6A4F4DE,Penn B16061: Hebrew Bowl,whole_bowl,candidate,unassessed
IBI-9B6BD36CC471,Apollo catalogue 10068 lot 272,whole_bowl,candidate,unassessed
IBI-9B8F241403D7,Apotropaic index BM008A,fragment,candidate,unassessed
IBI-9BB1E32FF0C7,Penn B16020: Hebrew Bowl,fragment,candidate,unassessed
IBI-9BBDC3BD6086,Penn 85-48-903: Hebrew Bowl,fragment,candidate,unassessed
IBI-9BC4FB520566,NLI incantation bowl 3 (Ms. Heb. 9467.5),whole_bowl,confirmed,unassessed
IBI-9BF942623298,Waller 2022: JBA 03,whole_bowl,probable,accepted
IBI-9C0310AAA82F,Apotropaic index MS1928/43,uncertain,candidate,unassessed
IBI-9C3EE339378D,British Museum 91716: incantation bowl,whole_bowl,probable,unassessed
IBI-9C4A68654295,Penn B6338: Hebrew Bowl,fragment,candidate,unassessed
IBI-9C59F4B49756,NLI incantation bowl 70 (Ms. Heb. 9467.108),whole_bowl,confirmed,unassessed
IBI-9C67725EA308,NLI incantation bowl 121 (Ms. Heb. 9467.87),whole_bowl,confirmed,unassessed
IBI-9C7F41866630,NLI incantation bowl 4 (Ms. Heb. 9467.7),whole_bowl,confirmed,unassessed
IBI-9CDA1C6324E4,Apotropaic index AIT18,uncertain,candidate,unassessed
IBI-9CDD9096F957,"M59, Jewish Babylonian Aramaic bowl for Ardoi son of Kirkshidukh",whole_bowl,probable,accepted
IBI-9D13CDD62235,Penn B9005: Hebrew Bowl,whole_bowl,candidate,unassessed
IBI-9D21947B0388,Schwab N (Dieulafoy Susiana bowl),whole_bowl,probable,accepted
IBI-9D49C1678C2B,British Museum 117824: incantation bowl,whole_bowl,probable,unassessed
IBI-9D5B4D1848CD,Apotropaic index MS1927/25,uncertain,candidate,unassessed
IBI-9D6F9874FF25,Penn B16104: Hebrew Bowl,whole_bowl,candidate,unassessed
IBI-9D7CBB46A6A3,078M,whole_bowl,probable,accepted
IBI-9D8D10B24135,NLI incantation bowl 124 (Ms. Heb. 9467.99),whole_bowl,confirmed,unassessed
IBI-9D9670FD6A9E,Penn B16053: Hebrew Bowl,whole_bowl,candidate,unassessed
IBI-9DCF4B5EF070,NLI incantation bowl 128 (Ms. Heb. 9467.115),whole_bowl,confirmed,unassessed
IBI-9DD46C157766,Apotropaic index BM056A,fragment,candidate,unassessed
IBI-9DF7057095D2,Apotropaic index BM048A,fragment,candidate,unassessed
IBI-9E37AB1B6312,British Museum 91730: incantation bowl,whole_bowl,probable,unassessed
IBI-9E5647B804C4,Apotropaic index C10-119,uncertain,candidate,unassessed
IBI-9E632A3F0295,Waller 2022: M 102,whole_bowl,probable,accepted
IBI-9E6B264AC989,Penn B16004: Hebrew Bowl,whole_bowl,candidate,unassessed
IBI-9EBAA35D18D9,Penn B8697: Hebrew Bowl,fragment,candidate,unassessed
IBI-9EE64471DAEA,Apotropaic index BM1957-9-25.1,uncertain,candidate,unassessed
IBI-9F0C2BC5FBC8,"British Museum 1980,0415.31.r: incantation bowl",whole_bowl,probable,unassessed
IBI-9F61AE8BC0BA,Penn B13188: Hebrew Bowl,fragment,candidate,unassessed
IBI-A0355D42D20C,Apotropaic index Mous163,uncertain,candidate,unassessed
IBI-A0386665BAC2,NLI incantation bowl 199 (Ms. Heb. 9467.198),whole_bowl,confirmed,unassessed
IBI-A085AF4BECE1,Apollo 2026-06-21 lot 1200 component 3,whole_bowl,candidate,unassessed
IBI-A08C17F9599F,123Ps,whole_bowl,probable,pseudo_script
IBI-A0C31C78E234,141Ps,whole_bowl,probable,pseudo_script
IBI-A11621D03F66,Waller 2022: JBA 67,whole_bowl,probable,accepted
IBI-A13F6AA8742B,Apotropaic index BM051A,fragment,candidate,unassessed
IBI-A158055D97DA,Apotropaic index MS2053/10,uncertain,candidate,unassessed
IBI-A1994B11CDEF,Apotropaic index Kaufman,uncertain,candidate,unassessed
IBI-A19B58EBBBA9,031A,whole_bowl,probable,accepted
IBI-A1AA3AE64B09,NLI incantation bowl 24 (Ms. Heb. 9467.94),whole_bowl,confirmed,unassessed
IBI-A2115A007A05,124Ps,whole_bowl,probable,pseudo_script
IBI-A22328E17FE6,British Museum 91709: incantation bowl,whole_bowl,probable,unassessed
IBI-A250EA460C15,Apotropaic index MS2053/162,uncertain,candidate,unassessed
IBI-A271E0F86F5D,British Museum 91718: incantation bowl,whole_bowl,probable,unassessed
IBI-A28AB07607CC,108M,whole_bowl,probable,accepted
IBI-A2A979B37B7A,Penn B2961: Hebrew Bowl,fragment,candidate,unassessed
IBI-A2C514D5D255,Geller 1976 Bodmer Library bowl,whole_bowl,probable,unassessed
IBI-A2DAA0BC88B6,Waller 2022: C10-116,whole_bowl,probable,accepted
IBI-A2E63793BF50,NLI incantation bowl 108 (Ms. Heb. 9467.33),whole_bowl,confirmed,unassessed
IBI-A2E775143F9F,CBS 2922,whole_bowl,probable,accepted
IBI-A34DB975AEEB,NLI incantation bowl 5 (Ms. Heb. 9467.10),whole_bowl,confirmed,unassessed
IBI-A35AACF66D9D,NLI incantation bowl 85 (Ms. Heb. 9467.160),whole_bowl,confirmed,unassessed
IBI-A3611322C9BE,Apotropaic index AP9163,uncertain,candidate,unassessed
IBI-A3736CD7D997,CBS 2971 [Montgomery text 40],whole_bowl,probable,accepted
IBI-A39549C75B8E,Penn B6360: Hebrew Bowl Sherd,whole_bowl,candidate,unassessed
IBI-A3C9CD6A584F,Apotropaic index AIT28,uncertain,candidate,unassessed
IBI-A3CB298383D2,Hilprecht Collection HS 3050,whole_bowl,confirmed,accepted
IBI-A3F96BE488EA,Schøyen MS 1927/41 (context citation),uncertain,candidate,unassessed
IBI-A4018648241E,Penn B8699: Hebrew Bowl,fragment,candidate,unassessed
IBI-A40CFF8CFA46,Waller 2022: MS 2053/159,whole_bowl,probable,accepted
IBI-A41CE27FA5B1,NLI incantation bowl 130 (Ms. Heb. 9467.123),whole_bowl,confirmed,unassessed
IBI-A4764EF0C15E,Apotropaic index Mous108,uncertain,candidate,unassessed
IBI-A47920BF4C4D,Waller 2022: M 4,whole_bowl,probable,accepted
IBI-A48BB612BD37,NLI incantation bowl 163 (Ms. Heb. 9467.54),whole_bowl,confirmed,unassessed
IBI-A4D8C4C956A2,107M,whole_bowl,probable,accepted
IBI-A4F154B0CB2E,Museo delle Civiltà IsIAO 5206,whole_bowl,confirmed,accepted
IBI-A5148211C7F0,059A,whole_bowl,probable,accepted
IBI-A5173FAF0C5A,NLI incantation bowl 13 (Ms. Heb. 9467.49),whole_bowl,confirmed,unassessed
IBI-A51969D3CFF7,Apotropaic index BM069A,fragment,candidate,unassessed
IBI-A5812AA4A88B,Penn B13192: Hebrew Bowl,fragment,candidate,unassessed
IBI-A5833D9EAB52,IM 114987,whole_bowl,probable,accepted
IBI-A58C2D4572FF,113M,whole_bowl,probable,accepted
IBI-A5C2CAEEB322,Penn B16092: Hebrew Bowl,fragment,candidate,unassessed
IBI-A5EA35FED093,055A,whole_bowl,probable,accepted
IBI-A60287129754,Apotropaic index AMBB8,uncertain,candidate,unassessed
IBI-A691404B8D7B,British Museum 91770: incantation bowl,whole_bowl,probable,unassessed
IBI-A6D92692DBC3,Iraq Museum IM 9736,whole_bowl,probable,unassessed
IBI-A739C7EF9DDC,Apotropaic index BM017A,fragment,candidate,unassessed
IBI-A7984F33DE55,Apotropaic index IM114981,uncertain,candidate,unassessed
IBI-A7A540CDFF87,Waller 2022: Isbell 66,whole_bowl,probable,accepted
IBI-A82799547494,120SY,whole_bowl,probable,accepted
IBI-A83BCFF1A88E,British Museum 91761: incantation bowl,whole_bowl,probable,unassessed
IBI-A844BEBAB2D4,Penn 85-48-900: Hebrew Bowl,fragment,candidate,unassessed
IBI-A8470A9AD28F,Penn B2945: Hebrew Bowl,whole_bowl,candidate,unassessed
IBI-A89B8D5230A5,Schøyen MS 1927/18 (context citation),uncertain,candidate,unassessed
IBI-A8AC02611953,"Said Ali Madhloom 14.2 cm incantation-bowl fragment, Jasper52 lot 42",fragment,candidate,unassessed
IBI-A8BE9F6FA177,Hilprecht Collection HS 3034,whole_bowl,confirmed,accepted
IBI-A8F08173BB65,Apotropaic index AIT3,uncertain,candidate,unassessed
IBI-A921F581030C,British Museum 91776: incantation bowl,whole_bowl,probable,unassessed
IBI-A941F1E8B2F0,Apotropaic index GorJ,uncertain,candidate,unassessed
IBI-A9469781DBBE,Isbell 1975 bowl 22 — COJS translation appearance,whole_bowl,probable,accepted
IBI-A96694F1191E,Apotropaic index AIT25,uncertain,candidate,unassessed
IBI-A98BC9E6CA54,Apotropaic index Mor1,uncertain,candidate,unassessed
IBI-A9B1ADCFD0C7,Penn B16041: Hebrew Bowl,fragment,candidate,unassessed
IBI-A9F0F3BFB1CC,Waller 2022: AMB 12b,whole_bowl,probable,accepted
IBI-AA15A1232B1F,ISAC Museum A33980 / 10N-361 A-B,fragment,confirmed,accepted
IBI-AA3D4D3C35CC,Apotropaic index GorF,uncertain,candidate,unassessed
IBI-AA3FC953DA0F,028A,whole_bowl,probable,accepted
IBI-AA487E5E1C00,NLI Klagsbald donation component 1,whole_bowl,candidate,unassessed
IBI-AA67AEE8E98C,Schwab P (Dieulafoy Susiana bowl),whole_bowl,probable,accepted
IBI-AA8DEF952E20,Waller 2022: Herman 2021,whole_bowl,probable,accepted
IBI-AAAE996F8011,Penn B13189: Hebrew Bowl,fragment,candidate,unassessed
IBI-AB499F10A21D,Apotropaic index MS1927/47,uncertain,candidate,unassessed
IBI-AB9C12C9719A,Waller 2022: HS 3003,whole_bowl,probable,accepted
IBI-ABAC40CC7E28,Apotropaic index MS2053/83,fragment,candidate,unassessed
IBI-ABBCB8EAD162,Penn B16083: Hebrew Bowl,fragment,candidate,unassessed
IBI-ABBE8A2E6E8E,106M,whole_bowl,probable,accepted
IBI-ABCF1B285071,Penn B2946: Hebrew Bowl,whole_bowl,candidate,unassessed
IBI-ABD1308F8400,Apotropaic index BM053A,fragment,candidate,unassessed
IBI-ABDDBBFDA2B7,Penn B16024: Hebrew Bowl,fragment,candidate,unassessed
IBI-ABDE8A973358,CBS 16023,whole_bowl,probable,accepted
IBI-AC196693433D,British Museum 91715: incantation bowl,whole_bowl,probable,unassessed
IBI-AC247E275999,Apotropaic index Gor51A,uncertain,candidate,unassessed
IBI-AC5D219BD84B,Formerly Barakat Collection,whole_bowl,probable,accepted
IBI-ACA1B364B420,NLI incantation bowl 30 (Ms. Heb. 9467.118),whole_bowl,confirmed,unassessed
IBI-ACAABD6937E2,Penn B2953: Hebrew Bowl,whole_bowl,candidate,unassessed
IBI-ACB82EA70EC5,NLI incantation bowl 160 (Ms. Heb. 9467.43),whole_bowl,confirmed,unassessed
IBI-ACEE815450B1,Penn B16070: Hebrew Bowl,fragment,candidate,unassessed
IBI-AD2976FBA996,Apotropaic index ABA,uncertain,candidate,unassessed
IBI-AD368E360A02,Penn B16077: Hebrew Bowl,whole_bowl,candidate,unassessed
IBI-AD36E9223E31,072A,whole_bowl,probable,accepted
IBI-AD8EFB15E4A0,Schøyen Collection MS 1911/2,whole_bowl,confirmed,accepted
IBI-AE37F6937004,Apotropaic index BM052A,fragment,candidate,unassessed
IBI-AE42D05AA4A3,Apotropaic index MSFB25,uncertain,candidate,unassessed
IBI-AE52679A7DB6,042A,whole_bowl,probable,accepted
IBI-AE6ED79D0B9E,Schøyen MS 2053/66 (context citation),uncertain,candidate,unassessed
IBI-AE7EC914E754,Apotropaic index AIT4,uncertain,candidate,unassessed
IBI-AE853E6EB337,Waller 2022: VA 2509,whole_bowl,probable,accepted
IBI-AEB653AF5AB5,137Ps,whole_bowl,probable,pseudo_script
IBI-AF04A429BAE6,Waller 2022: Aaron E,whole_bowl,probable,accepted
IBI-AFC832AD66CF,NLI incantation bowl 184 (Ms. Heb. 9467.137),whole_bowl,confirmed,unassessed
IBI-AFDF57CFF3FF,NLI incantation bowl 117 (Ms. Heb. 9467.71),whole_bowl,confirmed,unassessed
IBI-AFEF49A1A7FB,Penn B16073: Hebrew Bowl,whole_bowl,candidate,unassessed
IBI-B013DF222B9B,Hetjens-Museum HM.2003-36,whole_bowl,confirmed,unassessed
IBI-B03AFE28F0B9,NLI incantation bowl 14 (Ms. Heb. 9467.53),whole_bowl,confirmed,unassessed
IBI-B050BB4D3D83,Apotropaic index AIT17,uncertain,candidate,unassessed
IBI-B05ED8D498A4,082M,whole_bowl,probable,accepted
IBI-B0928AD8794F,NLI incantation bowl 100 (Ms. Heb. 9467.88),whole_bowl,confirmed,unassessed
IBI-B0EE89AC95F3,NLI incantation bowl 132 (Ms. Heb. 9467.131),whole_bowl,confirmed,unassessed
IBI-B0F71190A97E,090M,whole_bowl,probable,accepted
IBI-B169DA581974,058A,whole_bowl,probable,accepted
IBI-B16BA47EFA4E,Waller 2022: JBA 108,whole_bowl,probable,accepted
IBI-B19BB6350226,HS 3062,whole_bowl,probable,accepted
IBI-B1C3E7EF20DA,Penn B6346: Hebrew Bowl,fragment,candidate,unassessed
IBI-B1DB244ADA9C,Penn 85-48-901: Hebrew Bowl,fragment,candidate,unassessed
IBI-B1DFAA8ED8D6,007A,whole_bowl,probable,accepted
IBI-B205D4EC9A30,Waller 2022: JBA 15,whole_bowl,probable,accepted
IBI-B21BBD2D972C,NLI incantation bowl 189 (Ms. Heb. 9467.158),whole_bowl,confirmed,unassessed
IBI-B26A8CEA33A7,Apotropaic index GelD,uncertain,candidate,unassessed
IBI-B26C2EDB70C1,HS 3039,whole_bowl,probable,accepted
IBI-B27D20C6DBDD,NLI incantation bowl 90 (Ms. Heb. 9467.180),whole_bowl,confirmed,unassessed
IBI-B2B63E5644A3,NLI incantation bowl 61 (Ms. Heb. 9467.72),whole_bowl,confirmed,unassessed
IBI-B2BDAC53058E,Apotropaic index Gor5,uncertain,candidate,unassessed
IBI-B3373DC80437,Penn B2975: Hebrew Bowl,fragment,candidate,unassessed
IBI-B344613F0FDC,Penn 85-48-914: Hebrew Bowl,whole_bowl,candidate,unassessed
IBI-B3482BD0CA0B,Penn B9013: Hebrew Bowl,whole_bowl,candidate,unassessed
IBI-B3655A59BF77,Apotropaic index BM054A,fragment,candidate,unassessed
IBI-B36E5BE78B3E,British Museum 91722: incantation bowl,whole_bowl,probable,unassessed
IBI-B3CD7FB74C71,British Museum 91764: incantation bowl,whole_bowl,probable,unassessed
IBI-B3F953DD9F79,Penn B2952: Hebrew Bowl,whole_bowl,candidate,unassessed
IBI-B43401C954BF,105M,whole_bowl,probable,accepted
IBI-B475D78A6EA0,Penn B2924: Hebrew Bowl,fragment,candidate,unassessed
IBI-B49080BDD117,014A,whole_bowl,probable,accepted
IBI-B4B929069FC4,"British Museum 1980,0415.31.b: incantation bowl",whole_bowl,probable,unassessed
IBI-B4F1979F5412,"British Museum 1980,0415.31.c: incantation bowl",whole_bowl,probable,unassessed
IBI-B4F65386FB8A,Penn B6364: Hebrew Bowl Sherd,whole_bowl,candidate,unassessed
IBI-B4FBA6461813,British Museum 113189 (Segal 139P),whole_bowl,confirmed,pseudo_script
IBI-B5001D54F31B,Apotropaic index BM059A,fragment,candidate,unassessed
IBI-B54D497CC676,CBS 9010,whole_bowl,probable,accepted
IBI-B5772A1804A9,JNF 153,lost_or_unlocated,probable,accepted
IBI-B57A039113F9,139Ps,whole_bowl,probable,pseudo_script
IBI-B5C397BC11F8,Met 86.11.259: Incantation bowl with Aramaic inscription,whole_bowl,probable,accepted
IBI-B5F2095272AE,NLI incantation bowl 21 (Ms. Heb. 9467.82),whole_bowl,confirmed,unassessed
IBI-B5FB2969DB04,Apotropaic index BM024A,uncertain,candidate,unassessed
IBI-B6246E14776E,CBS 2916,whole_bowl,probable,accepted
IBI-B6711673FBFD,012A,whole_bowl,probable,accepted
IBI-B671F57193BF,Apotropaic index AIT8,uncertain,candidate,unassessed
IBI-B6AABE2F395E,University of Michigan VRC work 574086,whole_bowl,candidate,unassessed
IBI-B6B1F6551CBD,Penn B2976: Hebrew Bowl,fragment,candidate,unassessed
IBI-B72C2B4661EE,097M,whole_bowl,probable,accepted
IBI-B73092679452,Hilprecht Collection HS 3068 possible fragment,fragment,candidate,unassessed
IBI-B74372055B1B,Waller 2022: M 5,whole_bowl,probable,accepted
IBI-B75AF2D8983C,Ābgīne Museum 110–S,whole_bowl,confirmed,accepted
IBI-B76674787AA7,Penn B16023: Hebrew Bowl,whole_bowl,candidate,unassessed
IBI-B7981E70CCE1,Ābgīne Museum 627–S,whole_bowl,confirmed,accepted
IBI-B7CAE3ED4D60,Apotropaic index Myhrman,uncertain,candidate,unassessed
IBI-B7DE88C662A8,British Museum 91767 scholarly re-edition,whole_bowl,probable,unassessed
IBI-B8152163710F,Museu da Farmácia MFL 10895,whole_bowl,probable,unassessed
IBI-B84A152F08F2,Apotropaic index Mous156,uncertain,candidate,unassessed
IBI-B8589C86CB61,Penn B6362: Hebrew Bowl Sherd,fragment,candidate,unassessed
IBI-B860E80111E3,Penn Museum CBS 2923 / B2923 exhibition appearance,whole_bowl,confirmed,accepted
IBI-B86B0E550724,British Museum 108822: incantation bowl,whole_bowl,probable,unassessed
IBI-B86B9878F345,Penn B3997: Hebrew Bowl,whole_bowl,candidate,unassessed
IBI-B8793C833977,046A,whole_bowl,probable,accepted
IBI-B88F64EB52FE,Apotropaic index Ellis1,uncertain,candidate,unassessed
IBI-B8B09844C8B9,Khafaje bowl A17877,whole_bowl,probable,unassessed
IBI-B8D8FA942816,British Museum 91766: incantation bowl,whole_bowl,probable,unassessed
IBI-B92459BF5743,British Museum 117871: incantation bowl,whole_bowl,probable,unassessed
IBI-B925657D4CFC,NLI incantation bowl 65 (Ms. Heb. 9467.64),whole_bowl,confirmed,unassessed
IBI-B92E4622CE3B,NLI Klagsbald donation component 5,whole_bowl,candidate,unassessed
IBI-BA03C6123DFF,Apotropaic index BM073A,fragment,candidate,unassessed
IBI-BA38256134C5,Apotropaic index MS1927/43,uncertain,candidate,unassessed
IBI-BA3BDCD8ECE9,NLI incantation bowl 115 (Ms. Heb. 9467.63),whole_bowl,confirmed,unassessed
IBI-BA5B79DA23D2,Apotropaic index AIT15,uncertain,candidate,unassessed
IBI-BA91CB9E218A,073A,whole_bowl,probable,accepted
IBI-BAA1A1373E41,Hilprecht Collection HS 3039,whole_bowl,confirmed,accepted
IBI-BAD10E6659B3,Apotropaic index Mor2,uncertain,candidate,unassessed
IBI-BB0B566579F2,British Museum 91729: incantation bowl,whole_bowl,probable,unassessed
IBI-BB33CA3C9DF6,"British Museum 1957,0925.1",whole_bowl,confirmed,accepted
IBI-BB7E2D65B4F2,Penn B6348: Hebrew Bowl Sherd,whole_bowl,candidate,unassessed
IBI-BB9AB54B13F3,Penn 85-48-906: Hebrew Bowl,whole_bowl,candidate,unassessed
IBI-BBAD14924234,074A,whole_bowl,probable,accepted
IBI-BBB46EF28115,Ābgīne Museum 626–S,whole_bowl,confirmed,accepted
IBI-BBD6713EFA40,NLI incantation bowl 66 (Ms. Heb. 9467.76),whole_bowl,confirmed,unassessed
IBI-BBF8DC8C2BCD,Hilprecht Collection HS 3055,whole_bowl,confirmed,accepted
IBI-BBF9CDFE55F2,NLI incantation bowl 8 (Ms. Heb. 9467.25),whole_bowl,confirmed,unassessed
IBI-BC07E48B8A78,British Museum 102583: incantation bowl,whole_bowl,probable,unassessed
IBI-BC34FDB4C614,Apotropaic index AMBB13,uncertain,candidate,unassessed
IBI-BC3C5FF3A853,NLI incantation bowl 49 (Ms. Heb. 9467.195),whole_bowl,confirmed,unassessed
IBI-BC3CB609520C,Apotropaic index MS2053/207,uncertain,candidate,unassessed
IBI-BC873E943AF3,British Museum 91779: incantation bowl,whole_bowl,probable,unassessed
IBI-BC88C23D6F87,Penn B2951: Hebrew Bowl,whole_bowl,candidate,unassessed
IBI-BCA2A671CAFF,Iraq Museum IM 77781,whole_bowl,confirmed,accepted
IBI-BCD64F1C9C58,Apotropaic index Gor3,uncertain,candidate,unassessed
IBI-BCE14F6D4053,Penn B6358: Hebrew Bowl,fragment,candidate,unassessed
IBI-BCF1D44D0968,064A,whole_bowl,probable,accepted
IBI-BCFC0A10CBD4,NLI incantation bowl 112 (Ms. Heb. 9467.50),whole_bowl,confirmed,unassessed
IBI-BD32172273E5,British Museum 91774: incantation bowl,whole_bowl,probable,unassessed
IBI-BD3D78FADE4F,Apotropaic index BM034A,uncertain,candidate,unassessed
IBI-BDCAF03B3004,Apotropaic index BM074A,fragment,candidate,unassessed
IBI-BDCC7E804E77,British Museum 127395: incantation bowl,whole_bowl,probable,unassessed
IBI-BE00F0EA837A,Apotropaic index BM027A,uncertain,candidate,unassessed
IBI-BE1D28C0DC3E,NLI incantation bowl 123 (Ms. Heb. 9467.95),whole_bowl,confirmed,unassessed
IBI-BE34A956B4B8,British Museum 117825: incantation bowl,whole_bowl,probable,unassessed
IBI-BE8DC46BBAE7,Apotropaic index IM71180,uncertain,candidate,unassessed
IBI-BF1E6329F91D,Waller 2022: JBA 60,whole_bowl,probable,accepted
IBI-BF211A4B72F7,MS 2053/150,whole_bowl,probable,accepted
IBI-BF96C5EC6A0B,NLI incantation bowl 145 (Ms. Heb. 9467.181),whole_bowl,confirmed,unassessed
IBI-BF9F49A67008,Apotropaic index AIT21,uncertain,candidate,unassessed
IBI-BFAC7CA37B96,CBS 2945,whole_bowl,probable,accepted
IBI-BFEE518DA6B6,Apotropaic index BM035A,uncertain,candidate,unassessed
IBI-BFFEC04064FE,Penn B2937: Hebrew Bowl,fragment,candidate,unassessed
IBI-C009531055DF,Schøyen MS 2053/262 (context citation),uncertain,candidate,unassessed
IBI-C01989E5879E,050A,whole_bowl,probable,accepted
IBI-C0284839BFB8,TimeLine Auctions lot 1077 component 2 overpainted pseudo-script bowl,whole_bowl,candidate,disputed
IBI-C06FF61EAB69,Waller 2022: MS 2053/216,whole_bowl,probable,accepted
IBI-C0936EFE772B,Berlin XI-t 5178,whole_bowl,probable,accepted
IBI-C0CEB7F095BD,117ES,whole_bowl,probable,accepted
IBI-C13515C7CFCF,TimeLine Auctions 2026 lot 213 — Invaluable appearance,whole_bowl,candidate,unassessed
IBI-C14FB1F238D2,NLI incantation bowl 34 (Ms. Heb. 9467.134),whole_bowl,confirmed,unassessed
IBI-C18767B3486E,Apotropaic index Gor6,uncertain,candidate,unassessed
IBI-C1AF6481C19A,British Museum 91740: incantation bowl,whole_bowl,probable,unassessed
IBI-C23526FF484B,NLI incantation bowl 86 (Ms. Heb. 9467.164),whole_bowl,confirmed,unassessed
IBI-C237D8E8489F,Apotropaic index BM021A,fragment,candidate,unassessed
IBI-C2906E4D88F3,Waller 2022: CAMIB 40,whole_bowl,probable,accepted
IBI-C2E332F154A0,CBS 2926,whole_bowl,probable,accepted
IBI-C2FE0E6C16FE,British Museum 136204: incantation bowl,whole_bowl,probable,unassessed
IBI-C30A015175D7,Waller 2022: IM 114987,whole_bowl,probable,accepted
IBI-C31D6B6016A8,British Museum 91768: incantation bowl,whole_bowl,probable,unassessed
IBI-C364057B0E9A,NLI incantation bowl 196 (Ms. Heb. 9467.186),whole_bowl,confirmed,unassessed
IBI-C37AC08EF228,"British Museum 1980,0415.31.p: incantation bowl",whole_bowl,probable,unassessed
IBI-C3A694B7B3C5,Waller 2022: JBA 05,whole_bowl,probable,accepted
IBI-C3B04E20C369,CBS 16014,whole_bowl,probable,accepted
IBI-C3B7C297B162,British Museum 91736: incantation bowl,whole_bowl,probable,unassessed
IBI-C4639E9E190A,Apotropaic index BM004A,fragment,candidate,unassessed
IBI-C478C77AFCC6,British Museum BM 117877 Syriac bowl fragment,fragment,confirmed,accepted
IBI-C489B8F60488,128Ps,whole_bowl,probable,pseudo_script
IBI-C48D5B52AB4E,Schøyen MS 2053/275 (context citation),uncertain,candidate,unassessed
IBI-C4B29A1F2B90,Apotropaic index AIT20,uncertain,candidate,unassessed
IBI-C4BC7B9B2103,Apotropaic index IM114982,uncertain,candidate,unassessed
IBI-C4D30211498C,Waller 2022: IM 212103,whole_bowl,probable,accepted
IBI-C50A3FF109FA,Christoph Bacher ref. 6412,whole_bowl,probable,pseudo_script
IBI-C50CABFE3DBA,004A,whole_bowl,probable,accepted
IBI-C566A8D2270F,British Museum Rm-III.32: incantation bowl,whole_bowl,probable,unassessed
IBI-C58457DA1C26,NLI incantation bowl 173 (Ms. Heb. 9467.93),whole_bowl,confirmed,unassessed
IBI-C58FA9F0D778,NLI incantation bowl 146 (Ms. Heb. 9467.185),whole_bowl,confirmed,unassessed
IBI-C5FDEE0C9BAA,British Museum 102983: incantation bowl,whole_bowl,probable,unassessed
IBI-C637C068095A,NLI incantation bowl 148 (Ms. Heb. 9467.193),whole_bowl,confirmed,unassessed
IBI-C6413BF444D0,Apotropaic index AIT23,uncertain,candidate,unassessed
IBI-C64F25E8FE6E,080M,whole_bowl,probable,accepted
IBI-C66B96611012,142Ps,whole_bowl,probable,pseudo_script
IBI-C675E9FE069A,Apotropaic index C10-116,uncertain,candidate,unassessed
IBI-C6C1AF3BCF87,Penn B16009: Hebrew Bowl,whole_bowl,candidate,unassessed
IBI-C6C8937ACF81,Penn B8837: Hebrew Bowl,fragment,candidate,unassessed
IBI-C6D59D673FF8,029A,whole_bowl,probable,accepted
IBI-C6E5B1BD164C,062A,whole_bowl,probable,accepted
IBI-C72C7FD3CDDD,Apotropaic index BM058A,fragment,candidate,unassessed
IBI-C73FC32015BC,M45,whole_bowl,probable,unassessed
IBI-C7402DE65953,Schøyen MS 2053/195 (context citation),uncertain,candidate,unassessed
IBI-C757E352890A,Apotropaic index BM016A,fragment,candidate,unassessed
IBI-C781F00363AA,Penn B16029: Hebrew Bowl,whole_bowl,candidate,unassessed
IBI-C7A7DEBCC1FE,Penn B2949: Hebrew Bowl,whole_bowl,candidate,unassessed
IBI-C7EBF3D2A4C3,Penn B16090: Hebrew Bowl,whole_bowl,candidate,unassessed
IBI-C8B0B8A4E26E,Waller 2022: Schwab 1891: 592,whole_bowl,probable,accepted
IBI-C8B395024F41,LMU incantation bowl project component 2,whole_bowl,candidate,unassessed
IBI-C8BAC4677D5B,Hixenbaugh inventory 8324 Aramaic bowl,whole_bowl,candidate,unassessed
IBI-C949656D3227,Penn B16026: Hebrew Bowl,fragment,candidate,unassessed
IBI-C9C76391BEAB,British Museum 117884: incantation bowl,whole_bowl,probable,unassessed
IBI-C9CBD8EB2190,British Museum 135563 — Talmudic Aramaic bowl,whole_bowl,probable,unassessed
IBI-CAA61F73F4A4,NLI incantation bowl 57 (Ms. Heb. 9467.48),whole_bowl,confirmed,unassessed
IBI-CABF45C2E51C,Penn B16081: Hebrew Bowl,whole_bowl,candidate,unassessed
IBI-CB14A813E4B6,Penn B8828: Hebrew Bowl,fragment,candidate,unassessed
IBI-CB1D9D72E7BD,Apotropaic index SD12,uncertain,candidate,unassessed
IBI-CBB3B78774C0,NLI incantation bowl 154 (Ms. Heb. 9467.16),whole_bowl,confirmed,unassessed
IBI-CBE25247586E,Apotropaic index MS2053/79,uncertain,candidate,unassessed
IBI-CC392D32764E,Waller 2022: M 155,whole_bowl,probable,accepted
IBI-CCC8B14D56EA,British Museum 91742: incantation bowl,whole_bowl,probable,unassessed
IBI-CCDFB03C1B86,Apotropaic index MSFB15,uncertain,candidate,unassessed
IBI-CCF48C90D565,043A,whole_bowl,probable,accepted
IBI-CD3CA4C7B203,Waller 2022: Isbell 50,whole_bowl,probable,accepted
IBI-CD3E2F90BE86,Apotropaic index MS2053/164,uncertain,candidate,unassessed
IBI-CD3E783556B1,CBS 2933,whole_bowl,probable,accepted
IBI-CD463292B7B0,Waller 2022: MFL 10895,whole_bowl,probable,accepted
IBI-CD52D742D131,022A,whole_bowl,probable,accepted
IBI-CDB8A4D4C424,Penn B16025: Hebrew Bowl,fragment,candidate,unassessed
IBI-CDCC7E23EA8D,Waller 2022: T 27987,whole_bowl,probable,accepted
IBI-CE40E1962442,BLMJ 0070,whole_bowl,probable,accepted
IBI-CE55DA25E681,Apollo catalogue 10068 lot 273 component 4,fragment,candidate,unassessed
IBI-CE59A50C7510,NLI incantation bowl 180 (Ms. Heb. 9467.121),whole_bowl,confirmed,unassessed
IBI-CE5BA931384D,057A,whole_bowl,probable,accepted
IBI-CE60AE62CE7E,Apotropaic index AIT24,uncertain,candidate,unassessed
IBI-CE71062156DD,Penn B2915: Hebrew Bowl,whole_bowl,candidate,unassessed
IBI-CE7F7986BF7F,NLI incantation bowl 89 (Ms. Heb. 9467.176),whole_bowl,confirmed,unassessed
IBI-CEC11D2DBB44,CBS 8695,whole_bowl,probable,accepted
IBI-CEC9D1941144,British Museum 117873: incantation bowl,whole_bowl,probable,unassessed
IBI-CEEF8D572150,NLI incantation bowl 96 (Ms. Heb. 9467.204),whole_bowl,confirmed,unassessed
IBI-CF2E762AEBC7,"British Museum 1980,0415.31.m: incantation bowl",whole_bowl,probable,unassessed
IBI-CF443CC232B9,Met 32.150.89: Incantation bowl with Mandaic inscription,whole_bowl,probable,accepted
IBI-CF57D0BC40F5,NLI incantation bowl 122 (Ms. Heb. 9467.91),whole_bowl,confirmed,unassessed
IBI-CF631FD80A2E,CBS 16101,whole_bowl,probable,accepted
IBI-CF7556423B9D,CBS 16017,whole_bowl,probable,accepted
IBI-CF9476A6E303,037A,whole_bowl,probable,accepted
IBI-CFA7B8B35672,Schøyen MS 2053/246 (context citation),uncertain,candidate,unassessed
IBI-CFB0EFC807F9,Penn B2984: Hebrew Bowl,fragment,candidate,unassessed
IBI-CFBE7C2A87F5,NLI incantation bowl 44 (Ms. Heb. 9467.175),whole_bowl,confirmed,unassessed
IBI-CFC719B959A4,NLI incantation bowl 111 (Ms. Heb. 9467.46),whole_bowl,confirmed,unassessed
IBI-D026063426EF,Penn B2917: Hebrew Bowl,fragment,candidate,unassessed
IBI-D051C726E32B,Penn B16093: Hebrew Bowl,whole_bowl,candidate,unassessed
IBI-D0A629AC03EA,Apotropaic index MS2053/251,uncertain,candidate,unassessed
IBI-D0A6CF48B471,NLI incantation bowl 186 (Ms. Heb. 9467.145),whole_bowl,confirmed,unassessed
IBI-D0F8CD2771DB,CBS 85-48-899,whole_bowl,probable,accepted
IBI-D1418E448B16,Apotropaic index BM033A,uncertain,candidate,unassessed
IBI-D177CA9271FD,British Museum 127396: incantation bowl,whole_bowl,probable,unassessed
IBI-D1CA2736055D,Apotropaic index BM065A,fragment,candidate,unassessed
IBI-D227A0BAF003,NLI incantation bowl 87 (Ms. Heb. 9467.168),whole_bowl,confirmed,unassessed
IBI-D23DBA217AEB,Penn B8826: Hebrew Bowl,fragment,candidate,unassessed
IBI-D2691E26D2CB,095M,whole_bowl,probable,accepted
IBI-D2935A468C4F,070A,whole_bowl,probable,accepted
IBI-D295E71EB908,Apotropaic index MS1927/29,uncertain,candidate,unassessed
IBI-D2C708F2AA14,Hilprecht Collection HS 3045,whole_bowl,confirmed,accepted
IBI-D2D12615DAA7,Waller 2022: VA 2484,whole_bowl,probable,accepted
IBI-D2E1F77128E9,NLI Klagsbald donation component 6,whole_bowl,candidate,unassessed
IBI-D38B14B711EA,Apotropaic index Mous107,uncertain,candidate,unassessed
IBI-D45A13DA10F5,Apotropaic index BM015A,fragment,candidate,unassessed
IBI-D4744BD1B068,Penn B6367: Hebrew Bowl,fragment,candidate,unassessed
IBI-D4BAB956C0CD,Penn B6354: Hebrew Bowl Sherd,whole_bowl,candidate,unassessed
IBI-D4E7693AE9F1,Apotropaic index IM49972,uncertain,candidate,unassessed
IBI-D4F9E3F0300B,Apotropaic index Gor4,uncertain,candidate,unassessed
IBI-D50BC9F2D496,British Museum 116372: incantation bowl,whole_bowl,probable,unassessed
IBI-D53390041C26,051A,whole_bowl,probable,accepted
IBI-D598DA57FA0E,033A,whole_bowl,probable,accepted
IBI-D5AB689EABA8,British Museum 91727: incantation bowl,whole_bowl,probable,unassessed
IBI-D5C2461A24E6,NLI incantation bowl 141 (Ms. Heb. 9467.165),whole_bowl,confirmed,unassessed
IBI-D6271EA68AE7,Penn B9014: Hebrew Bowl,whole_bowl,candidate,unassessed
IBI-D6403DD4D0A2,Apotropaic index MS2053/214,uncertain,candidate,unassessed
IBI-D6B6F227C0B8,Apollo 2026-06-21 lot 1200 component 2,whole_bowl,candidate,unassessed
IBI-D6C5979E4F6F,Penn B16034: Hebrew Bowl,fragment,candidate,unassessed
IBI-D6CC347287A4,VA 3383,whole_bowl,probable,accepted
IBI-D6F3F56881F3,NLI incantation bowl 197 (Ms. Heb. 9467.190),whole_bowl,confirmed,unassessed
IBI-D70867D160AF,NLI incantation bowl 181 (Ms. Heb. 9467.125),whole_bowl,confirmed,unassessed
IBI-D7459063D2FE,084M,whole_bowl,probable,accepted
IBI-D7DBEFF71013,British Museum 117828: incantation bowl,whole_bowl,probable,unassessed
IBI-D8319A094023,CBS 16096,whole_bowl,probable,accepted
IBI-D8649CBC536D,Apotropaic index BM005A,uncertain,candidate,unassessed
IBI-D88FF8FE4FCB,065A,whole_bowl,probable,accepted
IBI-D8AEF8DE70E8,Apotropaic index CAIB72,uncertain,candidate,unassessed
IBI-D8C1FFD3FBED,Waller 2022: CAMIB 26,whole_bowl,probable,accepted
IBI-D920A9E3D37F,Apotropaic index BM042A,uncertain,candidate,unassessed
IBI-D94C8C12F3AD,005A,whole_bowl,probable,accepted
IBI-D97F4DC17DD3,Waller 2022: Ford/Ten-Ami 2012,whole_bowl,probable,accepted
IBI-D9E94A290BE6,British Museum 108820: incantation bowl,whole_bowl,probable,unassessed
IBI-D9E9C4FD2C24,Hilprecht Collection HS 3044,whole_bowl,confirmed,accepted
IBI-DAA9CA20E17D,104M,whole_bowl,probable,accepted
IBI-DABD44C9BD10,British Museum 103360: incantation bowl; lid,whole_bowl,probable,unassessed
IBI-DAF65A02CE3D,Apotropaic index Ellis3,uncertain,candidate,unassessed
IBI-DB6683F21ED5,Yale Babylonian Collection YBC 2359,whole_bowl,confirmed,accepted
IBI-DB735219142A,Apotropaic index YBC2393,uncertain,candidate,unassessed
IBI-DB780150F56E,Apotropaic index MS2053/13,uncertain,candidate,unassessed
IBI-DC2AA7C32F36,TimeLine Auctions 2026 lot 213,whole_bowl,candidate,unassessed
IBI-DC2AF9B46657,Schøyen MS 2053/56 (context citation),uncertain,candidate,unassessed
IBI-DC36E80A1951,CBS 9005,whole_bowl,probable,accepted
IBI-DC4CC92ABDB9,British Museum 113187: incantation bowl,whole_bowl,probable,unassessed
IBI-DC6868391777,Schøyen MS 2053/13 (context citation),uncertain,candidate,unassessed
IBI-DC69D2C0C3B3,BM 91718,whole_bowl,probable,accepted
IBI-DCA253EBA01A,Nippur Excavations 10,whole_bowl,probable,accepted
IBI-DCB180CAB0CD,InscriptiFact dataset 15259844,uncertain,candidate,unassessed
IBI-DD170995141F,Ostracon / Trocadero item 1495910,whole_bowl,candidate,pseudo_script
IBI-DD2809A820A3,Apotropaic index MS2053/250,uncertain,candidate,unassessed
IBI-DD32F3954512,Apotropaic index MS2053/257,uncertain,candidate,unassessed
IBI-DD4107304D3A,British Museum 91744: incantation bowl,whole_bowl,probable,unassessed
IBI-DD441C1D4C62,British Museum 91737: incantation bowl,whole_bowl,probable,unassessed
IBI-DD8AA3CB0C93,NLI Klagsbald donation component 7,whole_bowl,candidate,unassessed
IBI-DDC4E29E455A,Penn B9012: Hebrew Bowl,whole_bowl,candidate,unassessed
IBI-DE1788B94612,Apotropaic index MS2053/242,uncertain,candidate,unassessed
IBI-DE76B61B6C76,Waller 2022: MS 2053/130,whole_bowl,probable,accepted
IBI-DE794FBC9282,NLI incantation bowl 144 (Ms. Heb. 9467.177),whole_bowl,confirmed,unassessed
IBI-DEA42CB64B86,Apotropaic index BM011A,fragment,candidate,unassessed
IBI-DEBC8A1B560A,027A,whole_bowl,probable,accepted
IBI-DEDC98D3F366,CBS 2920,whole_bowl,probable,accepted
IBI-DF04AC9DDBFB,CBS 16090,whole_bowl,probable,accepted
IBI-DF07D8BFA2A2,Waller 2022: S-446,whole_bowl,probable,accepted
IBI-DF0DD1DEA8B0,Penn B13191: Hebrew Bowl,fragment,candidate,unassessed
IBI-DF5CD82C866D,Schøyen MS 1928/14 (context citation),uncertain,candidate,unassessed
IBI-E0372BE85045,Apotropaic index Mous117,uncertain,candidate,unassessed
IBI-E088FE342AE5,Freeman's/Hindman 2022 lot 24 Breisblatt bowl,whole_bowl,candidate,unassessed
IBI-E08DF7A05D36,Penn B2965A: Hebrew Bowl,whole_bowl,candidate,unassessed
IBI-E10F6716C2C1,CBS 16019,whole_bowl,probable,accepted
IBI-E1144204BA40,Penn B2957: Hebrew Bowl,fragment,candidate,unassessed
IBI-E132B79EADD2,British Museum 91725: incantation bowl,whole_bowl,probable,unassessed
IBI-E135C0EA9CED,CBS 2952,whole_bowl,probable,accepted
IBI-E17277F38148,Apotropaic index Mous59,uncertain,candidate,unassessed
IBI-E179BADB3761,Penn B16018: Hebrew Bowl,whole_bowl,candidate,unassessed
IBI-E17B1F186F59,Apotropaic index CAIB69,uncertain,candidate,unassessed
IBI-E18000741DAB,Waller 2022: HS 3030,whole_bowl,probable,accepted
IBI-E1A342BA217A,NLI incantation bowl 105 (Ms. Heb. 9467.18),whole_bowl,confirmed,unassessed
IBI-E1D0E790302A,Apotropaic index Mous102,uncertain,candidate,unassessed
IBI-E20EB1F7EAB4,MAU 2464,whole_bowl,probable,accepted
IBI-E2176E40ECE2,Schøyen MS 2053/52 (context citation),uncertain,candidate,unassessed
IBI-E23B46226CD2,Apollo catalogue 10068 lot 270 component 3,fragment,candidate,unassessed
IBI-E24EF470E162,Bonhams bonham10350 lot 58 bowl,whole_bowl,candidate,unassessed
IBI-E27F43D96092,Apotropaic index YBC2359,uncertain,candidate,unassessed
IBI-E2C3AD20FE3B,Apotropaic index MS1927/16,uncertain,candidate,unassessed
IBI-E2E80DC27E79,Waller 2022: Isbell 35,whole_bowl,probable,accepted
IBI-E2FD8C520106,Schøyen MS 2053/182 (context citation),uncertain,candidate,unassessed
IBI-E3268823DA64,Penn B2969A: Hebrew Bowl,fragment,candidate,unassessed
IBI-E3AB303D9346,Apotropaic index BM002A,uncertain,candidate,unassessed
IBI-E3B2B21257C2,125Ps,whole_bowl,probable,pseudo_script
IBI-E3F8EB732ACD,NLI incantation bowl 91 (Ms. Heb. 9467.184),whole_bowl,confirmed,unassessed
IBI-E44584B3B490,Penn B16001: Hebrew Bowl,fragment,candidate,unassessed
IBI-E4602FCF2E34,Smelik 1978 Allard Pierson bowl,whole_bowl,probable,accepted
IBI-E494B531A0F1,Apollo catalogue 10068 lot 273 component 5,fragment,candidate,unassessed
IBI-E4F58D851CFF,Penn B2729: Ostracon,fragment,candidate,unassessed
IBI-E501E80DA715,Waller 2022: JBA 104,whole_bowl,probable,accepted
IBI-E50FA737EDB0,Waller 2022: M 1,whole_bowl,probable,accepted
IBI-E5149EBE4E1A,Apotropaic index MS2053/89,uncertain,candidate,unassessed
IBI-E562B6AEEFAF,British Museum 127398: incantation bowl,whole_bowl,probable,unassessed
IBI-E5775846E3D3,Apotropaic index Mous121,uncertain,candidate,unassessed
IBI-E5A7736DE977,British Museum 135438: incantation bowl,whole_bowl,probable,unassessed
IBI-E5D2EA2E4CBA,Penn B8693: Hebrew Bowl,fragment,candidate,unassessed
IBI-E5D486121C82,Penn B316: Hebrew Bowl,fragment,candidate,unassessed
IBI-E5EEB5C82284,Schøyen MS 2053/80 (context citation),uncertain,candidate,unassessed
IBI-E6466DF808EF,Penn B9017: Hebrew Bowl,fragment,candidate,unassessed
IBI-E654464B246D,British Museum 91723: incantation bowl; lid,whole_bowl,probable,unassessed
IBI-E6782748AAC0,052A,whole_bowl,probable,accepted
IBI-E69AB24A0E1B,British Museum 91769: incantation bowl,whole_bowl,probable,unassessed
IBI-E71CB0A6665B,Waller 2022: JBA 46,whole_bowl,probable,accepted
IBI-E74F7ED591BD,CBS 16041,whole_bowl,probable,accepted
IBI-E7665D140173,NLI incantation bowl 158 (Ms. Heb. 9467.34),whole_bowl,confirmed,unassessed
IBI-E775936CD191,Moussaieff 11 (A/2),whole_bowl,probable,accepted
IBI-E79D5A7D8874,Penn B2956: Hebrew Bowl,whole_bowl,candidate,unassessed
IBI-E79DBD4D7298,Tell Baruda C10-117,whole_bowl,confirmed,accepted
IBI-E7D69DF2BF21,NLI incantation bowl 215 (Ms. Heb. 9467.37),whole_bowl,confirmed,unassessed
IBI-E7EC27018B71,Waller 2022: MS 2053/7,whole_bowl,probable,accepted
IBI-E7FD7B539EF2,Apotropaic index IM9726,uncertain,candidate,unassessed
IBI-E806B8E31887,NLI incantation bowl 198 (Ms. Heb. 9467.194),whole_bowl,confirmed,unassessed
IBI-E83C8B4B906E,Auktionshaus Stahl lot 708 / record 100788,whole_bowl,candidate,unassessed
IBI-E8943A27A06D,Bodmer Library Geneva no. 51,whole_bowl,probable,accepted
IBI-E8CF3DBF81FE,"British Museum 1980,0415.31.a: incantation bowl",whole_bowl,probable,unassessed
IBI-E8D5C937721A,Waller 2022: CAMIB 23,whole_bowl,probable,accepted
IBI-E969578812D4,Penn B2929: Hebrew Bowl,fragment,candidate,unassessed
IBI-E98FB8675047,NLI incantation bowl 62 (Ms. Heb. 9467.40),whole_bowl,confirmed,unassessed
IBI-EA02F6D6DE6D,Hyvernat Syriac Christian-formula bowl,lost_or_unlocated,probable,unassessed
IBI-EA23C411BAE1,Vorderasiatisches Museum VA Bab 04366 a,whole_bowl,confirmed,accepted
IBI-EA3220CE80B7,Apotropaic index AMBB11,uncertain,candidate,unassessed
IBI-EA7636538267,Waller 2022: AMB 12a,whole_bowl,probable,accepted
IBI-EA9A06E1E283,Penn B2926: Hebrew Bowl,fragment,candidate,unassessed
IBI-EAAB69175FA2,Penn B2935: Hebrew Bowl,fragment,candidate,unassessed
IBI-EAC93F99B3EE,068A,whole_bowl,probable,accepted
IBI-EAD314664C90,Waller 2022: JBA 101,whole_bowl,probable,accepted
IBI-EADE8579FC26,Waller 2022: M 156,whole_bowl,probable,accepted
IBI-EB0446000ACB,Wellcome photograph M0003378 — unidentified Mandaic bowl,lost_or_unlocated,candidate,unassessed
IBI-EB3CA24423AE,Waller 2022: IM 212092,whole_bowl,probable,accepted
IBI-EB5FA4903D0B,HS 3070,whole_bowl,probable,accepted
IBI-EB68D29ACDD1,Apotropaic index MSFB20,uncertain,candidate,unassessed
IBI-EB8FD1657B4A,"British Museum 1980,0415.31.q: incantation bowl",whole_bowl,probable,unassessed
IBI-EB93A19465D8,NLI incantation bowl 48 (Ms. Heb. 9467.191),whole_bowl,confirmed,unassessed
IBI-EC0E16D4FA07,Tell Baruda Area 21 northwest-threshold bowl,whole_bowl,confirmed,accepted
IBI-EC5763E4FB05,M26,whole_bowl,probable,unassessed
IBI-EC63644C31CF,Apotropaic index Ellis7,uncertain,candidate,unassessed
IBI-EC715AA4A6F2,140Ps,whole_bowl,probable,pseudo_script
IBI-ECB69FB91460,Apotropaic index BM057A,fragment,candidate,unassessed
IBI-ECC55FD866D4,Penn B16098: Hebrew Bowl,fragment,candidate,unassessed
IBI-ECDFA73054C5,Penn B8833: Hebrew Bowl,whole_bowl,candidate,unassessed
IBI-ECFA9901D4DC,Penn B16072: Hebrew Bowl,whole_bowl,candidate,unassessed
IBI-ED015F40EEB2,Penn 85-48-910: Hebrew Bowl,whole_bowl,candidate,unassessed
IBI-ED159D8FF42E,Apotropaic index Mous131,uncertain,candidate,unassessed
IBI-ED5E1290070C,Penn B16089: Hebrew Bowl,fragment,candidate,unassessed
IBI-ED9B72ED148A,Apotropaic index CAIB18,uncertain,candidate,unassessed
IBI-EDA9596CB28F,Royal Ontario Museum bowl for Anush Busai,whole_bowl,candidate,accepted
IBI-EDB5B0136C6B,NLI incantation bowl 157 (Ms. Heb. 9467.29),whole_bowl,confirmed,unassessed
IBI-EE02A425AA93,British Museum 91773: incantation bowl,whole_bowl,probable,unassessed
IBI-EE139B7E7FDB,Apotropaic index AIT14,uncertain,candidate,unassessed
IBI-EE8A4EB0F62A,NLI incantation bowl 191 (Ms. Heb. 9467.166),whole_bowl,confirmed,unassessed
IBI-EED72B72DD39,Apotropaic index MS2053/150,uncertain,candidate,unassessed
IBI-EEEC822AEAA9,Penn B6361: Hebrew Bowl Sherd,whole_bowl,candidate,unassessed
IBI-EEFD60F2F08B,Apollo catalogue 10068 lot 271,whole_bowl,candidate,unassessed
IBI-EEFDE12D19ED,Apollo 2026-06-21 lot 1200 component 1,whole_bowl,candidate,unassessed
IBI-EF1FDA96620B,081M,whole_bowl,probable,accepted
IBI-EF45888FA247,NLI incantation bowl 99 (Ms. Heb. 9467.84),whole_bowl,confirmed,unassessed
IBI-EF74C758E075,Apotropaic index Gor8,uncertain,candidate,unassessed
IBI-EF961ABD5F3A,Kelsey DiSKO 2018.01.0502,whole_bowl,candidate,pseudo_script
IBI-EFC743E3AEA8,Apotropaic index C11-3,uncertain,candidate,unassessed
IBI-F00ACFE82A97,Penn B16019: Hebrew Bowl,fragment,candidate,unassessed
IBI-F0173A70F87B,Apotropaic index GorH,uncertain,candidate,unassessed
IBI-F031C44350BC,Schøyen MS 2053/230 (context citation),uncertain,candidate,unassessed
IBI-F06701DB64E4,Apotropaic index BM009A,uncertain,candidate,unassessed
IBI-F094DE6A4112,CBS 9012,whole_bowl,probable,accepted
IBI-F0BBD6278BCB,Penn B13186: Hebrew Bowl,whole_bowl,candidate,pseudo_script
IBI-F11690D2FBFA,Waller 2022: De Menil,whole_bowl,probable,accepted
IBI-F1230736EC4F,Apotropaic index MS1928/1,uncertain,candidate,unassessed
IBI-F1591D764E61,013A,whole_bowl,probable,accepted
IBI-F15D0338AECB,096M,whole_bowl,probable,accepted
IBI-F1AC0A03B480,NLI incantation bowl 109 (Ms. Heb. 9467.38),whole_bowl,confirmed,unassessed
IBI-F1AD825B3715,103M,whole_bowl,probable,accepted
IBI-F1D484247D42,Finnish National Museum Syriac bowl,whole_bowl,probable,unassessed
IBI-F1D80CD0C95B,Penn B16103: Hebrew Bowl,fragment,candidate,unassessed
IBI-F1E0D71CB699,Penn B16082: Hebrew Bowl,whole_bowl,candidate,unassessed
IBI-F20A466A7863,Penn B16102: Hebrew Bowl,fragment,candidate,unassessed
IBI-F244D3894172,MS 2055/16,whole_bowl,candidate,accepted
IBI-F2503CED956E,Penn B6333: Hebrew Bowl,fragment,candidate,unassessed
IBI-F265C68D7662,British Museum 91731: incantation bowl,whole_bowl,probable,unassessed
IBI-F26E4DF4F7C2,British Museum 102582: incantation bowl,whole_bowl,probable,unassessed
IBI-F2B52FC0533E,HS 3018,whole_bowl,probable,accepted
IBI-F2B94432A053,127Ps,whole_bowl,probable,pseudo_script
IBI-F2C28856C4B8,Artemis Gallery item 153273 — Bidsquare 1675202,whole_bowl,candidate,unassessed
IBI-F2C9E1AF8B6B,Apotropaic index BM018A,fragment,candidate,unassessed
IBI-F2F158C0F5DD,Apotropaic index MS2053/185,uncertain,candidate,unassessed
IBI-F30A83910A20,British Museum 91711: incantation bowl,whole_bowl,probable,unassessed
IBI-F31466D98A10,Penn B16095: Hebrew Bowl,fragment,candidate,unassessed
IBI-F34C9BA54074,CBS 85-48-953,whole_bowl,probable,accepted
IBI-F35968ED418B,NLI incantation bowl 156 (Ms. Heb. 9467.24),whole_bowl,confirmed,unassessed
IBI-F36154E31E2B,Schøyen MS 1927/64 (context citation),uncertain,candidate,unassessed
IBI-F36B9EC67F96,Waller 2022: JBA 08,whole_bowl,probable,accepted
IBI-F36E43C5908B,Penn 85-48-902: Hebrew Bowl,whole_bowl,candidate,unassessed
IBI-F3A1502F1715,001A,whole_bowl,probable,accepted
IBI-F49584A8B7FB,Royal Ontario Museum DA 5,whole_bowl,confirmed,accepted
IBI-F4BA4A2AB6FC,Apotropaic index Mous145,uncertain,candidate,unassessed
IBI-F4BAF2DE2A59,CBS 2943,whole_bowl,probable,accepted
IBI-F4C8268E41B1,Apotropaic index Gel2A,uncertain,candidate,unassessed
IBI-F4CE06D878F5,NLI incantation bowl 150 (Ms. Heb. 9467.201),whole_bowl,confirmed,unassessed
IBI-F504A461BD0B,Waller 2022: CAMIB 35,whole_bowl,probable,accepted
IBI-F5126391366F,Apotropaic index AIT27,uncertain,candidate,unassessed
IBI-F5189CBA8227,CBS 2923,whole_bowl,probable,accepted
IBI-F51D33F280A7,Ābgīne Museum 108–S,whole_bowl,confirmed,accepted
IBI-F530DDB24D54,NLI incantation bowl 209 (Ms. Heb. 9467.6),whole_bowl,confirmed,unassessed
IBI-F54E7E649DE1,024A,whole_bowl,probable,accepted
IBI-F5E127D75C58,British Museum 91765: incantation bowl,whole_bowl,probable,unassessed
IBI-F5F8DCA8A78E,Apotropaic index MSFB21,uncertain,candidate,unassessed
IBI-F5FC6A0EA9AA,NLI incantation bowl 127 (Ms. Heb. 9467.111),whole_bowl,confirmed,unassessed
IBI-F6360E44F685,Apotropaic index MS2053/174,uncertain,candidate,unassessed
IBI-F6520BBAE95D,VA.Bab.2835,whole_bowl,probable,accepted
IBI-F660717BBCBB,098M,whole_bowl,probable,accepted
IBI-F67D2C05B209,Apotropaic index Mous164,uncertain,candidate,unassessed
IBI-F6ED61BF3D88,CBS 3997,whole_bowl,probable,accepted
IBI-F6FEC5BE0085,Apotropaic index AMBB4,uncertain,candidate,unassessed
IBI-F72F1F87420C,British Museum 114398: incantation bowl,whole_bowl,probable,unassessed
IBI-F79FCAAA16DA,Apotropaic index MS2053/237,uncertain,candidate,unassessed
IBI-F7A591665533,Apotropaic index YAMB,fragment,candidate,unassessed
IBI-F7D69E185A23,Apotropaic index GelS,uncertain,candidate,unassessed
IBI-F7E779F89D76,NLI incantation bowl 22 (Ms. Heb. 9467.86),whole_bowl,confirmed,unassessed
IBI-F823DBF4529D,Hilprecht Collection HS 3037,whole_bowl,confirmed,accepted
IBI-F8411BD03E1F,NLI incantation bowl 192 (Ms. Heb. 9467.170),whole_bowl,confirmed,unassessed
IBI-F84904CC6EC4,Apotropaic index MS2053/110,uncertain,candidate,unassessed
IBI-F881E6B2BBA7,British Museum 91741: incantation bowl,whole_bowl,probable,unassessed
IBI-F8AAEA800567,Hilprecht Collection HS 3013,whole_bowl,confirmed,accepted
IBI-F8F5A0B86451,Penn B16033: Hebrew Bowl,fragment,candidate,unassessed
IBI-F901D66AA611,134Ps,whole_bowl,probable,pseudo_script
IBI-F919AA6121E3,009A,whole_bowl,probable,accepted
IBI-F93FDA2B10F9,NLI incantation bowl 153 (Ms. Heb. 9467.11),whole_bowl,confirmed,unassessed
IBI-F95732BB308E,003A,whole_bowl,probable,accepted
IBI-F9670CEFD548,Penn B9008: Hebrew Bowl,whole_bowl,candidate,unassessed
IBI-F98B752368B9,Apotropaic index BM006A,fragment,candidate,unassessed
IBI-F99341421AE4,NLI incantation bowl 174 (Ms. Heb. 9467.97),whole_bowl,confirmed,unassessed
IBI-F9F8F8D64319,Apotropaic index BM040A,uncertain,candidate,unassessed
IBI-F9FFC9C1FCD8,MS 2055/25,whole_bowl,candidate,accepted
IBI-FA62D628951C,Apotropaic index CAIB63,uncertain,candidate,unassessed
IBI-FA688CC07117,Penn B16085: Hebrew Bowl,whole_bowl,candidate,unassessed
IBI-FAA4FDD745DD,Waller 2022: Isbell 24,whole_bowl,probable,accepted
IBI-FAA7F16C75C2,Apotropaic index MS2053/206,uncertain,candidate,unassessed
IBI-FADE4346A022,Apotropaic index MS1927/51,uncertain,candidate,unassessed
IBI-FAF1F23148E0,Apotropaic index Gor11,uncertain,candidate,unassessed
IBI-FB21D28897C8,Penn B2947: Hebrew Bowl,whole_bowl,candidate,unassessed
IBI-FB27FC73F393,Formerly Aaron and Wolfe Collections,whole_bowl,probable,accepted
IBI-FB4728FAE732,Waller 2022: JBA 75,whole_bowl,probable,accepted
IBI-FB4EFCE9FCBD,British Museum 91754: incantation bowl,whole_bowl,probable,unassessed
IBI-FB5555B823FD,NLI incantation bowl 15 (Ms. Heb. 9467.57),whole_bowl,confirmed,unassessed
IBI-FBB33FFB180F,Penn B3998: Hebrew Bowl,whole_bowl,candidate,unassessed
IBI-FBDF71A4917F,Apotropaic index GelA,uncertain,candidate,unassessed
IBI-FBE1D4688507,Penn B9015: Hebrew Bowl,fragment,candidate,unassessed
IBI-FBE2D8234311,Penn 85-48-909: Hebrew Bowl,whole_bowl,candidate,unassessed
IBI-FC1C4A33DDF5,"Said Ali Madhloom 11.6 cm Aramaic bowl, Artemission 31.36716",whole_bowl,candidate,unassessed
IBI-FC231B673E0D,Apollo catalogue 10068 lot 273 component 3,fragment,candidate,unassessed
IBI-FC4FD2D26B71,NLI incantation bowl 161 (Ms. Heb. 9467.47),whole_bowl,confirmed,unassessed
IBI-FC553C8D4F9B,Penn B6344: Hebrew Bowl,fragment,candidate,unassessed
IBI-FC756E58C80D,Waller 2022: JBA 98,whole_bowl,probable,accepted
IBI-FCB1031090E2,British Museum 91745: incantation bowl,whole_bowl,probable,unassessed
IBI-FD3729E6B891,BM 135563,whole_bowl,probable,accepted
IBI-FDB589C9B13A,Potomack Company April 2026 Aramaic bowl,whole_bowl,candidate,unassessed
IBI-FE2547B9A003,Penn 85-48-911: Hebrew Bowl,whole_bowl,candidate,unassessed
IBI-FE336AFE73F5,Apotropaic index AIT13,uncertain,candidate,unassessed
IBI-FE8055483D66,NLI incantation bowl 59 (Ms. Heb. 9467.56),whole_bowl,confirmed,unassessed
IBI-FEAC2F4016A5,MS 2053/33,whole_bowl,probable,accepted
IBI-FECC2E84D07B,Apotropaic index MS2053/253,uncertain,candidate,unassessed
IBI-FEF6B893A0A7,Apotropaic index MS2053/183,uncertain,candidate,unassessed
IBI-FF406F1D7BF5,T27983,whole_bowl,probable,accepted
IBI-FF6A0543E254,British Museum 91747: incantation bowl,whole_bowl,probable,unassessed
IBI-FFC896350AFE,Penn B16047: Hebrew Bowl,fragment,candidate,unassessed
IBI-FORD2014-AS13,AS 13 (Ford 2014),whole_bowl,candidate,unassessed
IBI-FORD2014-DAV27,Davidovitz 27 (Ford 2014),whole_bowl,candidate,unassessed
