id,source_type,title,authors,issued_year,citation,doi,isbn
SRC-005CE5B783CF,museum_record,Hebrew Bowl 85-48-902,,,"Penn Museum Online Collections, 85-48-902, web object 77485",,
SRC-009F8A38F4F0,museum_record,Hebrew Bowl B2935,,,"Penn Museum Online Collections, B2935, web object 242377",,
SRC-0143DF58AF23,museum_record,Hebrew Bowl Sherd B6354,,,"Penn Museum Online Collections, B6354, web object 68943",,
SRC-0148A161BFB8,museum_record,Hebrew Bowl B16028,,,"Penn Museum Online Collections, B16028, web object 277251",,
SRC-016BB1B186B2,museum_record,קערת השבעה מס' 20,National Library of Israel,,"National Library of Israel, קערת השבעה מס' 20, Ms. Heb. 9467.77, MMS 997008712399305171.",,
SRC-01E58FA07682,article,A New Testament Text on a Syriac Incantation Bowl: Eph. 6:10–17 on IBC 3,Joseph E. Sanzo; Nils H. Korsvoll,2017,"Sanzo, Joseph E., and Nils H. Korsvoll. ‘A New Testament Text on a Syriac Incantation Bowl: Eph. 6:10–17 on IBC 3.’ Vigiliae Christianae 71 (2017): 417–432.",10.1163/15700720-12341310,
SRC-021615946E57,museum_record,Hebrew Bowl 85-48-906,,,"Penn Museum Online Collections, 85-48-906, web object 47074",,
SRC-02623DB1658A,museum_record,Hebrew Bowl B16097,,,"Penn Museum Online Collections, B16097, web object 87498",,
SRC-02B3A526F3D7,other,"Hannu Juusola. — Linguistic Peculiarities in the Aramaic Magic Bowl Texts, 1999 («Studia Orientalia»), 86","Schattner-Rieser, Ursula",2004,"Hannu Juusola. — Linguistic Peculiarities in the Aramaic Magic Bowl Texts, 1999 («Studia Orientalia»), 86 (2004). OpenAlex W7115261533.",,
SRC-03395C3A94A7,museum_record,Mandaic Bowl,Cincinnati Skirball Museum,2021,"Cincinnati Skirball Museum, ‘Mandaic Bowl,’ A/1331, object feature published 17 July 2021.",,
SRC-0383E0E0A2F2,article,An Aramaic Exorcism,Gordon [and others; see citation],1934,———. “ An Aramaic Exorcism.” ArOr 6 (1934): 466–74.,,
SRC-03FD5BEF24F4,article,The (Continued) Online Trade of Aramaic Magic Bowls from Iraq,Nils H. Korsvoll,2020,"Korsvoll, Nils H. ‘The (Continued) Online Trade of Aramaic Magic Bowls from Iraq.’ Journal of Art Crime 23 (2020): 17–32.",,
SRC-04B8D14FB2C9,article,Notes on Semitic Epigraphy,"Shileyko, V. K",1921,"Shileyko, V. K. “Notes on Semitic Epigraphy” [Russian]. Izvestija Rossijskoj Akademii materialnoj kultury 1 (1921): 103–10.",,
SRC-05600A08834D,article,Once Again on the Unique Incantation Bowl BM 135563,Theodore Kwasman; Christa Müller-Kessler,2012,Once Again on the Unique Incantation Bowl BM 135563 (2012). Crossref DOI 10.7817/jameroriesoci.132.2.0189.,10.7817/jameroriesoci.132.2.0189,
SRC-05619C73E4FD,museum_record,Ein Fragment einer Zauberschale(?) aus Nippur,"Frau Professor Hilprecht Collection of Babylonian Antiquities, Friedrich Schiller University Jena",,"Museen Thüringen, ‘Ein Fragment einer Zauberschale(?) aus Nippur,’ HS 3068, portal record dc00001097, accessed 4 September 2026.",,
SRC-05B148D24B4A,museum_record,Hebrew Bowl B2967,,,"Penn Museum Online Collections, B2967, web object 226650",,
SRC-05BB967B7F98,chapter,Une nouvelle coupe magique araméenne,"Abousamra, Gaby",2010,"Abousamra, Gaby. “Une nouvelle coupe magique araméenne.” In Magie et divination dans les cultures de l’Orient: Actes du colloque organisé par l’Institut du Proche-Orient ancien du Collège de France, la Société asiatique et le CNRS (UMR 7192) les 19 et 20 juin 2008, Paris, Collège de France, ed. Jean-Marie Durand and Antoine Jacquet, 109–21. Cahiers de l’Institut du Proche-Orient ancien du Collège de France 3. Paris: J. Maisonneuve, 2010.",,
SRC-05DFD4EEDD2F,museum_record,קערת השבעה מס' 60,National Library of Israel,,"National Library of Israel, קערת השבעה מס' 60, Ms. Heb. 9467.68, MMS 997008712407505171.",,
SRC-06ED81256DF5,auction_record,Aramaic Terracotta Magic Bowl with Cursive Script — lot 1077,TimeLine Auctions,,"TimeLine Auctions, lot 1077, record 224609, “Aramaic Terracotta Magic Bowl with Cursive Script.” Accessed 4 September 2026.",,
SRC-077A37E87487,museum_record,incantation bowl: 91713,The British Museum,,"The British Museum, Collections Online, incantation bowl 91713, Segal 001A; accessed 2026-09-04.",,
SRC-078B374442E9,museum_record,קערת השבעה מס' 193,National Library of Israel,,"National Library of Israel, קערת השבעה מס' 193, Ms. Heb. 9467.174, MMS 997008712399205171.",,
SRC-0814FE138CE9,museum_record,Hebrew Bowl B16052,,,"Penn Museum Online Collections, B16052, web object 97097",,
SRC-083BA71B9B60,museum_record,קערת השבעה מס' 162,National Library of Israel,,"National Library of Israel, קערת השבעה מס' 162, Ms. Heb. 9467.51, MMS 997008712408205171.",,
SRC-08AB5EF50A0D,museum_record,Hebrew Bowl B16048,,,"Penn Museum Online Collections, B16048, web object 312135",,
SRC-08CD8D5C9BC7,museum_record,Hebrew Bowl B8823,,,"Penn Museum Online Collections, B8823, web object 47350",,
SRC-08D27B903CEB,museum_record,Hebrew Bowl Sherd B6350,,,"Penn Museum Online Collections, B6350, web object 198332",,
SRC-09196BAF91BA,thesis,Edition and Analysis of Twenty-Five Unpublished Aramaic Magic Bowl Texts in the Collection of the Vorderasiatisches Museum (Berlin),Anne Burberry,2020,Edition and Analysis of Twenty-Five Unpublished Aramaic Magic Bowl Texts in the Collection of the Vorderasiatisches Museum (Berlin) (2020). OpenAlex W3101650490.,,
SRC-09283C43A93B,museum_record,Hebrew Bowl B16043,,,"Penn Museum Online Collections, B16043, web object 14388",,
SRC-092A7DDA0056,repository,Incantation bowl with Mandaic inscription,Sasanian,,Incantation bowl with Mandaic inscription. Internet Archive item mma_incantation_bowl_with_mandaic_inscription_322404.,,
SRC-095962E3A0BB,museum_record,Hebrew Bowl B16016,,,"Penn Museum Online Collections, B16016, web object 284511",,
SRC-099B1FA96CF2,museum_record,קערת השבעה מס' 210,National Library of Israel,,"National Library of Israel, קערת השבעה מס' 210, Ms. Heb. 9467.8, MMS 997008712410105171.",,
SRC-09F42D0EA81D,article,"Moriggi, Marco: A Corpus of Syriac Incantation Bowls. Syriac Magical Texts from Late-Antique Mesopotamia. 2014.",Erica C. D. Hunter,2018,"Moriggi, Marco: A Corpus of Syriac Incantation Bowls. Syriac Magical Texts from Late-Antique Mesopotamia. 2014. (2018). Crossref DOI 10.1515/olzg-2018-0017.",10.1515/olzg-2018-0017,
SRC-0A0B34FCB8C4,museum_record,קערת השבעה מס' 118,National Library of Israel,,"National Library of Israel, קערת השבעה מס' 118, Ms. Heb. 9467.75, MMS 997008712547305171.",,
SRC-0ACFB1709242,museum_record,Hebrew Bowl B2922,,,"Penn Museum Online Collections, B2922, web object 257210",,
SRC-0B38A2CC8806,article,Bol magique avec inscription araméenne,Abousamra [and others; see citation],2016,"———, and André Lemaire. “Bol magique avec inscription araméenne.” Semitica 58 (2016): 247–55.",,
SRC-0B3B139F8A63,museum_record,קערת השבעה מס' 85,National Library of Israel,,"National Library of Israel, קערת השבעה מס' 85, Ms. Heb. 9467.160, MMS 997008712402405171.",,
SRC-0B6C0E1133EF,book,Jüdisch-babylonische Zaubertexte: Herausgegeben und Erklärt,"Stübe, Rudolf",1895,"Stübe, Rudolf. Jüdisch-babylonische Zaubertexte: Herausgegeben und Erklärt . Halle: J. Krause, 1895.",,
SRC-0B9E40B67D88,article,An Incantation Bowl from the Matenadaran,Gaby Abousamra,2019,"Abousamra, Gaby. ‘An Incantation Bowl from the Matenadaran.’ Semitica 61 (2019): 139–146. DOI: 10.2143/SE.61.0.3286687.",10.2143/SE.61.0.3286687,
SRC-0BB014E762FF,museum_record,Hebrew Bowl B2941,,,"Penn Museum Online Collections, B2941, web object 189411",,
SRC-0BC03D117630,museum_record,incantation bowl: 113189,The British Museum,,"The British Museum, Collections Online, incantation bowl 113189, Segal 139P; accessed 2026-09-04.",,
SRC-0BFD41B92D25,museum_record,Hebrew Bowl B2959,,,"Penn Museum Online Collections, B2959, web object 193276",,
SRC-0C4E120C4D5D,museum_record,קערת השבעה מס' 11,National Library of Israel,,"National Library of Israel, קערת השבעה מס' 11, Ms. Heb. 9467.41, MMS 997008712403105171.",,
SRC-0C4E39F5E15F,article,Linguistic Peculiarities in the Aramaic Magic Bowl Texts,Alison G. Salvesen,2002,Linguistic Peculiarities in the Aramaic Magic Bowl Texts (2002). Crossref DOI 10.18647/2443/jjs-2002.,10.18647/2443/jjs-2002,
SRC-0C4F68A28B03,museum_record,Hebrew Bowl B16045,,,"Penn Museum Online Collections, B16045, web object 68949",,
SRC-0CAE1EF4AE7B,museum_record,Hebrew Bowl 85-48-917,,,"Penn Museum Online Collections, 85-48-917, web object 290797",,
SRC-0D5A017F426B,article,An Aramaic Incantation Bowl from Borsippa,Tapani Harviainen,1981,"Harviainen, Tapani. ‘An Aramaic Incantation Bowl from Borsippa.’ Studia Orientalia (1981).",,
SRC-0D8769F51A18,repository,Incantation bowl with Aramaic inscription,Sasanian,,Incantation bowl with Aramaic inscription. Internet Archive item mma_incantation_bowl_with_aramaic_inscription_322405.,,
SRC-0D8C4983AED9,article,"An Aramaic Magic Bowl for Fertility and Success in Childbirth: Lisboa, Museu da Farmácia, Inv. No. 10895",Siam Bhayro; James Nathan Ford; Dan Levene; Ortal-Paz Saar,2017,"Bhayro et al. ‘An Aramaic Magic Bowl for Fertility and Success in Childbirth: Lisboa, Museu da Farmácia, Inv. No. 10895.’ Aramaic Studies 15 (2017).",10.1163/17455227-01501002,
SRC-0D9F521F9AA2,museum_record,קערת השבעה מס' 7,National Library of Israel,,"National Library of Israel, קערת השבעה מס' 7, Ms. Heb. 9467.19, MMS 997008712404805171.",,
SRC-0DE38025EFAE,article,On Early Jewish Literature and the Aramaic Magic Bowls,Siam Bhayro,2015,On Early Jewish Literature and the Aramaic Magic Bowls (2015). Crossref DOI 10.1163/17455227-01301005.,10.1163/17455227-01301005,
SRC-0E239F9740F6,museum_record,Eine Zauberschale aus Nippur,"Frau Professor Hilprecht Collection of Babylonian Antiquities, Friedrich Schiller University Jena",,"Museen Thüringen, ‘Eine Zauberschale aus Nippur,’ HS 3048, portal record dc00001091, accessed 4 September 2026.",,
SRC-0E3CF64AADCA,article,"""Mandaic Incantation: lead rolls and magic bowls""",YAMAUCHI Edwin,2005,"""Mandaic Incantation: lead rolls and magic bowls"" (2005). Crossref DOI 10.2143/aram.11.1.504467.",10.2143/aram.11.1.504467,
SRC-0ED4935B6606,museum_record,Eine Zauberschale aus Nippur,"Frau Professor Hilprecht Collection of Babylonian Antiquities, Friedrich Schiller University Jena",,"Museen Thüringen, ‘Eine Zauberschale aus Nippur,’ HS 3050, portal record dc00001093, accessed 4 September 2026.",,
SRC-0EFFDC54B348,dealer_record,Aramaic Incantation Bowl,Christoph Bacher Ancient Art,,"Christoph Bacher Ancient Art, ‘Aramaic Incantation Bowl,’ ref. 6412, accessed 4 September 2026.",,
SRC-0F771B1F1909,article,Two New Aramaic Incantation Bowls,Isbell [and others; see citation],1976,———. “Two New Aramaic Incantation Bowls.” BASOR 223 (1976): 15–23.,,
SRC-0F8B82A71EC7,auction_record,Aramaic Incantation Bowl — Inscribed with Protective Spells,Catawiki via Barnebys,2025,"Catawiki, closed 19 September 2025; Barnebys record mx2DTW9-621490181.",,
SRC-0FC1E1F46934,museum_record,Hebrew Bowl 85-48-912,,,"Penn Museum Online Collections, 85-48-912, web object 279284",,
SRC-0FE31B18B496,museum_record,Hebrew Bowl B16064,,,"Penn Museum Online Collections, B16064, web object 108790",,
SRC-1116D4D1CA25,museum_record,Hebrew Bowl B16001,,,"Penn Museum Online Collections, B16001, web object 179232",,
SRC-1165BD7197BA,museum_record,Sherd B2351,,,"Penn Museum Online Collections, B2351, web object 206305",,
SRC-1197DC220F81,museum_record,Hebrew Bowl B2974,,,"Penn Museum Online Collections, B2974, web object 293964",,
SRC-1266ACD6AF22,museum_record,Incantation bowl with Aramaic inscription,,,"The Metropolitan Museum of Art, object 32.150.90 (https://www.metmuseum.org/art/collection/search/322405)",,
SRC-1287F81AAABD,museum_record,Eine Zauberschale aus Nippur,"Frau Professor Hilprecht Collection of Babylonian Antiquities, Friedrich Schiller University Jena",,"Museen Thüringen, ‘Eine Zauberschale aus Nippur,’ HS 3055, portal record dc00001094, accessed 4 September 2026.",,
SRC-130E5CC7BE14,museum_record,קערת השבעה מס' 22,National Library of Israel,,"National Library of Israel, קערת השבעה מס' 22, Ms. Heb. 9467.86, MMS 997008712398905171.",,
SRC-133F4B594C21,museum_record,Hebrew Bowl B16055,,,"Penn Museum Online Collections, B16055, web object 316216",,
SRC-134B12FB133A,museum_record,קערת השבעה מס' 4,National Library of Israel,,"National Library of Israel, קערת השבעה מס' 4, Ms. Heb. 9467.7, MMS 997008712405605171.",,
SRC-1372060A77E6,article,Two Magic Bowls: New Incantation Texts from Mesopotamia,"Obermann, Julian",1940,"Obermann, Julian. “Two Magic Bowls: New Incantation Texts from Mesopotamia.” AJSL 57 (1940): 1–31.",,
SRC-1375F4DCFE63,museum_record,Mandaic Incantation Bowl,Jewish Museum of Switzerland; photograph by LGLou,,"Jewish Museum of Switzerland, object JMS 1973-2; photographed by LGLou, 20 July 2021, Wikimedia Commons ‘Mandaic Incantation Bowl.’",,
SRC-14598C71E793,museum_record,קערת השבעה מס' 115,National Library of Israel,,"National Library of Israel, קערת השבעה מס' 115, Ms. Heb. 9467.63, MMS 997008712547605171.",,
SRC-14ECC955C5F3,museum_record,Hebrew Bowl B16103,,,"Penn Museum Online Collections, B16103, web object 325646",,
SRC-158756DB402D,museum_record,Hebrew Bowl B16029,,,"Penn Museum Online Collections, B16029, web object 256455",,
SRC-168BAEA3242C,museum_record,קערת השבעה מס' 120,National Library of Israel,,"National Library of Israel, קערת השבעה מס' 120, Ms. Heb. 9467.83, MMS 997008712547105171.",,
SRC-16E6FD74D61C,museum_record,Aramaic Incantation Bowls Project,Loyola Marymount University Archaeology Center,,Loyola Marymount University Archaeology Center. “Aramaic Incantation Bowls Project.” Accessed 4 September 2026.,,
SRC-172CBC220078,museum_record,Hebrew Bowl B8692,,,"Penn Museum Online Collections, B8692, web object 107954",,
SRC-172D44EE4FF0,museum_record,קערת השבעה מס' 212,National Library of Israel,,"National Library of Israel, קערת השבעה מס' 212, Ms. Heb. 9467.22, MMS 997008712409805171.",,
SRC-1781EDCFACDE,museum_record,קערת השבעה מס' 142,National Library of Israel,,"National Library of Israel, קערת השבעה מס' 142, Ms. Heb. 9467.169, MMS 997008712544905171.",,
SRC-17A7CA53F7DB,article,Arabic Magic Bowl from the Velyki Kuchugury Hillfort,Ali H. Faraj,2025,"Faraj, Ali H. ‘Arabic Magic Bowl from the Velyki Kuchugury Hillfort.’ The World of the Orient 2025, no. 2.",10.15407/orientw2025.02.081,
SRC-18F27823F3AD,museum_record,קערת השבעה מס' 125,National Library of Israel,,"National Library of Israel, קערת השבעה מס' 125, Ms. Heb. 9467.103, MMS 997008712546605171.",,
SRC-195B6B6E19A1,article,A Unique Talmudic Aramaic Incantation Bowl,Christa Müller-Kessler; Theodore Kwasman,2000,"Müller-Kessler, Christa, and Theodore Kwasman. ‘A Unique Talmudic Aramaic Incantation Bowl.’ JAOS 120 (2000): 159–165.",10.2307/605019,
SRC-19F191B3F5C5,chapter,The Study of the Jewish Babylonian Aramaic Magic Bowls: State of the Art: With a List of JBA Bowl Publications (1853–2024) and a Map of Known Excavation Sites,Daniel J. Waller,2025,"Waller, Daniel J. ‘The Study of the Jewish Babylonian Aramaic Magic Bowls: State of the Art: With a List of JBA Bowl Publications (1853–2024) and a Map of Known Excavation Sites.’ In Aramaic Incantation Bowls in Their Late Antique Jewish Contexts, 3–48, 2025. DOI: 10.2307/jj.32831083.5.",10.2307/jj.32831083.5,
SRC-1A036C59913F,museum_record,Hebrew Bowl B9006,,,"Penn Museum Online Collections, B9006, web object 88988",,
SRC-1A1CA0D8975E,museum_record,Hebrew Bowl B6345,,,"Penn Museum Online Collections, B6345, web object 28709",,
SRC-1A4FE805E509,museum_record,קערת השבעה מס' 53,National Library of Israel,,"National Library of Israel, קערת השבעה מס' 53, Ms. Heb. 9467.21, MMS 997008712408905171.",,
SRC-1A922C3F041F,article,The Jewish Babylonian Aramaic Magic Bowl BM 91767 Reconsidered,Christa Müller-Kessler,2007,"Müller-Kessler, ‘The Jewish Babylonian Aramaic Magic Bowl BM 91767 Reconsidered,’ Le Muséon 120 (2007).",10.2143/MUS.120.1.2020266,
SRC-1AA4E8BFC7B3,article,A New Aramaic Incantation Bowl,Al-Jubouri [and others; see citation],2015,———. “ A New Aramaic Incantation Bowl.” Semitica 57 (2015): 211–16.,,
SRC-1B1888AA7E76,dealer_record,Aramaic Incantation Bowl — inventory 8324,Hixenbaugh Ancient Art,,"Hixenbaugh Ancient Art, “Aramaic Incantation Bowl,” inventory 8324. Accessed 4 September 2026.",,
SRC-1B2EA0C25D31,museum_record,Eine Zauberschale aus Nippur,"Frau Professor Hilprecht Collection of Babylonian Antiquities, Friedrich Schiller University Jena",,"Museen Thüringen, ‘Eine Zauberschale aus Nippur,’ HS 3038, portal record dc00001087, accessed 4 September 2026.",,
SRC-1B660EA75317,museum_record,קערת השבעה מס' 131,National Library of Israel,,"National Library of Israel, קערת השבעה מס' 131, Ms. Heb. 9467.127, MMS 997008712546005171.",,
SRC-1B966F866CDF,web_page,Aramaic Magic Bowl: The Expulsion of Lilith,Center for Online Judaic Studies,,"Center for Online Judaic Studies. ‘Aramaic Magic Bowl: The Expulsion of Lilith,’ citing C. D. Isbell, Corpus of the Aramaic Incantation Bowls (1975), bowl 22, p. 69; accessed 4 September 2026.",,
SRC-1BB50C76BF2C,museum_record,קערת השבעה מס' 35,National Library of Israel,,"National Library of Israel, קערת השבעה מס' 35, Ms. Heb. 9467.138, MMS 997008712396605171.",,
SRC-1CAFEFE49E1B,museum_record,קערת השבעה מס' 149,National Library of Israel,,"National Library of Israel, קערת השבעה מס' 149, Ms. Heb. 9467.197, MMS 997008712544205171.",,
SRC-1CB4C889AD40,museum_record,Hebrew Bowl B8691,,,"Penn Museum Online Collections, B8691, web object 252935",,
SRC-1CFCA1D5EACA,museum_record,קערת השבעה מס' 28,National Library of Israel,,"National Library of Israel, קערת השבעה מס' 28, Ms. Heb. 9467.110, MMS 997008712397505171.",,
SRC-1D8E2B6707B0,museum_record,Hebrew Bowl 85-48-904,,,"Penn Museum Online Collections, 85-48-904, web object 305967",,
SRC-1EE58A703971,article,Another Look at Mandaic Incantation Bowl BM 91715,Christa Müller-Kessler,2002,"Müller-Kessler, ‘Another Look at Mandaic Incantation Bowl BM 91715’ (2002).",,
SRC-1F52948F96BC,museum_record,"Bowl, Incantation — A33980","Institute for the Study of Ancient Cultures, University of Chicago",,"ISAC Museum, “Bowl, Incantation,” registration A33980, accession 3633, field number 10N-361 A-B. Accessed 4 September 2026.",,
SRC-1F676D0669B6,museum_record,Mesopotamian Collection highlight 27: Incantation Bowl,Institute for the Study of Ancient Cultures Museum,,"Institute for the Study of Ancient Cultures Museum. ‘Mesopotamian Collection,’ highlight 27, OIM A32675, accessed 4 September 2026.",,
SRC-1FE46019356A,book,Corpus of the Aramaic Incantation Bowls,"Isbell, Charles D",1975,"Isbell, Charles D. Corpus of the Aramaic Incantation Bowls . SBLDS 17. Missoula, MT: Society of Biblical Literature, 1975.",,
SRC-202A5D83B21F,article,Eight Incantation Bowls,Geller [and others; see citation],1986,———. “Eight Incantation Bowls.” Orientalia Lovaniensia Periodica 17 (1986): 101–17.,,
SRC-21181A05137B,museum_record,Hebrew Bowl B8836,,,"Penn Museum Online Collections, B8836, web object 123065",,
SRC-212816ED7316,article,Über die von Layard aufgefundenen chaldäischen Inschriften auf Topfgefässen: Ein Beitrag zur hebräischen Paläographie und zur Religionsgeschichte,"Levy, M. A",1855,"Levy, M. A. “Über die von Layard aufgefundenen chaldäischen Inschriften auf Topfgefässen: Ein Beitrag zur hebräischen Paläographie und zur Religionsgeschichte.” ZDMG 9 (1855): 465–91.",,
SRC-213738DB2FB5,database,Aramaic incantation bowl,Unknown,2021,"Aramaic incantation bowl. USC Digital Library asset 2A3BF1S6UGXCB, DOI 10.25549/inscriptifact-ouc15260317.",10.25549/inscriptifact-ouc15260317,
SRC-21417589C8F9,article,‘… and by the name of Jesus …’ An Unpublished Magic Bowl in Jewish Aramaic,Dan Levene,1999,"Levene, Dan. ‘“… and by the name of Jesus …” An Unpublished Magic Bowl in Jewish Aramaic.’ JSQ 6, no. 4 (1999): 283–308.",,
SRC-216626D66A61,museum_record,קערת השבעה מס' 183,National Library of Israel,,"National Library of Israel, קערת השבעה מס' 183, Ms. Heb. 9467.133, MMS 997008712401405171.",,
SRC-2168D49A8168,article,"1280°C, issue 49",1280°C ceramics journal,2025,"1280°C, issue 49 (2025), p. 71, caption to incantation bowl no. 139, National Library of Israel collection.",,
SRC-21960A7E5963,museum_record,קערת השבעה מס' 161,National Library of Israel,,"National Library of Israel, קערת השבעה מס' 161, Ms. Heb. 9467.47, MMS 997008712408405171.",,
SRC-2224B0D9093F,museum_record,Incantation bowl with Mandaic inscription,,,"The Metropolitan Museum of Art, object 32.150.89 (https://www.metmuseum.org/art/collection/search/322404)",,
SRC-2227D5AC463A,auction_record,Aramaic Terracotta Incantation Bowl — item 232753117,LiveAuctioneers,2026,"Apollo Art Auctions, Fine Ancient Art and Antiquities, 21 June 2026, lot 1203, LiveAuctioneers item 232753117.",,
SRC-227FB1322589,museum_record,Hebrew Bowl B16080,,,"Penn Museum Online Collections, B16080, web object 204382",,
SRC-2349DCC5FC9C,museum_record,Hebrew Bowl 85-48-909,,,"Penn Museum Online Collections, 85-48-909, web object 199042",,
SRC-239F8591C3B5,museum_record,Hebrew Bowl B9016,,,"Penn Museum Online Collections, B9016, web object 300084",,
SRC-244417C8D483,museum_record,Hebrew Bowl B16039,,,"Penn Museum Online Collections, B16039, web object 333538",,
SRC-2471CE31E5D9,article,Two Incantation Bowls from Babylon,Erica C. D. Hunter,2000,"Hunter, Erica C. D. ‘Two Incantation Bowls from Babylon.’ Iraq 62 (2000): 139–147.",10.2307/4200485,
SRC-24AE4234E058,museum_record,Hebrew Bowl B16092,,,"Penn Museum Online Collections, B16092, web object 334778",,
SRC-24B0EC105BC9,article,Relics of Syriac Magic: Another Syriac Bowl for Prwkzʿd br Kwmy and a Syriac Incantation Fragment in the British Museum,Marco Moriggi,2024,"Moriggi, Marco. “Relics of Syriac Magic: Another Syriac Bowl for Prwkzʿd br Kwmy and a Syriac Incantation Fragment in the British Museum.” Folia Orientalia 61 (2024): 193–202. https://doi.org/10.24425/for.2024.152391.",10.24425/for.2024.152391,
SRC-24DD1B6CC031,museum_record,קערת השבעה מס' 170,National Library of Israel,,"National Library of Israel, קערת השבעה מס' 170, Ms. Heb. 9467.81, MMS 997008712406705171.",,
SRC-25F456A40523,article,A Magical Bowl in Judaeo-Aramaic,Emiliano Martínez Borobio,2003,"Martínez Borobio, Emiliano. “A Magical Bowl in Judaeo-Aramaic.” Isimu 6 (2003): 323–336. https://doi.org/10.15366/isimu2003.6.018.",10.15366/isimu2003.6.018,
SRC-2620C1BFBA37,museum_record,Hebrew Bowl B316,,,"Penn Museum Online Collections, B316, web object 326684",,
SRC-2657FE1E4B18,museum_record,Hebrew Bowl B16077,,,"Penn Museum Online Collections, B16077, web object 19331",,
SRC-2678ACCD33D1,auction_record,Aramaic Terracotta Incantation Bowl,The Potomack Company,2026,"The Potomack Company, ‘Aramaic Terracotta Incantation Bowl,’ auction listing 556fef1cdb, 22 April 2026.",,
SRC-26EBAAB932E3,museum_record,Eine Zauberschale aus Nippur,"Frau Professor Hilprecht Collection of Babylonian Antiquities, Friedrich Schiller University Jena",,"Museen Thüringen, ‘Eine Zauberschale aus Nippur,’ HS 3036, portal record dc00001085, accessed 4 September 2026.",,
SRC-26F4495F3314,article,Linguistic Peculiarities in the Aramaic Magic Bowl Texts,Eljakim Wajsberg; Hannu Juusola,2001,Linguistic Peculiarities in the Aramaic Magic Bowl Texts (2001). Crossref DOI 10.2307/1455620.,10.2307/1455620,
SRC-27402D8BE8BE,museum_record,קערת השבעה מס' 70,National Library of Israel,,"National Library of Israel, קערת השבעה מס' 70, Ms. Heb. 9467.108, MMS 997008712405405171.",,
SRC-27D35A24C6BC,article,"Body and Mind, Husband and Household, Collaborators and Communities: Centrifugal Spheres of Protection in an Aramaic Incantation Bowl (MC 77.233)",Alexander Marcus,2023,"Marcus, Alexander. ‘Body and Mind … in an Aramaic Incantation Bowl (MC 77.233).’ JSS 68, no. 2 (2023): 415–471.",10.1093/jss/fgad005,
SRC-2809A03C04F3,museum_record,Hebrew Bowl B16053,,,"Penn Museum Online Collections, B16053, web object 339970",,
SRC-282E40FD6206,museum_record,קערת השבעה מס' 73,National Library of Israel,,"National Library of Israel, קערת השבעה מס' 73, Ms. Heb. 9467.104, MMS 997008712404705171.",,
SRC-28BD17A5E54E,museum_record,Eine Zauberschale aus Nippur,"Frau Professor Hilprecht Collection of Babylonian Antiquities, Friedrich Schiller University Jena",,"Museen Thüringen, ‘Eine Zauberschale aus Nippur,’ HS 3049, portal record dc00001092, accessed 4 September 2026.",,
SRC-292E3E15363B,museum_record,Incantation Bowl in Mandaic — MS 1911/2,The Schøyen Collection,,"The Schøyen Collection. ‘Incantation Bowl in Mandaic,’ MS 1911/2, accessed 4 September 2026.",,
SRC-296BF5E4B353,museum_record,Hebrew Bowl B6363,,,"Penn Museum Online Collections, B6363, web object 277833",,
SRC-298080BE701F,article,Aramaic Magic Bowls,"Yamauchi, Edwin M",1965,"Yamauchi, Edwin M. “ Aramaic Magic Bowls.” JAOS 85 (1965): 511–23.",,
SRC-29C07A77636C,article,Heal O’ Israel: A Pair of Duplicate Magic Bowls from the Pergamon Museum in Berlin,Levene [and others; see citation],2003,———. “Heal O’ Israel: A Pair of Duplicate Magic Bowls from the Pergamon Museum in Berlin.” JJS 54 (2003): 104–21.,,
SRC-29C91A678076,museum_record,Hebrew Bowl B8826,,,"Penn Museum Online Collections, B8826, web object 168965",,
SRC-29E8BB7237EE,museum_record,Conserving a Seleucian Incantation Bowl,Madeleine Neiman / Kelsey Museum of Archaeology,2015,"Neiman, Madeleine. ‘Conserving a Seleucian Incantation Bowl.’ Kelsey Museum Blog, 7 January 2015, describing TMA 1931.455 / KM 31455.",,
SRC-2AB386E77F55,museum_record,קערת השבעה מס' 141,National Library of Israel,,"National Library of Israel, קערת השבעה מס' 141, Ms. Heb. 9467.165, MMS 997008712545005171.",,
SRC-2B329A1D4550,article,Mesopotamian Double-Jar Burials and Incantation Bowls,Ortal-Paz Saar,2019,Mesopotamian Double-Jar Burials and Incantation Bowls (2019). OpenAlex W2922215456.,10.7817/jameroriesoci.138.4.0863,
SRC-2CD1B5E5420D,museum_record,קערת השבעה מס' 213,National Library of Israel,,"National Library of Israel, קערת השבעה מס' 213, Ms. Heb. 9467.27, MMS 997008712409605171.",,
SRC-2D4CCAB47A46,museum_record,Hebrew Bowl B16063,,,"Penn Museum Online Collections, B16063, web object 112273",,
SRC-2E36A0CC3152,museum_record,Eine Zauberschale aus Nippur,"Frau Professor Hilprecht Collection of Babylonian Antiquities, Friedrich Schiller University Jena",,"Museen Thüringen, ‘Eine Zauberschale aus Nippur,’ HS 3029, portal record dc00001083, accessed 4 September 2026.",,
SRC-2F5784919A43,museum_record,Hebrew Bowl B2972,,,"Penn Museum Online Collections, B2972, web object 19798",,
SRC-305EE21263F2,museum_record,Hebrew Bowl B6355,,,"Penn Museum Online Collections, B6355, web object 188705",,
SRC-3069F3084A04,museum_record,Eine Zauberschale aus Nippur,"Frau Professor Hilprecht Collection of Babylonian Antiquities, Friedrich Schiller University Jena",,"Museen Thüringen, ‘Eine Zauberschale aus Nippur,’ HS 3014, portal record dc00001099, accessed 4 September 2026.",,
SRC-3075F08B12BB,article,Two New Incantation Bowls from Rome (Italy),Moriggi [and others; see citation],2005,———. “Two New Incantation Bowls from Rome (Italy).” AS 3 (2005): 43–58.,,
SRC-307DAFB2C071,article,"""... and by the name of Jesus ..."" An unpublished magic bowl in Jewish Aramaic",D. Levene,1999,"""... and by the name of Jesus ..."" An unpublished magic bowl in Jewish Aramaic (1999). OpenAlex W1602462662.",,
SRC-30E9800D53CB,article,Moses in the Aramaic Magic Bowls,Siam Bhayro,2025,Moses in the Aramaic Magic Bowls (2025). OpenAlex W7160855334.,10.64166/zyzcyg38,
SRC-30F5C3AD388A,article,An Incantation Bowl for Sowing Discord,Ortal-Paz Saar,2013,"Saar, Ortal-Paz. ‘An Incantation Bowl for Sowing Discord.’ JSS 58, no. 2 (2013): 241–256.",10.1093/jss/fgt002,
SRC-311A012043F3,museum_record,Hebrew Bowl Sherd B6364,,,"Penn Museum Online Collections, B6364, web object 267458",,
SRC-312A054517F1,museum_record,Hebrew Bowl B16010,,,"Penn Museum Online Collections, B16010, web object 303321",,
SRC-313873474964,museum_record,Hebrew Bowl B16046,,,"Penn Museum Online Collections, B16046, web object 191121",,
SRC-319EC4AD733E,museum_record,קערת השבעה מס' 71,National Library of Israel,,"National Library of Israel, קערת השבעה מס' 71, Ms. Heb. 9467.112, MMS 997008712405205171.",,
SRC-3217B5EE5A08,museum_record,קערת השבעה מס' 47,National Library of Israel,,"National Library of Israel, קערת השבעה מס' 47, Ms. Heb. 9467.187, MMS 997008712395105171.",,
SRC-325C80F69B67,museum_record,קערת השבעה מס' 157,National Library of Israel,,"National Library of Israel, קערת השבעה מס' 157, Ms. Heb. 9467.29, MMS 997008712409205171.",,
SRC-339D358761D2,museum_record,"incantation bowl: 1957,0925.1",The British Museum,,"The British Museum, Collections Online, ‘incantation bowl,’ registration 1957,0925.1 (accessed 2026-09-04).",,
SRC-33DAA3253A63,article,On some readings and interpretations in the Aramaic incantation bowls and related texts,Matthew Morgenstern; James Nathan Ford,2017,On some readings and interpretations in the Aramaic incantation bowls and related texts (2017). OpenAlex W2728003166.,10.1017/s0041977x17000465,
SRC-344728DC5548,database,Aramaic incantation bowl (Syriac inscription),Unknown,2021,"Aramaic incantation bowl (Syriac inscription). USC Digital Library asset 2A3BF1S6UZUZU, DOI 10.25549/inscriptifact-ouc15259838.",10.25549/inscriptifact-ouc15259838,
SRC-34B3A2C4D1A7,museum_record,קערת השבעה מס' 63,National Library of Israel,,"National Library of Israel, קערת השבעה מס' 63, Ms. Heb. 9467.44, MMS 997008712406805171.",,
SRC-34C33C92D6CA,article,Aramaean Demons in Rome: Incantation Bowls in the Museo Nazionale d’Arte Orientale,"Moriggi, Marco",2001,"Moriggi, Marco. “ Aramaean Demons in Rome: Incantation Bowls in the Museo Nazionale d’Arte Orientale.” East and West 51 (2001): 205–28.",,
SRC-35398F1BACD9,museum_record,Hebrew Bowl 85-48-910,,,"Penn Museum Online Collections, 85-48-910, web object 199043",,
SRC-356BBDFA84CF,museum_record,Hebrew Bowl B2977,,,"Penn Museum Online Collections, B2977, web object 129133",,
SRC-35775EE8D342,chapter,Form and Purpose in Aramaic Spells: Some Jewish Themes,Shaked [and others; see citation],2005,"———. “Form and Purpose in Aramaic Spells: Some Jewish Themes.” In Officina Magica: Essays on the Practice of Magic in Antiquity , ed. Shaul Shaked, 1–30. IJS Studies in Judaica 4. Leiden: Brill, 2005.",,
SRC-35DAA78AB17F,article,Marco Moriggi. A Corpus of Syriac Incantation Bowls. Syriac Magical Texts from Late-Antique Mesopotamia,Christelle Jullien,2018,Marco Moriggi. A Corpus of Syriac Incantation Bowls. Syriac Magical Texts from Late-Antique Mesopotamia (2018). Crossref DOI 10.4000/abstractairanica.44574.,10.4000/abstractairanica.44574,
SRC-36AF248B137B,museum_record,Hebrew Bowl 85-48-907,,,"Penn Museum Online Collections, 85-48-907, web object 73758",,
SRC-36BB3396A927,auction_record,Mandaean magic cup of Amkur and his son — lot 47,Gazette Drouot,2026,"Gazette Drouot, ‘Mandaean Magic Cup of Amkur and His Son,’ lot 47, record 23199669, observed 4 September 2026; citing Maria Gorea, Semitica 51 (2003), 73–78 and illustration p. 90.",,
SRC-36D8E46878B8,museum_record,קערת השבעה מס' 134,National Library of Israel,,"National Library of Israel, קערת השבעה מס' 134, Ms. Heb. 9467.139, MMS 997008712545705171.",,
SRC-371B3538F2FC,other,"Loitsumalja, incantation bowl VK5738:3",Museovirasto,2021,"Loitsumalja, incantation bowl VK5738:3 (2021). Repository location indexed by OpenAlex W4393743607.",10.5281/zenodo.10269215,
SRC-375868B5C1C1,museum_record,קערת השבעה מס' 68,National Library of Israel,,"National Library of Israel, קערת השבעה מס' 68, Ms. Heb. 9467.12, MMS 997008712405905171.",,
SRC-37DEFCD57187,museum_record,Hebrew Bowl B2962,,,"Penn Museum Online Collections, B2962, web object 241014",,
SRC-3848F0A07B43,museum_record,incantation bowl: 127396,The British Museum,,"The British Museum, Collections Online, incantation bowl 127396, Segal 021A; accessed 2026-09-04.",,
SRC-389564CE7381,museum_record,Hebrew Bowl B8695,,,"Penn Museum Online Collections, B8695, web object 225726",,
SRC-38D8AED97A7A,museum_record,קערת השבעה מס' 214,National Library of Israel,,"National Library of Israel, קערת השבעה מס' 214, Ms. Heb. 9467.32, MMS 997008712409405171.",,
SRC-38F30D0275FD,museum_record,Hebrew Bowl 85-48-911,,,"Penn Museum Online Collections, 85-48-911, web object 320710",,
SRC-390194A0629F,museum_record,קערת השבעה מס' 192,National Library of Israel,,"National Library of Israel, קערת השבעה מס' 192, Ms. Heb. 9467.170, MMS 997008712399505171.",,
SRC-3A8095B6D794,database,Index of Aramaic Incantation Bowls,Apotropaic Arts,,"Apotropaic Arts, ‘Index of Aramaic Incantation Bowls’ (online index).",,
SRC-3AC5DC6A8452,museum_record,Hebrew Bowl B2944,,,"Penn Museum Online Collections, B2944, web object 134690",,
SRC-3AC6C3776969,museum_record,קערת השבעה מס' 108,National Library of Israel,,"National Library of Israel, קערת השבעה מס' 108, Ms. Heb. 9467.33, MMS 997008712548305171.",,
SRC-3AFA40D331F9,museum_record,Hebrew Bowl B8828,,,"Penn Museum Online Collections, B8828, web object 265281",,
SRC-3B11D8C4C4A5,museum_record,Eine Zauberschale aus Nippur,"Frau Professor Hilprecht Collection of Babylonian Antiquities, Friedrich Schiller University Jena",,"Museen Thüringen, ‘Einer Zauberschale aus Nippur,’ HS 3057, portal record dc00001095, accessed 4 September 2026.",,
SRC-3B1501581C61,museum_record,Zauberschale mit Inschrift,"Staatliche Museen zu Berlin, Vorderasiatisches Museum",,"Staatliche Museen zu Berlin, Vorderasiatisches Museum. ‘Zauberschale mit Inschrift,’ VA Bab 04366 a, ObjID 1743776, updated 29 July 2026.",,
SRC-3B45D352EBFC,museum_record,Schale,Hetjens-Museum – Deutsches Keramikmuseum,,"Hetjens-Museum – Deutsches Keramikmuseum. ‘Schale,’ HM.2003-36, supplied through the Digitales Kunst- und Kulturarchiv Düsseldorf to the Deutsche Digitale Bibliothek, updated 2 December 2025.",,
SRC-3C09380321B1,museum_record,Hebrew Bowl B2986,,,"Penn Museum Online Collections, B2986, web object 323749",,
SRC-3C09B2076BD1,museum_record,קערת השבעה מס' 180,National Library of Israel,,"National Library of Israel, קערת השבעה מס' 180, Ms. Heb. 9467.121, MMS 997008712402005171.",,
SRC-3C4294DDB367,book,A Corpus of Syriac Incantation Bowls,Marco Moriggi,2014,A Corpus of Syriac Incantation Bowls (2014). Crossref DOI 10.1163/9789004272798.,10.1163/9789004272798,
SRC-3C8BC6D81A1F,museum_record,Hebrew Bowl 85-48-899,,,"Penn Museum Online Collections, 85-48-899, web object 199041",,
SRC-3D4B57D27A24,museum_record,159 objects related to Segal 2000a,The British Museum,,"The British Museum, Collections Online, 159 objects related to ‘Catalogue of the Aramaic and Mandaic Incantation Bowls in the British Museum; Segal 2000a’ (browser-visible relation, retrieved 2026-09-04T03:26:29.847Z).",,
SRC-3D4D1109BDBA,museum_record,Hebrew Bowl B16078,,,"Penn Museum Online Collections, B16078, web object 21452",,
SRC-3D9E46333303,museum_record,Hebrew Bowl B6366,,,"Penn Museum Online Collections, B6366, web object 325247",,
SRC-3E598E0F44C2,museum_record,קערת השבעה מס' 197,National Library of Israel,,"National Library of Israel, קערת השבעה מס' 197, Ms. Heb. 9467.190, MMS 997008712397605171.",,
SRC-3EBD27903913,article,Epigraphic Notes: Four Aramaic Magic Bowls in the Hermitage Museum,Borisov [and others; see citation],1969,———. “Epigraphic Notes: Four Aramaic Magic Bowls in the Hermitage Museum” [Russian]. Epigraphics of the East 19 (1969): 3–13.,,
SRC-3F3EFB7B0F0F,museum_record,קערת השבעה מס' 33,National Library of Israel,,"National Library of Israel, קערת השבעה מס' 33, Ms. Heb. 9467.130, MMS 997008712396805171.",,
SRC-3FF9EFFCA935,museum_record,קערת השבעה מס' 200,National Library of Israel,,"National Library of Israel, קערת השבעה מס' 200, Ms. Heb. 9467.202, MMS 997008712396305171.",,
SRC-4071AE0F749A,article,‘My Foes Loved Me’: A New Incantation Bowl for Popularity and Success,James Nathan Ford,2023,"Ford, James Nathan. “‘My Foes Loved Me’: A New Incantation Bowl for Popularity and Success.” Mehqarim be-Lashon 20 (2023): 215–230 (Hebrew).",,
SRC-4073787EE0F2,museum_record,Hebrew Bowl B16026,,,"Penn Museum Online Collections, B16026, web object 121107",,
SRC-4076DEE75C61,museum_record,קערת השבעה מס' 160,National Library of Israel,,"National Library of Israel, קערת השבעה מס' 160, Ms. Heb. 9467.43, MMS 997008712408605171.",,
SRC-40B8EF642ED4,museum_record,Hebrew Bowl 53-11-183,,,"Penn Museum Online Collections, 53-11-183, web object 30401",,
SRC-40DB8695EC30,article,La collection Lycklama au Musée de Cannes,"Billiet, Joseph",1931,"Billiet, Joseph. “La collection Lycklama au Musée de Cannes.” Gazette des Beaux-Arts 828 (1931): 321–40.",,
SRC-4111AE185F98,museum_record,Eine Zauberschale aus Nippur,"Frau Professor Hilprecht Collection of Babylonian Antiquities, Friedrich Schiller University Jena",,"Museen Thüringen, ‘Eine Zauberschale aus Nippur,’ HS 3031, portal record dc00001084, accessed 4 September 2026.",,
SRC-411F8CB07388,museum_record,קערת השבעה מס' 46,National Library of Israel,,"National Library of Israel, קערת השבעה מס' 46, Ms. Heb. 9467.183, MMS 997008712395205171.",,
SRC-4130DB9BC015,museum_record,Hebrew Bowl B6341,,,"Penn Museum Online Collections, B6341, web object 95655",,
SRC-41B17DE2900D,museum_record,קערת השבעה מס' 187,National Library of Israel,,"National Library of Israel, קערת השבעה מס' 187, Ms. Heb. 9467.150, MMS 997008712400705171.",,
SRC-41FD5E48B288,museum_record,Hebrew Bowl B6340,,,"Penn Museum Online Collections, B6340, web object 109437",,
SRC-4232EC728695,museum_record,Hebrew Bowl B6352,,,"Penn Museum Online Collections, B6352, web object 105299",,
SRC-433FE9C26B38,museum_record,Hebrew Bowl B16030,,,"Penn Museum Online Collections, B16030, web object 256456",,
SRC-43521AC02D0C,museum_record,Hebrew Bowl B16087,,,"Penn Museum Online Collections, B16087, web object 257049",,
SRC-43C1E102538E,article,Aramaic and Mandaic Magical Bowls,Gordon [and others; see citation],1937,———. “ Aramaic and Mandaic Magical Bowls.” ArOr 9 (1937): 84–106.,,
SRC-4489E2811D65,museum_record,Hebrew Bowl B16094,,,"Penn Museum Online Collections, B16094, web object 311845",,
SRC-4546F3685418,museum_record,Hebrew Bowl B2954,,,"Penn Museum Online Collections, B2954, web object 223847",,
SRC-455442AA727F,web_page,What Will Save the Household?,"Marco Moriggi; Centre for the Study of Manuscript Cultures, University of Hamburg",2023,"Moriggi, Marco. “What Will Save the Household?” Artefact of the Month 26, Centre for the Study of Manuscript Cultures, updated 16 June 2023.",,
SRC-45F48A1FE6C9,museum_record,קערת השבעה מס' 169,National Library of Israel,,"National Library of Israel, קערת השבעה מס' 169, Ms. Heb. 9467.78, MMS 997008712406905171.",,
SRC-466B79ABC36C,museum_record,Hebrew Bowl 85-48-913,,,"Penn Museum Online Collections, 85-48-913, web object 98355",,
SRC-469EB92E7F79,museum_record,Hebrew Bowl B2958,,,"Penn Museum Online Collections, B2958, web object 85195",,
SRC-46B8FF1A7ABD,museum_record,Hebrew Bowl 85-48-900,,,"Penn Museum Online Collections, 85-48-900, web object 134019",,
SRC-472DA9D32769,museum_record,קערת השבעה מס' 14,National Library of Israel,,"National Library of Israel, קערת השבעה מס' 14, Ms. Heb. 9467.53, MMS 997008712402505171.",,
SRC-47341996F035,museum_record,קערת השבעה מס' 116,National Library of Israel,,"National Library of Israel, קערת השבעה מס' 116, Ms. Heb. 9467.67, MMS 997008712547505171.",,
SRC-479F50E73B60,chapter,“Your mysteries are concealed.” A prophylactic Jewish Aramaic magic bowl with some notes on literary influences,Dan Levene,2010,“Your mysteries are concealed.” A prophylactic Jewish Aramaic magic bowl with some notes on literary influences (2010). OpenAlex W2589140792.,,
SRC-47A2A679B754,museum_record,Ein Fragment einer Zauberschale aus Nippur,"Frau Professor Hilprecht Collection of Babylonian Antiquities, Friedrich Schiller University Jena",,"Museen Thüringen, ‘Ein Fragment einer Zauberschale aus Nippur,’ HS 3067, portal record dc00001096, accessed 4 September 2026.",,
SRC-47CDBADB1876,museum_record,קערת השבעה מס' 25,National Library of Israel,,"National Library of Israel, קערת השבעה מס' 25, Ms. Heb. 9467.98, MMS 997008712398205171.",,
SRC-48B63941459A,museum_record,קערת השבעה מס' 211,National Library of Israel,,"National Library of Israel, קערת השבעה מס' 211, Ms. Heb. 9467.14, MMS 997008712409905171.",,
SRC-4955445F0A7A,web_page,Aramaic Magic Bowl: The Protection of the Family,Center for Online Judaic Studies,,"Center for Online Judaic Studies. ‘Aramaic Magic Bowl: The Protection of the Family,’ citing C. D. Isbell, Corpus of the Aramaic Incantation Bowls (1975), bowl 23, pp. 71–72; accessed 4 September 2026.",,
SRC-4A1FC349B813,museum_record,"Incantation Bowl, inscribed in Syriac",Smithsonian National Museum of Natural History,,"Smithsonian Institution, National Museum of Natural History. ‘Incantation Bowl, inscribed in Syriac,’ record nmnhanthropology_8046135, accessed 4 September 2026.",,
SRC-4A369F5B1473,museum_record,Hebrew Bowl B2980,,,"Penn Museum Online Collections, B2980, web object 166401",,
SRC-4B0CEB2BE96C,catalogue,Bonhams Antiquities catalogue — lot 58,Bonhams,,"Bonhams, Antiquities, 101 New Bond Street, London, catalogue bonham10350, lot 58.",,
SRC-4BA31465A407,database,Aramaic incantation bowl,Unknown,2021,"Aramaic incantation bowl. USC Digital Library asset 2A3BF1S6UGDHR, DOI 10.25549/inscriptifact-ouc15260312.",10.25549/inscriptifact-ouc15260312,
SRC-4BFFE489072D,museum_record,קערת השבעה מס' 143,National Library of Israel,,"National Library of Israel, קערת השבעה מס' 143, Ms. Heb. 9467.173, MMS 997008712544805171.",,
SRC-4C09C688E277,museum_record,Hebrew Bowl 85-48-905,,,"Penn Museum Online Collections, 85-48-905, web object 265680",,
SRC-4C2E6EE4DB03,museum_record,Hebrew Bowl B2953,,,"Penn Museum Online Collections, B2953, web object 202637",,
SRC-4C44E5816E4F,article,A New Incantation Bowl with Arabic Inscription,Ali H. Faraj,2016,"Faraj, Ali H. ‘A New Incantation Bowl with Arabic Inscription.’ Quaderni di Studi Arabi 11 (2016): 207–220.",,
SRC-4C5967BC42BA,museum_record,Hebrew Bowl B16098,,,"Penn Museum Online Collections, B16098, web object 187752",,
SRC-4C8646D12939,museum_record,Eine Zauberschale aus der Hilprecht-Sammlung,Soobin Jeong and Marie Young,2024,"Jeong, Soobin, and Marie Young. ‘Eine Zauberschale aus der Hilprecht-Sammlung.’ Objekt des Monats, Friedrich Schiller University Jena, 1 April 2024.",,
SRC-4CF084A3C54D,museum_record,incantation bowl: 91742,The British Museum,,"The British Museum, Collections Online, incantation bowl 91742, Segal 019A; accessed 2026-09-04.",,
SRC-4D70F2E22F3B,museum_record,Hebrew Bowl B6334,,,"Penn Museum Online Collections, B6334, web object 332043",,
SRC-4DAE5E57BB1D,museum_record,Hebrew Bowl B16093,,,"Penn Museum Online Collections, B16093, web object 325645",,
SRC-4E17491A7466,museum_record,Hebrew Bowl B6356,,,"Penn Museum Online Collections, B6356, web object 199797",,
SRC-4E8D6AC9E9E4,museum_record,Hebrew Bowl B2973,,,"Penn Museum Online Collections, B2973, web object 338867",,
SRC-4E99FA9CB36E,museum_record,קערת השבעה מס' 195,National Library of Israel,,"National Library of Israel, קערת השבעה מס' 195, Ms. Heb. 9467.182, MMS 997008712398005171.",,
SRC-4EA42B8F7C75,museum_record,Hebrew Bowl B2945,,,"Penn Museum Online Collections, B2945, web object 82460",,
SRC-4ED4DBBBC5E6,chapter,Jewish-Aramaic Incantation Bowls,"Misgav, Haggai",2018,"Misgav, Haggai. “Jewish-Aramaic Incantation Bowls.” In Finds Gone Astray: ADCA Confiscated Items, ed. Dalit Regev and Hananya Hizmi, 53–72. Jerusalem: Antiquities Department of the Civil Administration, 2018.",,
SRC-4FB63B3475F5,museum_record,קערת השבעה מס' 56,National Library of Israel,,"National Library of Israel, קערת השבעה מס' 56, Ms. Heb. 9467.35, MMS 997008712408305171.",,
SRC-4FD8CCDCD0E5,museum_record,Eine Zauberschale aus Nippur,"Frau Professor Hilprecht Collection of Babylonian Antiquities, Friedrich Schiller University Jena",,"Museen Thüringen, ‘Eine Zauberschale aus Nippur,’ HS 3045, portal record dc00001090, accessed 4 September 2026.",,
SRC-4FF79FEECFC3,museum_record,קערת השבעה מס' 67,National Library of Israel,,"National Library of Israel, קערת השבעה מס' 67, Ms. Heb. 9467.80, MMS 997008712406105171.",,
SRC-5025FE1C5FCE,museum_record,Hebrew Bowl B16036,,,"Penn Museum Online Collections, B16036, web object 15439",,
SRC-503EEAA1BBBC,museum_record,Hebrew Bowl B2950,,,"Penn Museum Online Collections, B2950, web object 67591",,
SRC-50846D47BE35,museum_record,Hebrew Bowl B2943,,,"Penn Museum Online Collections, B2943, web object 152707",,
SRC-50DE06E70C3A,other,"Hannu Juusola. — Linguistic Peculiarities in the Aramaic Magic Bowl Texts, 1999 («Studia Orientalia»), 86","Schattner-Rieser, Ursula",2004,"Hannu Juusola. — Linguistic Peculiarities in the Aramaic Magic Bowl Texts, 1999 («Studia Orientalia»), 86 (2004). Repository location indexed by OpenAlex W7115261533.",,
SRC-50FCA2CFA614,museum_record,קערת השבעה מס' 26,National Library of Israel,,"National Library of Israel, קערת השבעה מס' 26, Ms. Heb. 9467.102, MMS 997008712397905171.",,
SRC-5119876CE9C6,catalogue,"Auction 32: Objects, Judaica, Israeliana, Archeology and Medals",Kedem Auction House,2013,"Kedem Auction House. Auction 32: Objects, Judaica, Israeliana, Archeology and Medals. Jerusalem, 2 July 2013.",,
SRC-513E8FD6E55D,chapter,Syriac and Mandaic Incantation Bowls,James Nathan Ford; Ohad Abudraham,2018,"Ford, James Nathan, and Ohad Abudraham. ""Syriac and Mandaic Incantation Bowls."" In Finds Gone Astray: ADCA Confiscated Items, vol. 1, ed. Dalit Regev and Hananya Hizmi, 75-111. ADCA Reports 1. Jerusalem: Antiquities Department of the Civil Administration, 2018.",,978-965-406-683-9
SRC-5140A73E9D7C,museum_record,קערת השבעה מס' 58,National Library of Israel,,"National Library of Israel, קערת השבעה מס' 58, Ms. Heb. 9467.52, MMS 997008712407905171.",,
SRC-5199B3C11E5A,auction_record,Aramaic Terracotta Magical Incantation Bowl — lot 213,TimeLine Auctions,2026,"TimeLine Auctions, Antiquities Sale day 1, 8 September 2026, lot 213, record 267666.",,
SRC-523BD0A56A3F,museum_record,Eine Zauberschale aus Nippur,"Frau Professor Hilprecht Collection of Babylonian Antiquities, Friedrich Schiller University Jena",,"Museen Thüringen, ‘Eine Zauberschale aus Nippur,’ HS 3044, portal record dc00001089, accessed 4 September 2026.",,
SRC-52CB6612D276,other,"Shaul Shaked, James Nathan Ford, Siam Bhayro. Aramaic Bowl Spells. Jewish Babylonian Aramaic Bowls. Volume One. With contributions from Matthew Morgenstern, Naama Vilozny, 2013. («Magical and Religious Literature of Late Antiquity», 1 ; «Manuscripts in the Schoyen Collection», 20)","Naiweld, Ron",2014,"Shaul Shaked, James Nathan Ford, Siam Bhayro. Aramaic Bowl Spells. Jewish Babylonian Aramaic Bowls. Volume One. With contributions from Matthew Morgenstern, Naama Vilozny, 2013. («Magical and Religious Literature of Late Antiquity», 1 ; «Manuscripts in the Schoyen Collection», 20) (2014). Repository location indexed by OpenAlex W7115348737.",,
SRC-52F7CA24E710,museum_record,קערת השבעה מס' 62,National Library of Israel,,"National Library of Israel, קערת השבעה מס' 62, Ms. Heb. 9467.40, MMS 997008712407005171.",,
SRC-53170A03D384,museum_record,Hebrew Bowl B16082,,,"Penn Museum Online Collections, B16082, web object 236387",,
SRC-53202A840D51,article,Über einige aramäische Inschriften auf Thongefässen des Königlichen Museums zu Berlin,Wohlstein [and others; see citation],1894,———. “Über einige aramäische Inschriften auf Thongefässen des Königlichen Museums zu Berlin.” Zeitschrift für Assyriologie und Vorderasiatische Archäologie 9 (1894): 11–41.,,
SRC-533244D3E589,museum_record,Hebrew Bowl B16003,,,"Penn Museum Online Collections, B16003, web object 310933",,
SRC-53453CB4041A,museum_record,Hebrew Bowl Sherd B6339,,,"Penn Museum Online Collections, B6339, web object 109436",,
SRC-5355C069886E,museum_record,קערת השבעה מס' 119,National Library of Israel,,"National Library of Israel, קערת השבעה מס' 119, Ms. Heb. 9467.79, MMS 997008712547205171.",,
SRC-538B9693942C,museum_record,Hebrew Bowl B13192,,,"Penn Museum Online Collections, B13192, web object 271794",,
SRC-539BB677443B,book,Jewish and Mandaean Incantation Bowls in the Royal Ontario Museum,W. S. McCullough,1967,"McCullough, W. S. Jewish and Mandaean Incantation Bowls in the Royal Ontario Museum. Toronto: University of Toronto Press, 1967, DA 5.",,
SRC-53AFEA741E4F,museum_record,incantation bowl: 117827,The British Museum,,"The British Museum, Collections Online, incantation bowl 117827, Segal 018A; accessed 2026-09-04.",,
SRC-53B93C8C8A0E,thesis,Edition and Analysis of Twenty-Five Unpublished Aramaic Magic Bowl Texts in the Collection of the Vorderasiatisches Museum (Berlin),Anne Burberry,2020,Edition and Analysis of Twenty-Five Unpublished Aramaic Magic Bowl Texts in the Collection of the Vorderasiatisches Museum (Berlin) (2020). Repository location indexed by OpenAlex W3101650490.,,
SRC-5404D2F24BCB,museum_record,קערת השבעה מס' 103,National Library of Israel,,"National Library of Israel, קערת השבעה מס' 103, Ms. Heb. 9467.9, MMS 997008712548805171.",,
SRC-544C605C0F49,museum_record,Hebrew Bowl B825,,,"Penn Museum Online Collections, B825, web object 296104",,
SRC-545AC7CDAC66,article,"WikiLeaks, Texts, and Archaeology: The Case of the Schøyen Incantation Bowls",Neil Brodie; Morag M. Kersel,2014,"WikiLeaks, Texts, and Archaeology: The Case of the Schøyen Incantation Bowls (2014). OpenAlex W1475945501.",,
SRC-54C6C8891988,article,Gender and the Mesopotamian Incantation Bowls,Ortal-Paz Saar,2024,Gender and the Mesopotamian Incantation Bowls (2024). Repository location indexed by OpenAlex W4405653457.,10.1163/17455227-bja10055,
SRC-54D3E0493BC1,museum_record,קערת השבעה מס' 126,National Library of Israel,,"National Library of Israel, קערת השבעה מס' 126, Ms. Heb. 9467.107, MMS 997008712546505171.",,
SRC-54EF439A3C46,museum_record,קערת השבעה מס' 66,National Library of Israel,,"National Library of Israel, קערת השבעה מס' 66, Ms. Heb. 9467.76, MMS 997008712406305171.",,
SRC-554602FDAE59,article,An Aramaic Incantation (in the Beẓalel National Antiquities Museum),"Narquis, M",1934,"Narquis, M. “ An Aramaic Incantation (in the Beẓalel National Antiquities Museum)” [Hebrew]. Tarbiz ̣ 6 (1934): 106–7.",,
SRC-55715D7F988A,museum_record,Hebrew Bowl B16099,,,"Penn Museum Online Collections, B16099, web object 165546",,
SRC-5578BA6F9AA4,article,A Few Notes on an Aramaic Inscription on a Vase Located in Moscow,"Harkavy, Abraham Elijah",1889,"Harkavy, Abraham Elijah. “ A Few Notes on an Aramaic Inscription on a Vase Located in Moscow” [Russian]. Zapiski vostočnago otdelenija imperatorskago russkago arxeologičeskago obščestava 4 (1889): 83–95.",,
SRC-55A6FF6CE594,museum_record,Hebrew Bowl B2960,,,"Penn Museum Online Collections, B2960, web object 193277",,
SRC-56DED92C8763,museum_record,קערת השבעה מס' 185,National Library of Israel,,"National Library of Israel, קערת השבעה מס' 185, Ms. Heb. 9467.141, MMS 997008712401005171.",,
SRC-5701CCD26A7E,museum_record,Hebrew Bowl B16041,,,"Penn Museum Online Collections, B16041, web object 326671",,
SRC-5738F04D3B6E,museum_record,Hebrew Bowl B2979,,,"Penn Museum Online Collections, B2979, web object 166400",,
SRC-57594963376F,museum_record,קערת השבעה מס' 32,National Library of Israel,,"National Library of Israel, קערת השבעה מס' 32, Ms. Heb. 9467.126, MMS 997008712396905171.",,
SRC-5759F37E8D3E,museum_record,קערת השבעה מס' 107,National Library of Israel,,"National Library of Israel, קערת השבעה מס' 107, Ms. Heb. 9467.28, MMS 997008712548405171.",,
SRC-57BB9AF5385E,article,An Aramaic Incantation Text,Al-Jubouri [and others; see citation],2013,———. “ An Aramaic Incantation Text.” JSS 58 (2013): 59–63.,,
SRC-57C4B6038FD2,museum_record,Hebrew Bowl B16058,,,"Penn Museum Online Collections, B16058, web object 34976",,
SRC-57D7DC37C6A4,museum_record,Hebrew Bowl B16069,,,"Penn Museum Online Collections, B16069, web object 54420",,
SRC-588C4286D26F,museum_record,קערת השבעה מס' 99,National Library of Israel,,"National Library of Israel, קערת השבעה מס' 99, Ms. Heb. 9467.84, MMS 997008712398805171.",,
SRC-589994C2222B,article,An Aramaic Incantation Bowl in the Allard Pierson Museum,Klaas A. D. Smelik,1978,"Smelik, Klaas. ‘An Aramaic Incantation Bowl in the Allard Pierson Museum.’ Bibliotheca Orientalis 35 (1978): 174–177.",,
SRC-58B42AA8EB67,museum_record,Hebrew Bowl 85-48-915,,,"Penn Museum Online Collections, 85-48-915, web object 28413",,
SRC-58DF8DE7160F,museum_record,Hebrew Bowl B3998,,,"Penn Museum Online Collections, B3998, web object 327754",,
SRC-5915E51A5AA2,article,Une coupe d’incantation chaldéenne de la collection du Professeur Pozzi,Schwab [and others; see citation],1915,———. “Une coupe d’incantation chaldéenne de la collection du Professeur Pozzi.” Comptes rendus des séances de l’Académie des Inscriptions et Belles-Lettres 59 (1915): 383–89.,,
SRC-59F609B5B2DF,article,The (continued) online trade of Aramaic magic bowls from Iraq,Nils H. Korsvoll,2020,"Korsvoll, Nils H. ‘The (Continued) Online Trade of Aramaic Magic Bowls from Iraq.’ Journal of Art Crime 23 (2020): 17–31.",,
SRC-5A523D7507AE,museum_record,קערת השבעה מס' 37,National Library of Israel,,"National Library of Israel, קערת השבעה מס' 37, Ms. Heb. 9467.147, MMS 997008712396405171.",,
SRC-5A90961FADFF,museum_record,קערת השבעה מס' 110,National Library of Israel,,"National Library of Israel, קערת השבעה מס' 110, Ms. Heb. 9467.42, MMS 997008712548105171.",,
SRC-5AC7A3C663BC,museum_record,Hebrew Bowl B16095,,,"Penn Museum Online Collections, B16095, web object 149566",,
SRC-5AD57ED69301,museum_record,קערת השבעה מס' 158,National Library of Israel,,"National Library of Israel, קערת השבעה מס' 158, Ms. Heb. 9467.34, MMS 997008712409005171.",,
SRC-5B067D515306,museum_record,Hebrew Bowl 85-48-953,,,"Penn Museum Online Collections, 85-48-953, web object 70578",,
SRC-5B1E675D9A83,museum_record,Hebrew Bowl B16019,,,"Penn Museum Online Collections, B16019, web object 44307",,
SRC-5BAFA19AD9D6,museum_record,Hebrew Bowl B16102,,,"Penn Museum Online Collections, B16102, web object 334779",,
SRC-5C1BDDF68CD5,archive_snapshot,"M0003378: Incantation bowl with Mandaic inscription, Mesopotamia",Wellcome Collection,1933,"Wellcome Collection. ‘M0003378: Incantation bowl with Mandaic inscription, Mesopotamia,’ archive reference WT/D/1/20/1/27/68, created 1 March 1933.",,
SRC-5C51CF0634BF,museum_record,קערת השבעה מס' 173,National Library of Israel,,"National Library of Israel, קערת השבעה מס' 173, Ms. Heb. 9467.93, MMS 997008712405805171.",,
SRC-5C78BBC82960,museum_record,Hebrew Bowl 85-48-914,,,"Penn Museum Online Collections, 85-48-914, web object 86242",,
SRC-5D009CD596AD,museum_record,Hebrew Bowl B16032,,,"Penn Museum Online Collections, B16032, web object 11291",,
SRC-5D90E7DD9601,museum_record,קערת השבעה מס' 207,National Library of Israel,,"National Library of Israel, קערת השבעה מס' 207, Ms. Heb. 9467.3, MMS 997008712410405171.",,
SRC-5DB206E51D0C,museum_record,Hebrew Bowl B16070,,,"Penn Museum Online Collections, B16070, web object 54421",,
SRC-5DC5C41E5F44,museum_record,קערת השבעה מס' 84,National Library of Israel,,"National Library of Israel, קערת השבעה מס' 84, Ms. Heb. 9467.156, MMS 997008712402605171.",,
SRC-5E9C0E6CB79F,museum_record,Hebrew Bowl B16084,,,"Penn Museum Online Collections, B16084, web object 160253",,
SRC-5ED09A04C455,auction_record,Early medieval Terracotta Aramean Incantation Bowl,Catawiki,,"Catawiki. ‘Early medieval Terracotta Aramean Incantation Bowl,’ lot 52757191, expired auction record, accessed 4 September 2026.",,
SRC-5EDC66BBEFE7,chapter,Transcription and Translation of Seven Magic Bowls (untitled),"Ellis, Thomas",1853,"Ellis, Thomas. “Transcription and Translation of Seven Magic Bowls (untitled).” In Discoveries in the Ruins of Nineveh and Babylon: With Travels in Armenia, Kurdistan, and the Desert; Being the Result of a Second Expedition Undertaken for the Trustees of the British Museum , by Austin H. Layard, 509–23. New York: G. P. Putnam, 1853.",,
SRC-5F194E6FE4AC,museum_record,קערת השבעה מס' 188,National Library of Israel,,"National Library of Israel, קערת השבעה מס' 188, Ms. Heb. 9467.154, MMS 997008712400605171.",,
SRC-5F202013D250,article,Epigraphic Notes,"Borisov, A. Y",1939,"Borisov, A. Y. “Epigraphic Notes” [Russian]. Trudy otdela vostoka: Gosudarstvennyj Ermitazh 1 (1939): 227–35.",,
SRC-5F2BE22D9ADB,museum_record,קערת השבעה מס' 15,National Library of Israel,,"National Library of Israel, קערת השבעה מס' 15, Ms. Heb. 9467.57, MMS 997008712402105171.",,
SRC-5F479179CEBE,museum_record,Hebrew Bowl B16020,,,"Penn Museum Online Collections, B16020, web object 44308",,
SRC-5F62C41EEF94,article,Two Incantation Bowls from Babylon,Herman [and others; see citation],2000,———. “Two Incantation Bowls from Babylon.” Iraq 62 (2000): 139–47.,,
SRC-5F6911283DE0,museum_record,קערת השבעה מס' 95,National Library of Israel,,"National Library of Israel, קערת השבעה מס' 95, Ms. Heb. 9467.200, MMS 997008712399805171.",,
SRC-5F7E0BA65D6E,article,"Jesus in the Magic Bowls. Apropos Dan Levene's ""... and by the name of Jesus ...""",Shaul Shaked,2016,"Jesus in the Magic Bowls. Apropos Dan Levene's ""... and by the name of Jesus ..."" (2016). OpenAlex W129188497.",,
SRC-5FAA5A5945F8,book,Seder Mazikin: Law and Magic in Late Antique Jewish Society,Avigail Manekin-Bamberger,2024,"Manekin-Bamberger, Avigail. Seder Mazikin: Law and Magic in Late Antique Jewish Society. Hebrew. 2024.",,
SRC-603B9C3AF3B5,auction_record,Incantation Bowl — lot 98083,Heritage Auctions,2008,"Heritage Auctions, March 2008 Eclectic Liquidation of Antiquities & Other Collectibles, auction 6005, 19 March 2008, lot 98083.",,
SRC-605E059DD5A2,museum_record,Hebrew Bowl B2965,,,"Penn Museum Online Collections, B2965, web object 159144",,
SRC-60CB324330C9,article,Aramaic Magical Bowls in the Istanbul and Baghdad Museums,"Gordon, Cyrus H",1934,"Gordon, Cyrus H. “ Aramaic Magical Bowls in the Istanbul and Baghdad Museums.” ArOr 6 (1934): 319–34.",,
SRC-6181E1924D9F,museum_record,Hebrew Bowl B2923,,,"Penn Museum Online Collections, B2923, web object 275285",,
SRC-61EC9872D89C,museum_record,קערת השבעה מס' 171,National Library of Israel,,"National Library of Israel, קערת השבעה מס' 171, Ms. Heb. 9467.85, MMS 997008712406405171.",,
SRC-61F3BAFB8DBF,museum_record,incantation bowl: 91758,The British Museum,,"The British Museum, Collections Online, incantation bowl 91758, Segal 002A; accessed 2026-09-04.",,
SRC-62A4522F2585,auction_record,Collection of Aramaic Terracotta Devil Trap Bowls — lot 1419,Apollo Art Auctions via LiveAuctioneers,2026,"Apollo Art Auctions, Fine Ancient Art and Antiquities, 4 October 2026, lot 1419, LiveAuctioneers item 239436738.",,
SRC-62EEECF04AE0,museum_record,Hebrew Bowl B8833,,,"Penn Museum Online Collections, B8833, web object 170702",,
SRC-62F5BFBBBF01,article,Notes on a Recently Published Magic Bowl,Matthew Morgenstern,2004,Notes on a Recently Published Magic Bowl (2004). Crossref DOI 10.1163/000000004781540380.,10.1163/000000004781540380,
SRC-63345F60155B,book,"Die Zauberschalentexte in der Hilprecht-Sammlung, Jena, und weitere Nippur-Texte anderer Sammlungen",Müller-Kessler [and others; see citation],2005,"———. Die Zauberschalentexte in der Hilprecht-Sammlung, Jena, und weitere Nippur-Texte anderer Sammlungen . Texte und Materialien der Frau Professor Hilprecht Collection of Babylonian Antiquities im Eigentum der Universität Jena 7. Wiesbaden: Harrassowitz, 2005.",,
SRC-637B15528678,database,Magical Literature: Incantation Bowls and Jugs,The Schøyen Collection,,"The Schøyen Collection, ‘Magical Literature: Incantation Bowls and Jugs’ (online collection introduction).",,
SRC-639DD8F52972,museum_record,קערת השבעה מס' 13,National Library of Israel,,"National Library of Israel, קערת השבעה מס' 13, Ms. Heb. 9467.49, MMS 997008712402705171.",,
SRC-63E581DB2C77,museum_record,קערת השבעה מס' 41,National Library of Israel,,"National Library of Israel, קערת השבעה מס' 41, Ms. Heb. 9467.163, MMS 997008712395705171.",,
SRC-63FE9BA4E75E,museum_record,קערת השבעה מס' 75,National Library of Israel,,"National Library of Israel, קערת השבעה מס' 75, Ms. Heb. 9467.128, MMS 997008712404305171.",,
SRC-64C2F01953A2,auction_record,"7th C. Mesopotamian Incantation Bowl, ex-Christie's",Artemis Gallery,2019,"Artemis Gallery. ‘7th C. Mesopotamian Incantation Bowl, ex-Christie's,’ lot 113, item 146419, Bidsquare product 1500258, 26 September 2019; ex Christie's New York, 7 December 2000, lot 734.",,
SRC-652597EFBE22,museum_record,Hebrew Bowl B13186,,,"Penn Museum Online Collections, B13186, web object 297737",,
SRC-669EF487EA51,museum_record,Hebrew Bowl B313,,,"Penn Museum Online Collections, B313, web object 120830",,
SRC-66B24D951AFE,museum_record,Hebrew Bowl B2956,,,"Penn Museum Online Collections, B2956, web object 93146",,
SRC-66C7ED3ED9B4,museum_record,Hebrew Bowl B2926,,,"Penn Museum Online Collections, B2926, web object 11597",,
SRC-6708CC3332A2,museum_record,קערת השבעה מס' 19,National Library of Israel,,"National Library of Israel, קערת השבעה מס' 19, Ms. Heb. 9467.73, MMS 997008712399705171.",,
SRC-6729B3C461D7,article,"Exploring the 'Cozy Cabal of Academics, Dealers and Collectors' through the Schøyen Collection",Simon Mackenzie; and colleagues,2020,"Mackenzie, Simon, and colleagues. 'Exploring the ""Cozy Cabal of Academics, Dealers and Collectors"" through the Schøyen Collection.' Heritage 3 (2020).",,
SRC-677DE1B86161,museum_record,Hebrew Bowl B16035,,,"Penn Museum Online Collections, B16035, web object 260717",,
SRC-67E04A92F7ED,museum_record,קערת השבעה מס' 5,National Library of Israel,,"National Library of Israel, קערת השבעה מס' 5, Ms. Heb. 9467.10, MMS 997008712405305171.",,
SRC-682B572B5A56,chapter,Toward a Comprehensive Ontology of Jewish Babylonian Aramaic Bowl Texts and Their Features,HARRIET WALKER,2025,Toward a Comprehensive Ontology of Jewish Babylonian Aramaic Bowl Texts and Their Features (2025). OpenAlex W4413821810.,10.2307/jj.32831083.15,
SRC-68826E462E63,chapter,Four Aramaic Incantation Bowls,Geller [and others; see citation],1980,"———. “Four Aramaic Incantation Bowls.” In The Bible World: Essays in Honor of Cyrus H. Gordon , ed. Gary Rendsburg, Ruth Adler, Milton Arfa, and Nathan H. Winter, 47–60. New York: Ktav, 1980.",,
SRC-68A2D33D7CF9,article,"Babylonian Talmud, Bowls, and Jewish Textuality",Shai Secunda,2025,"Secunda, Shai. 'Babylonian Talmud, Bowls, and Jewish Textuality.' Jewish Quarterly Review 115 (2025): 413–451.",,
SRC-68F0CF7A7A0D,museum_record,Hebrew Bowl B8700,,,"Penn Museum Online Collections, B8700, web object 213966",,
SRC-696E71D7E586,book,Amulets and Magic Bowls: Aramaic Incantations of Late Antiquity,"Naveh, Joseph, and Shaul Shaked",1998,"Naveh, Joseph, and Shaul Shaked. Amulets and Magic Bowls: Aramaic Incantations of Late Antiquity. Jerusalem: Magnes; Leiden: Brill, 1985; 2nd/3rd ed., Jerusalem, 1987/1998.",,
SRC-69724CEA37F1,museum_record,Hebrew Bowl Sherd B6357,,,"Penn Museum Online Collections, B6357, web object 313325",,
SRC-69C22D670211,article,“Bring to the Gates… upon a good smell and upon good fragrances”: an Aramaic incantation bowl for success in business,D. Levene; Siam Bhayro,2005,“Bring to the Gates… upon a good smell and upon good fragrances”: an Aramaic incantation bowl for success in business (2005). Repository location indexed by OpenAlex W27568255.,,
SRC-6A7F76E470A0,museum_record,Hebrew Bowl B16047,,,"Penn Museum Online Collections, B16047, web object 192629",,
SRC-6A9CA8180B69,museum_record,קערת השבעה מס' 18,National Library of Israel,,"National Library of Israel, קערת השבעה מס' 18, Ms. Heb. 9467.69, MMS 997008712399905171.",,
SRC-6AA8AE0B4D4D,museum_record,קערת השבעה מס' 147,National Library of Israel,,"National Library of Israel, קערת השבעה מס' 147, Ms. Heb. 9467.189, MMS 997008712544405171.",,
SRC-6AACCCF09C88,article,Une coupe d’incantation,"Schwab, Moïse",1886,"Schwab, Moïse. “Une coupe d’incantation.” Revue d’assyriologie et d’archéologie orientale 1 (1886): 117–19.",,
SRC-6AE1D2F1E16E,web_page,Знакомство с арамейскими магическими чашами,"Semitic Epigraphy in the Digital Age seminar, HSE University",2025,"HSE University, ‘Знакомство с арамейскими магическими чашами,’ seminar report illustrating State Hermitage Museum S-444, 2025.",,
SRC-6B02C0DF842B,museum_record,Hebrew Bowl B2940,,,"Penn Museum Online Collections, B2940, web object 225262",,
SRC-6B7999FA31E9,article,Eine aramäische Zauberschale im Museum für Vor- und Fruhgeschichte zu Berlin,"Müller-Kessler, Christa",1994,"Müller-Kessler, Christa. “Eine aramäische Zauberschale im Museum für Vor- und Fruhgeschichte zu Berlin.” Orientalia 63 (1994): 5–9.",,
SRC-6BA7308804FF,museum_record,Eine Zauberschale aus Nippur,"Frau Professor Hilprecht Collection of Babylonian Antiquities, Friedrich Schiller University Jena",,"Museen Thüringen, ‘Eine Zauberschale aus Nippur,’ HS 3039, portal record dc00000833, accessed 4 September 2026.",,
SRC-6BCE45CAE460,museum_record,Hebrew Bowl B9010,,,"Penn Museum Online Collections, B9010, web object 271621",,
SRC-6C3666635D28,museum_record,Hebrew Bowl 85-48-908,,,"Penn Museum Online Collections, 85-48-908, web object 324269",,
SRC-6C59F1DF2FE9,museum_record,Hebrew Bowl B2928,,,"Penn Museum Online Collections, B2928, web object 305906",,
SRC-6CC56BA8F544,museum_record,Ostracon B2729,,,"Penn Museum Online Collections, B2729, web object 105494",,
SRC-6CF62B01BA38,database,Aramaic incantation bowl (Syriac inscription),Unknown,2021,"Aramaic incantation bowl (Syriac inscription). USC Digital Library asset 2A3BF1S6UJTXD, DOI 10.25549/inscriptifact-ouc15260339.",10.25549/inscriptifact-ouc15260339,
SRC-6D313A7AA389,catalogue,Working List of Syriac ‘Manichaean’ Incantation Bowls,"Mattias Brand, with assistance of Alexandra Probst",2021,"Brand, Mattias, with Alexandra Probst. Working List of Syriac ‘Manichaean’ Incantation Bowls. Version 1, June 2021.",,
SRC-6E01F490BAF0,museum_record,Hebrew Bowl B16031,,,"Penn Museum Online Collections, B16031, web object 97758",,
SRC-6E12BA576C0D,museum_record,קערת השבעה מס' 80,National Library of Israel,,"National Library of Israel, קערת השבעה מס' 80, Ms. Heb. 9467.140, MMS 997008712403505171.",,
SRC-6F1648776C5D,museum_record,Hebrew Bowl B16091,,,"Penn Museum Online Collections, B16091, web object 67146",,
SRC-7018315A1B2F,article,An Aramaic Incantation Bowl in Iraq Museum,"Al-Jubouri, Bahaa Amer",2011,"Al-Jubouri, Bahaa Amer. “ An Aramaic Incantation Bowl in Iraq Museum.” Sumer 65 (2011): 25–30.",,
SRC-713E68ED9018,article,A New Incantation Bowl with Arabic Inscription,A Faraj,2016,A New Incantation Bowl with Arabic Inscription (2016). Repository location indexed by OpenAlex W2809766096.,,
SRC-71F6B506CE96,museum_record,incantation bowl: 117882,The British Museum,,"The British Museum, Collections Online, incantation bowl 117882, Segal 119ES; accessed 2026-09-04.",,
SRC-723E7803459B,article,Two Magic Bowls in Teheran,Gordon [and others; see citation],1951,———. “Two Magic Bowls in Teheran.” Orientalia 20 (1951): 306–15.,,
SRC-72652F4681FB,chapter,An Unpublished Incantation Bowl with a Citation from Isaiah 40,"Herman, Geoffrey",2021,"Herman, Geoffrey. “ An Unpublished Incantation Bowl with a Citation from Isaiah 40.” Semitica 63 (2021): 349–53. 44 Aramaic Incantation Bowls Hunter, Erica C. D. “Combat and Conflict in Incantation Bowls: Studies on Two Aramaic Specimens from Nippur.” In Studia Aramaica: New Sources and New Approaches, ed. Markham J. Geller, Jonas C. Greenfield, and Michael P. Weitzman, 61–75. Oxford: Oxford University Press, 1995.",,
SRC-72B16EB72E00,museum_record,קערת השבעה מס' 163,National Library of Israel,,"National Library of Israel, קערת השבעה מס' 163, Ms. Heb. 9467.54, MMS 997008712408005171.",,
SRC-72D809FB4249,catalogue,Catalogue of the Aramaic and Mandaic Incantation Bowls in the British Museum,"J. B. Segal, with a contribution by Erica C. D. Hunter",2000,"Segal, J. B., with Erica C. D. Hunter. Catalogue of the Aramaic and Mandaic Incantation Bowls in the British Museum. London: British Museum Press, 2000.",,0714111457
SRC-72E772B0D8BB,museum_record,קערת השבעה מס' 87,National Library of Israel,,"National Library of Israel, קערת השבעה מס' 87, Ms. Heb. 9467.168, MMS 997008712402205171.",,
SRC-7314F33C6D82,museum_record,incantation bowl: 91745,The British Museum,,"The British Museum, Collections Online, incantation bowl 91745, Segal 005A; accessed 2026-09-04.",,
SRC-7354A637359A,article,Two Incantation Bowls from the Collection of the Iraq Museum,Herman [and others; see citation],1997,———. “Two Incantation Bowls from the Collection of the Iraq Museum.” Sumer 49 (1997): 107–26.,,
SRC-73B85F2D465B,database,Aramaic incantation bowl (Syriac inscription),Unknown,2021,"Aramaic incantation bowl (Syriac inscription). USC Digital Library asset 2A3BF1S6UZPF4, DOI 10.25549/inscriptifact-ouc15259844.",10.25549/inscriptifact-ouc15259844,
SRC-73C44B143A9D,book,The Bible in the Bowls: A Catalogue of Biblical Quotations in Published Jewish Babylonian Aramaic Magic Bowls,"Daniel James Waller, with contributions by Dorota Molin",2022,"Waller, Daniel James, with contributions by Dorota Molin. The Bible in the Bowls: A Catalogue of Biblical Quotations in Published Jewish Babylonian Aramaic Magic Bowls. Cambridge: Open Book Publishers, 2022. DOI: 10.11647/OBP.0305.",10.11647/OBP.0305,9781800647657
SRC-756FA4A26B5C,museum_record,Hebrew Bowl B2916,,,"Penn Museum Online Collections, B2916, web object 254819",,
SRC-757E3BBFFE63,auction_record,Aramaic Terracotta Incantation Devil Trap Bowl,Apollo Art Auctions,2025,"Apollo Art Auctions. ‘Aramaic Terracotta Incantation Devil Trap Bowl.’ Closed auction 3 August 2025, indexed by Barnebys, accessed 4 September 2026.",,
SRC-75EA53A29C14,museum_record,Hebrew Bowl B16021,,,"Penn Museum Online Collections, B16021, web object 224217",,
SRC-76255A1BD6F7,museum_record,Hebrew Bowl B2946,,,"Penn Museum Online Collections, B2946, web object 177894",,
SRC-7630068C62BC,museum_record,Hebrew Bowl B9011,,,"Penn Museum Online Collections, B9011, web object 293903",,
SRC-76D41F29691C,museum_record,קערת השבעה מס' 100,National Library of Israel,,"National Library of Israel, קערת השבעה מס' 100, Ms. Heb. 9467.88, MMS 997008712398605171.",,
SRC-76DC03BE6AEF,museum_record,incantation bowl: 91726,The British Museum,,"The British Museum, Collections Online, incantation bowl 91726, Segal 010A; accessed 2026-09-04.",,
SRC-76E6A8834112,museum_record,Hebrew Bowl B2949,,,"Penn Museum Online Collections, B2949, web object 67590",,
SRC-76FA11AF1EDE,museum_record,קערת השבעה מס' 133,National Library of Israel,,"National Library of Israel, קערת השבעה מס' 133, Ms. Heb. 9467.135, MMS 997008712545805171.",,
SRC-7739CD103A79,museum_record,Hebrew Bowl B2976,,,"Penn Museum Online Collections, B2976, web object 322449",,
SRC-77BC594D2166,book,"A Syriac Incantation Bowl in the Finnish National Museum, Helsinki",Tapani Harviainen,1978,"Harviainen, Tapani. A Syriac Incantation Bowl in the Finnish National Museum, Helsinki. Studia Orientalia 51:1. Helsinki, 1978.",,951-95074-3-4
SRC-77C56EEC7912,auction_record,Aramaic Terracotta Incantation Bowl with Warrior,Barnebys,2026,"Barnebys, Apollo Art Auctions, ‘Aramaic Terracotta Incantation Bowl with Warrior,’ record fiLN9BK-626947463, observed 4 September 2026.",,
SRC-77CADCC57C0B,museum_record,קערת השבעה מס' 138,National Library of Israel,,"National Library of Israel, קערת השבעה מס' 138, Ms. Heb. 9467.153, MMS 997008712545305171.",,
SRC-786574A2B43C,museum_record,Hebrew Bowl Sherd B6360,,,"Penn Museum Online Collections, B6360, web object 119332",,
SRC-78DC3B5775D7,museum_record,קערת השבעה מס' 127,National Library of Israel,,"National Library of Israel, קערת השבעה מס' 127, Ms. Heb. 9467.111, MMS 997008712546405171.",,
SRC-78F948AF3697,museum_record,Hebrew Bowl B16059,,,"Penn Museum Online Collections, B16059, web object 330993",,
SRC-790D28CDD890,museum_record,incantation bowl: 91716,The British Museum,,"The British Museum, Collections Online, incantation bowl 91716, Segal 006A; accessed 2026-09-04.",,
SRC-795E719C624E,book,Magic Spells and Formulae: Aramaic Incantations of Late Antiquity,Naveh [and others; see citation],1993,"———, and Shaul Shaked. Magic Spells and Formulae: Aramaic Incantations of Late Antiquity. Jerusalem: Magnes, 1993.",,
SRC-7AACC01DCA72,museum_record,קערת השבעה מס' 88,National Library of Israel,,"National Library of Israel, קערת השבעה מס' 88, Ms. Heb. 9467.172, MMS 997008712401905171.",,
SRC-7AFBBA66C4E8,museum_record,קערת השבעה מס' 9,National Library of Israel,,"National Library of Israel, קערת השבעה מס' 9, Ms. Heb. 9467.30, MMS 997008712404405171.",,
SRC-7B803E3973EE,museum_record,Zauberschale mit Inschrift,"Staatliche Museen zu Berlin, Vorderasiatisches Museum",,"Staatliche Museen zu Berlin, Vorderasiatisches Museum. ‘Zauberschale mit Inschrift,’ VA Bab 02836, ObjID 1743770, updated 29 July 2026.",,
SRC-7B96CC040B1B,article,Magic Bowls in the Moriah Collection,Gordon [and others; see citation],1984,———. “Magic Bowls in the Moriah Collection.” Orientalia 53 (1984): 220– 41.,,
SRC-7BA17B55FC70,book,Jewish Magic before the Rise of Kabbalah,Yuval Harari,2017,"Harari, Yuval. Jewish Magic before the Rise of Kabbalah. English edition. Detroit: Wayne State University Press, 2017.",,
SRC-7C6EE65D44A4,museum_record,Hebrew Bowl B16068,,,"Penn Museum Online Collections, B16068, web object 279621",,
SRC-7C7C417359C9,museum_record,קערת השבעה מס' 166,National Library of Israel,,"National Library of Israel, קערת השבעה מס' 166, Ms. Heb. 9467.66, MMS 997008712407405171.",,
SRC-7DC4EF76EB0C,museum_record,incantation bowl: 117880,The British Museum,,"The British Museum, Collections Online, incantation bowl 117880, Segal 081M; accessed 2026-09-04.",,
SRC-7E06AEF259FF,museum_record,קערת השבעה מס' 145,National Library of Israel,,"National Library of Israel, קערת השבעה מס' 145, Ms. Heb. 9467.181, MMS 997008712544605171.",,
SRC-7E1BE28B0A13,museum_record,קערת השבעה מס' 184,National Library of Israel,,"National Library of Israel, קערת השבעה מס' 184, Ms. Heb. 9467.137, MMS 997008712401205171.",,
SRC-7E3137FE462C,dealer_record,"Mesopotamian Incantation Bowl, 5th–7th Century AD",Ostracon Ancient Art / Bernhard I. Muller,,"Ostracon Ancient Art. ‘Mesopotamian Incantation Bowl, 5th–7th Century AD,’ Trocadero item 1455520, accessed 4 September 2026.",,
SRC-7E3837283D16,museum_record,קערת השבעה מס' 151,National Library of Israel,,"National Library of Israel, קערת השבעה מס' 151, Ms. Heb. 9467.205, MMS 997008712544005171.",,
SRC-7E55A07F2355,article,"Zu den Zauberschalen des königlichen Museums in Berlin (Vgl. ZA. VIII, Ss. 313ff.; IX, Ss. 11ff.)","Fraenkel, Siegmund",1894,"Fraenkel, Siegmund. “Zu den Zauberschalen des königlichen Museums in Berlin (Vgl. ZA. VIII, Ss. 313ff.; IX, Ss. 11ff.).” Zeitschrift für Assyriologie und Vorderasiatische Archäologie 9 (1894): 308–9.",,
SRC-7E7849278752,museum_record,קערת השבעה מס' 30,National Library of Israel,,"National Library of Israel, קערת השבעה מס' 30, Ms. Heb. 9467.118, MMS 997008712397105171.",,
SRC-7EF50A8BFF24,museum_record,Hebrew Bowl B16096,,,"Penn Museum Online Collections, B16096, web object 139925",,
SRC-7F0FBA89D925,book,"Les coupes magiques araméennes de Mésopotamie (PhD thesis, Université de Paris, 1963)","Jeruzalmi, Isak",1963,"Jeruzalmi, Isak. Les coupes magiques araméennes de Mésopotamie (PhD thesis, Université de Paris, 1963).",,
SRC-7FBBB775E502,book,Aramaic Bowl Spells,Shaul Shaked; James Nathan Ford; Siam Bhayro,2013,Aramaic Bowl Spells (2013). Crossref DOI 10.1163/9789004229372.,10.1163/9789004229372,
SRC-7FE468EAAF58,article,Une coupe magique araméenne,"Gawlikowski, Michel",1990,"Gawlikowski, Michel. “Une coupe magique araméenne.” Semitica 38 (1990): 137–45.",,
SRC-7FF35DD224D5,chapter,Aramaic Incantation Bowls in War and in Peace,Neil Brodie,2016,"Brodie, Neil. ‘Aramaic Incantation Bowls in War and in Peace.’ In Art Crime: Terrorists, Tomb Raiders, Forgers and Thieves, ed. Noah Charney. Palgrave Macmillan, 2016.",,
SRC-8008307DAAEE,article,Religion and the Aramaic Incantation Bowls,Michael G. Morony,2007,"Morony, Michael G. 'Religion and the Aramaic Incantation Bowls.' Religion Compass 1 (2007). DOI: 10.1111/j.1749-8171.2007.00029.x.",10.1111/j.1749-8171.2007.00029.x,
SRC-8052C7DFFEEC,museum_record,Hebrew Bowl B6358,,,"Penn Museum Online Collections, B6358, web object 136917",,
SRC-805E0E81051E,museum_record,קערת השבעה מס' 154,National Library of Israel,,"National Library of Israel, קערת השבעה מס' 154, Ms. Heb. 9467.16, MMS 997008712409705171.",,
SRC-8098BF9389D6,museum_record,קערת השבעה מס' 3,National Library of Israel,,"National Library of Israel, קערת השבעה מס' 3, Ms. Heb. 9467.5, MMS 997008712406005171.",,
SRC-815C148CDE83,museum_record,incantation bowl: 91766,The British Museum,,"The British Museum, Collections Online, incantation bowl 91766, Segal 014A; accessed 2026-09-04.",,
SRC-81CBECDBBCA9,dealer_record,"Mesopotamian Incantation Bowl, 5th–7th Century AD",Ostracon Ancient Art,,"Ostracon Ancient Art. ‘Mesopotamian Incantation Bowl, 5th–7th Century AD,’ Trocadero item 1495910, accessed 4 September 2026.",,
SRC-81DE7ADF7FDB,article,Jewish Legal Formulae in the Aramaic Incantation Bowls,Avigail Manekin-Bamberger,2015,"Manekin-Bamberger, Avigail. 'Jewish Legal Formulae in the Aramaic Incantation Bowls.' Aramaic Studies 13 (2015): 69–81.",,
SRC-8259B2E9DA09,article,An Aramaic Incantation Bowl and the Fall of Hatra,Enrico Marcato,2020,An Aramaic Incantation Bowl and the Fall of Hatra (2020). Repository location indexed by OpenAlex W3071645129.,10.1515/janeh-2020-0004,
SRC-8276911E4531,museum_record,Hebrew Bowl Sherds B2938,,,"Penn Museum Online Collections, B2938, web object 34145",,
SRC-82FD18CB6C4C,museum_record,קערת השבעה מס' 136,National Library of Israel,,"National Library of Israel, קערת השבעה מס' 136, Ms. Heb. 9467.146, MMS 997008712545505171.",,
SRC-83005A93C553,museum_record,Hebrew Bowl B8834,,,"Penn Museum Online Collections, B8834, web object 298056",,
SRC-835C4BCFF6B0,museum_record,Hebrew Bowl B2932,,,"Penn Museum Online Collections, B2932, web object 154161",,
SRC-839E5208B414,museum_record,קערת השבעה מס' 65,National Library of Israel,,"National Library of Israel, קערת השבעה מס' 65, Ms. Heb. 9467.64, MMS 997008712406505171.",,
SRC-83A3DFDE7924,chapter,Mandaic Magic Bowls in the Moussaieff Collection: A Preliminary Survey,Matthew Morgenstern,2012,"Morgenstern, Matthew. “Mandaic Magic Bowls in the Moussaieff Collection: A Preliminary Survey.” In New Inscriptions and Seals Relating to the Biblical World, 157–170. Society of Biblical Literature, 2012. https://doi.org/10.2307/j.ctt32bzp2.17.",10.2307/j.ctt32bzp2.17,
SRC-84615D159BAF,article,A New Incantation Bowl with Arabic Inscription,A Faraj,2016,A New Incantation Bowl with Arabic Inscription (2016). OpenAlex W2809766096.,,
SRC-84678662059D,museum_record,incantation bowl: 91710,The British Museum,,"The British Museum, Collections Online, incantation bowl 91710, Segal 013A; accessed 2026-09-04.",,
SRC-854641D21DA4,museum_record,Hebrew Bowl B16011,,,"Penn Museum Online Collections, B16011, web object 15709",,
SRC-855C75734A1F,museum_record,Hebrew Bowl B16004,,,"Penn Museum Online Collections, B16004, web object 157174",,
SRC-8573DCD9A5DE,museum_record,Hebrew Bowl B16012,,,"Penn Museum Online Collections, B16012, web object 27830",,
SRC-85B88C970151,article,An Unpublished Syriac Bowl (B9002) with a Mandaic Incantation,Simcha Gross; Michele Scarlassara,2025,"Gross, Simcha, and Michele Scarlassara. 'An Unpublished Syriac Bowl (B9002) with a Mandaic Incantation.' Aramaic Studies 23 (2025): 22–54. DOI: 10.1163/17455227-bja10059.",10.1163/17455227-bja10059,
SRC-85BD313987E5,auction_record,Aramaic Terracotta Incantation / Devil Trap / Magic Bowl with Painted Figure,The Mumbling Muse,,"The Mumbling Muse. ‘Aramaic Terracotta Incantation / Devil Trap / Magic Bowl with Painted Figure (6–8 Century AD),’ item MCG00069, iCollector record 20562699, accessed 4 September 2026.",,
SRC-86094B7B5D39,museum_record,קערת השבעה מס' 54,National Library of Israel,,"National Library of Israel, קערת השבעה מס' 54, Ms. Heb. 9467.26, MMS 997008712408705171.",,
SRC-863F759FA35B,museum_record,Hebrew Bowl B16050,,,"Penn Museum Online Collections, B16050, web object 135415",,
SRC-87551DA5C233,museum_record,Hebrew Bowl B2982,,,"Penn Museum Online Collections, B2982, web object 265499",,
SRC-8783127BF3E4,article,Transferring performativity from speech to writing: illocutionary acts and incantation bowls,Daniel James Waller,2019,Transferring performativity from speech to writing: illocutionary acts and incantation bowls (2019). Repository location indexed by OpenAlex W2949666291.,10.1017/s0041977x19000363,
SRC-8900A7CAF037,book,Discoveries in the Ruins of Nineveh and Babylon,Austen Henry Layard; Thomas Ellis,1853,"Layard, Austen Henry. Discoveries in the Ruins of Nineveh and Babylon. London: John Murray, 1853. Includes Thomas Ellis's decipherments of the incantation bowls Layard acquired.",,
SRC-898354D07BF9,museum_record,קערת השבעה מס' 79,National Library of Israel,,"National Library of Israel, קערת השבעה מס' 79, Ms. Heb. 9467.136, MMS 997008712403705171.",,
SRC-899462FAA735,chapter,Incantation bowls in the Nippur 1989 Area WG context,Erica C. D. Hunter,2021,"Hunter, Erica C. D. Discussion of incantation bowls from Nippur Area WG and Tell Baruda, in From Shreds to Landscapes: Studies on the Ancient Near East in Honor of McGuire Gibson, SAOC 71 (Chicago, 2021), 138–139.",,
SRC-89C84FE4EDDF,museum_record,קערת השבעה מס' 1,National Library of Israel,,"National Library of Israel, קערת השבעה מס' 1, Ms. Heb. 9467.207, MMS 997008817589805171.",,
SRC-8A145FAA2EBB,catalogue,"Aramaic Incantation Bowls in Museum Collections, Volume One: The Frau Professor Hilprecht Collection of Babylonian Antiquities, Jena",James Nathan Ford; Matthew Morgenstern,2019,"Ford, James Nathan, and Matthew Morgenstern. Aramaic Incantation Bowls in Museum Collections, Volume One: The Frau Professor Hilprecht Collection of Babylonian Antiquities, Jena. Magical and Religious Literature of Late Antiquity 8. Leiden: Brill, 2019.",,978-90-04-37700-4
SRC-8A22FE453E07,museum_record,Hebrew Bowl B2918,,,"Penn Museum Online Collections, B2918, web object 66411",,
SRC-8BED62342B9F,museum_record,קערת השבעה מס' 8,National Library of Israel,,"National Library of Israel, קערת השבעה מס' 8, Ms. Heb. 9467.25, MMS 997008712404605171.",,
SRC-8BF11D5C2CDD,auction_record,Byzantine incantation bowl — lot 84,Setdart Auction House via Invaluable,2024,"Setdart Auction House, Ancient Art private collection, 6 March 2024, lot 84; Invaluable record 31b41a7a0c.",,
SRC-8C3D3D8BF3F2,museum_record,Hebrew Bowl B3997,,,"Penn Museum Online Collections, B3997, web object 59666",,
SRC-8C611BF93288,book,Aramaic Bowl Spells,Shaul Shaked; James Nathan Ford; Siam Bhayro,2021,Aramaic Bowl Spells (2021). OpenAlex W4200029842.,10.1163/9789004471719,
SRC-8CC2951A6967,museum_record,קערת השבעה מס' 16,National Library of Israel,,"National Library of Israel, קערת השבעה מס' 16, Ms. Heb. 9467.61, MMS 997008712400205171.",,
SRC-8D2E14DCB3BB,museum_record,Eine Zauberschale aus Nippur,"Frau Professor Hilprecht Collection of Babylonian Antiquities, Friedrich Schiller University Jena",,"Museen Thüringen, ‘Eine Zauberschale aus Nippur,’ HS 3040, portal record dc00001088, accessed 4 September 2026.",,
SRC-8D4D20B236D5,museum_record,Hebrew Bowl B2984,,,"Penn Museum Online Collections, B2984, web object 38739",,
SRC-8D6B103F0FC0,other,A New Mandaic Incantation Bowl from Babil (IM 91-100147),A Faraj,2017,A New Mandaic Incantation Bowl from Babil (IM 91-100147) (2017). OpenAlex W2916424618.,,
SRC-8D6EF06C7096,museum_record,Hebrew Bowl B16081,,,"Penn Museum Online Collections, B16081, web object 316265",,
SRC-8D773CA2BC70,museum_record,Incantation Bowl,Kelsey DiSKO / Kelsey Museum of Archaeology,,"Kelsey DiSKO. ‘Incantation Bowl,’ object information 2018.01.0502, accessed 4 September 2026.",,
SRC-8DC0C80F3A87,museum_record,Hebrew Bowl B6367,,,"Penn Museum Online Collections, B6367, web object 45938",,
SRC-8E067C28E5A9,museum_record,Hebrew Bowl B8824,,,"Penn Museum Online Collections, B8824, web object 156153",,
SRC-8E2DACBA5AC1,museum_record,Hebrew Bowl B16017,,,"Penn Museum Online Collections, B16017, web object 97562",,
SRC-8E416F453608,database,Hebrew Incantation Bowl,Unknown,2021,"Hebrew Incantation Bowl. USC Digital Library asset 2A3BF1R6NOWZY, DOI 10.25549/inscriptifact-ouc110214183.",10.25549/inscriptifact-ouc110214183,
SRC-8E5E61A34FE4,chapter,Early Epigraphic Evidence for the ꜤAleinu le-Shabbeaḥ Prayer,"Silverman, Robert J., and James Nathan Ford",2024,"Silverman, Robert J., and James Nathan Ford. “Early Epigraphic Evidence for the ꜤAleinu le-Shabbeaḥ Prayer.” In ‘Gabriel: Tell this Man the Meaning of his Vision’ (Daniel, 8:16): Studies in Archaeology, Epigraphy, Iconography and the Biblical World in Honor of Gabriel Barkay on the Occasion of His 80th Birthday (22 June 2024), ed. Robert Deutsch and André Lemaire, 333–41. Tel Aviv: Archaeological Center Publications, 2024.",,
SRC-8EBCA8FEF9B5,auction_record,Incantation Bowl — Auction 32 lot 153,Kedem Auction House,2013,"Kedem Auction House. ‘Incantation Bowl.’ Auction 32, lot 153, 2 July 2013.",,
SRC-8EBFDF290AFE,museum_record,קערת השבעה מס' 36,National Library of Israel,,"National Library of Israel, קערת השבעה מס' 36, Ms. Heb. 9467.142, MMS 997008712396505171.",,
SRC-8F85777A6AC7,museum_record,קערת השבעה מס' 168,National Library of Israel,,"National Library of Israel, קערת השבעה מס' 168, Ms. Heb. 9467.74, MMS 997008712407105171.",,
SRC-8F8BA58FAE9F,article,An Incantation Bowl for Rav Mešaršia Son of Qaqay,James Nathan Ford; Alon Ten-Ami,2012,"Ford, James Nathan, and Alon Ten-Ami. ‘An Incantation Bowl for Rav Mešaršia Son of Qaqay’ [Hebrew]. Tarbiz 80, no. 2 (2012): 219–230. JSTOR 23607828.",,
SRC-8FCA6E546C05,museum_record,Hebrew Bowl B16100,,,"Penn Museum Online Collections, B16100, web object 50874",,
SRC-8FD3C2906C4C,museum_record,קערת השבעה מס' 155,National Library of Israel,,"National Library of Israel, קערת השבעה מס' 155, Ms. Heb. 9467.20, MMS 997008712409505171.",,
SRC-90F8951B4AA3,article,"Curious Characters, Invented Scripts, and … Charlatans? “Pseudo-Scripts” in the Mesopotamian Magic Bowls",Daniel James Waller,2019,"Curious Characters, Invented Scripts, and … Charlatans? “Pseudo-Scripts” in the Mesopotamian Magic Bowls (2019). Repository location indexed by OpenAlex W2937092681.",10.1086/702309,
SRC-912B013AAAA2,museum_record,קערת השבעה מס' 83,National Library of Israel,,"National Library of Israel, קערת השבעה מס' 83, Ms. Heb. 9467.152, MMS 997008712402805171.",,
SRC-9183803B353B,museum_record,Hebrew Bowl B9003,,,"Penn Museum Online Collections, B9003, web object 294157",,
SRC-919E6B2FEA91,museum_record,Hebrew Bowl B2952,,,"Penn Museum Online Collections, B2952, web object 327632",,
SRC-924037351956,museum_record,קערת השבעה מס' 172,National Library of Israel,,"National Library of Israel, קערת השבעה מס' 172, Ms. Heb. 9467.89, MMS 997008712406205171.",,
SRC-927524F526DA,museum_record,קערת השבעה מס' 86,National Library of Israel,,"National Library of Israel, קערת השבעה מס' 86, Ms. Heb. 9467.164, MMS 997008712402305171.",,
SRC-9281A3F0294E,museum_record,קערת השבעה מס' 76,National Library of Israel,,"National Library of Israel, קערת השבעה מס' 76, Ms. Heb. 9467.116, MMS 997008712404205171.",,
SRC-932479553867,museum_record,Hebrew Bowl Sherd B6347,,,"Penn Museum Online Collections, B6347, web object 136538",,
SRC-943673B56FB8,book,Aramaic Incantation Texts from Nippur,James A. Montgomery,1913,"Montgomery, James A. Aramaic Incantation Texts from Nippur. University Museum, Babylonian Section, Publications 3. Philadelphia, 1913.",,
SRC-94481B2559F0,museum_record,Hebrew Bowl B16044,,,"Penn Museum Online Collections, B16044, web object 38626",,
SRC-94C8F3372F28,museum_record,Hebrew Bowl B6365,,,"Penn Museum Online Collections, B6365, web object 334210",,
SRC-9648B800DB11,museum_record,קערת השבעה מס' 105,National Library of Israel,,"National Library of Israel, קערת השבעה מס' 105, Ms. Heb. 9467.18, MMS 997008712548605171.",,
SRC-974453A73C8C,museum_record,קערת השבעה מס' 59,National Library of Israel,,"National Library of Israel, קערת השבעה מס' 59, Ms. Heb. 9467.56, MMS 997008712407705171.",,
SRC-97C7954CBDDE,museum_record,Hebrew Bowl B2927,,,"Penn Museum Online Collections, B2927, web object 194433",,
SRC-97E75F8B4122,article,"Aramaic Bowl Spells: Jewish Babylonian Aramaic Bowls, vol. 1. By Shaul Shaked; James Nathan Ford; and Siam Bhayro",Christian Stadel,2016,"Aramaic Bowl Spells: Jewish Babylonian Aramaic Bowls, vol. 1. By Shaul Shaked; James Nathan Ford; and Siam Bhayro (2016). OpenAlex W4243621537.",10.7817/jameroriesoci.136.3.0630,
SRC-982E8721AEB0,museum_record,קערת השבעה מס' 124,National Library of Israel,,"National Library of Israel, קערת השבעה מס' 124, Ms. Heb. 9467.99, MMS 997008712546705171.",,
SRC-99B4DABF5368,museum_record,קערת השבעה מס' 189,National Library of Israel,,"National Library of Israel, קערת השבעה מס' 189, Ms. Heb. 9467.158, MMS 997008712400505171.",,
SRC-99D14359C4FC,museum_record,קערת השבעה מס' 77,National Library of Israel,,"National Library of Israel, קערת השבעה מס' 77, Ms. Heb. 9467.120, MMS 997008712404105171.",,
SRC-99EFC7EC2D5B,auction_record,Judeo-Araméen ancien terre cuite bol d'incantation démon,Catawiki,2023,"Catawiki. ‘Judéo-Araméen ancien — terre cuite — bol d'incantation démon,’ lot 68030117, indexed March 2023.",,
SRC-99F964DDA219,database,Virtual Magic Bowl Archive (archived project landing page),University of Exeter,,"University of Exeter, Virtual Magic Bowl Archive, archived project landing page, accessed 4 September 2026.",,
SRC-9ADC8CC95608,repository,Remarks on a new Aramaic Incantation Bowl IM 77781 — repository record,Ali H. Faraj,2023,"Faraj, Ali H. ‘Remarks on a New Aramaic Incantation Bowl IM 77781.’ Journal of Semitic Studies 68.1 (2023): 89–95; Bicocca Open Archive record 10281/362778; DOI 10.1093/jss/fgac026.",,
SRC-9AF772FF6B94,museum_record,קערת השבעה מס' 139,National Library of Israel,,"National Library of Israel, קערת השבעה מס' 139, Ms. Heb. 9467.157, MMS 997008712545205171.",,
SRC-9B0E37E75BFE,museum_record,קערת השבעה מס' 101,National Library of Israel,,"National Library of Israel, קערת השבעה מס' 101, Ms. Heb. 9467.92, MMS 997008712398405171.",,
SRC-9B1A9F3DFDD9,museum_record,קערת השבעה מס' 182,National Library of Israel,,"National Library of Israel, קערת השבעה מס' 182, Ms. Heb. 9467.129, MMS 997008712401605171.",,
SRC-9B4DFF0C5A9E,museum_record,Hebrew Bowl B16071,,,"Penn Museum Online Collections, B16071, web object 339952",,
SRC-9B55064A8A46,museum_record,Hebrew Bowl B2975,,,"Penn Museum Online Collections, B2975, web object 273533",,
SRC-9BE3105F3F31,museum_record,MS 2053/198 Incantation Bowl To Ward Against Demons,The Schøyen Collection,,"The Schøyen Collection, MS 2053/198, online collection record.",,
SRC-9C9ED9E5B737,museum_record,Hebrew Bowl B9002,,,"Penn Museum Online Collections, B9002, web object 189546",,
SRC-9CE88C12ED2A,museum_record,Hebrew Bowl 85-48-916,,,"Penn Museum Online Collections, 85-48-916, web object 166717",,
SRC-9D292A182A36,museum_record,קערת השבעה מס' 21,National Library of Israel,,"National Library of Israel, קערת השבעה מס' 21, Ms. Heb. 9467.82, MMS 997008712399105171.",,
SRC-9D328E5D571E,museum_record,Hebrew Bowl B6343,,,"Penn Museum Online Collections, B6343, web object 226368",,
SRC-9D5AF084582B,museum_record,קערת השבעה מס' 159,National Library of Israel,,"National Library of Israel, קערת השבעה מס' 159, Ms. Heb. 9467.39, MMS 997008712408805171.",,
SRC-9D7F88975731,article,A New Parallel to the Jewish Babylonian Aramaic Magic Bowl IM 76106 (Nippur 11 N78),James Nathan Ford,2011,"Ford, James Nathan. ‘A New Parallel to the Jewish Babylonian Aramaic Magic Bowl IM 76106 (Nippur 11 N78).’ Aramaic Studies 9 (2011).",10.1163/147783511X619845,
SRC-9D818A9AF9D9,museum_record,קערת השבעה מס' 38,National Library of Israel,,"National Library of Israel, קערת השבעה מס' 38, Ms. Heb. 9467.151, MMS 997008712396005171.",,
SRC-9D89ADCA0174,article,Epigraphische Beiträge zur Geschichte der Juden,Levy [and others; see citation],1861,———. “Epigraphische Beiträge zur Geschichte der Juden.” Jahrbuch für die Geschichte der Juden und des Judenthums 2 (1861): 259–324.,,
SRC-9D9A654A4A94,museum_record,קערת השבעה מס' 44,National Library of Israel,,"National Library of Israel, קערת השבעה מס' 44, Ms. Heb. 9467.175, MMS 997008712395405171.",,
SRC-9DAA7880D3A0,museum_record,Hebrew Bowl B8701,,,"Penn Museum Online Collections, B8701, web object 252936",,
SRC-9DD4A70B38AD,museum_record,Hebrew Bowl B9013,,,"Penn Museum Online Collections, B9013, web object 8794",,
SRC-9DE6760E76E4,museum_record,Hebrew Bowl B16018,,,"Penn Museum Online Collections, B16018, web object 104403",,
SRC-9E4A561DA4BB,museum_record,Hebrew Bowl B2983,,,"Penn Museum Online Collections, B2983, web object 25630",,
SRC-9EBC277854FA,museum_record,Hebrew Bowl B16066,,,"Penn Museum Online Collections, B16066, web object 225918",,
SRC-9EBF6EFC1388,museum_record,Hebrew Bowl B2920,,,"Penn Museum Online Collections, B2920, web object 139404",,
SRC-9EE856E168F9,museum_record,Hebrew Bowl B9014,,,"Penn Museum Online Collections, B9014, web object 137208",,
SRC-9EEB71E4C8AA,museum_record,Hebrew Bowl B2957,,,"Penn Museum Online Collections, B2957, web object 115717",,
SRC-9F753EDE148B,museum_record,קערת השבעה מס' 34,National Library of Israel,,"National Library of Israel, קערת השבעה מס' 34, Ms. Heb. 9467.134, MMS 997008712396705171.",,
SRC-9FAFD9EC4C6E,museum_record,Hebrew Bowl B2961,,,"Penn Museum Online Collections, B2961, web object 226635",,
SRC-9FBCEE17F505,museum_record,Hebrew Bowl B16101,,,"Penn Museum Online Collections, B16101, web object 67147",,
SRC-9FC0E001C489,museum_record,Hebrew Bowl B6333,,,"Penn Museum Online Collections, B6333, web object 67694",,
SRC-A016F86132CA,museum_record,Ein Fragment einer Zauberschale(?) aus Nippur,"Frau Professor Hilprecht Collection of Babylonian Antiquities, Friedrich Schiller University Jena",,"Museen Thüringen, ‘Ein Fragment einer Zauberschale(?) aus Nippur,’ HS 3059, portal record dc00001100, accessed 4 September 2026.",,
SRC-A01A00423544,article,Trois nouvelles coupes magiques araméennes,"Gorea, Maria",2003,"Gorea, Maria. “Trois nouvelles coupes magiques araméennes.” Semitica 51 (2003): 73–92.",,
SRC-A02DBA0BC928,auction_record,An Aramaic Terracotta Incantation Bowl — sale 6402 lot 114,Freeman’s,2025,"Freeman’s, sale 6402, Antiquities, Fine, and Decorative Art, timed auction 7–21 November 2025, lot 114.",,
SRC-A06D3C4C7CDF,article,"‘Peace Be upon You, Exalted Angels’: On Hekhalot, Liturgy and Incantation Bowls","Shaked, Shaul",1995,"Shaked, Shaul. “‘Peace Be upon You, Exalted Angels’: On Hekhalot, Liturgy and Incantation Bowls.” JSQ 2 (1995): 197–219.",,
SRC-A08F75BDD59C,article,‘If You Appear as a Pig’: Another Incantation Bowl (Moussaieff 164),Dan Levene,2007,"Levene, Dan. ‘If You Appear as a Pig: Another Incantation Bowl (Moussaieff 164).’ JSS 52 (2007): 59–70.",10.1093/jss/fgl037,
SRC-A12DF738AF6A,article,Über einige aramäische Inschriften auf Thongefässen des Königlichen Museums zu Berlin,Wohlstein. Jos,1893,Wohlstein. Jos. “Über einige aramäische Inschriften auf Thongefässen des Königlichen Museums zu Berlin.” Zeitschrift für Assyriologie und Vorderasiatische Archäologie 8 (1893): 313–40.,,
SRC-A134B1DECDED,article,Un vase judéo-chaldéen de la Bibliothèque Nationale,"Babelon, Ernest, and Moïse Schwab",1882,"Babelon, Ernest, and Moïse Schwab. “Un vase judéo-chaldéen de la Bibliothèque Nationale.” REJ 4 (1882): 165–72.",,
SRC-A165455A5304,museum_record,קערת השבעה מס' 122,National Library of Israel,,"National Library of Israel, קערת השבעה מס' 122, Ms. Heb. 9467.91, MMS 997008712546905171.",,
SRC-A180AB5C85FF,museum_record,Incantation Bowl,Smithsonian National Museum of Natural History,,"Smithsonian Institution, National Museum of Natural History, ‘Incantation Bowl,’ record nmnhanthropology_8046133 (record last modified 30 July 2020; accessed 2026-09-04).",,
SRC-A1C0F9747D7A,museum_record,קערת השבעה מס' 156,National Library of Israel,,"National Library of Israel, קערת השבעה מס' 156, Ms. Heb. 9467.24, MMS 997008712409305171.",,
SRC-A219DE471B07,article,"The ancient world - Hannu Juusola: Linguistic peculiarities in the Aramaic magic bowl texts. (Studia Orientalia 86.) vii, 264 pp. Helsinki: Finnish Oriental Society, 1999.",Dan Levene,2000,"The ancient world - Hannu Juusola: Linguistic peculiarities in the Aramaic magic bowl texts. (Studia Orientalia 86.) vii, 264 pp. Helsinki: Finnish Oriental Society, 1999. (2000). OpenAlex W2012231470.",10.1017/s0041977x00007242,
SRC-A2CAB79ACA79,museum_record,Eine Zauberschale aus Nippur,"Frau Professor Hilprecht Collection of Babylonian Antiquities, Friedrich Schiller University Jena",,"Museen Thüringen, ‘Eine Zauberschale aus Nippur,’ HS 3013, portal record dc00001098, accessed 4 September 2026.",,
SRC-A300875F3D30,museum_record,קערת השבעה מס' 175,National Library of Israel,,"National Library of Israel, קערת השבעה מס' 175, Ms. Heb. 9467.101, MMS 997008712405005171.",,
SRC-A39344A6C148,museum_record,קערת השבעה מס' 57,National Library of Israel,,"National Library of Israel, קערת השבעה מס' 57, Ms. Heb. 9467.48, MMS 997008712408105171.",,
SRC-A3DA8F2571D0,museum_record,קערת השבעה מס' 89,National Library of Israel,,"National Library of Israel, קערת השבעה מס' 89, Ms. Heb. 9467.176, MMS 997008712401705171.",,
SRC-A41DA8D48F0D,article,"A Corpus of Syriac Incantation Bowls. Syriac Magical Texts from Late-Antique Mesopotamia, written by M. Moriggi",Gianfrancesco Lusini,2017,"A Corpus of Syriac Incantation Bowls. Syriac Magical Texts from Late-Antique Mesopotamia, written by M. Moriggi (2017). Crossref DOI 10.1163/24685631-12340038.",10.1163/24685631-12340038,
SRC-A424020B82FE,museum_record,קערת השבעה מס' 23,National Library of Israel,,"National Library of Israel, קערת השבעה מס' 23, Ms. Heb. 9467.90, MMS 997008712398705171.",,
SRC-A48B67BA0E61,museum_record,קערת השבעה מס' 174,National Library of Israel,,"National Library of Israel, קערת השבעה מס' 174, Ms. Heb. 9467.97, MMS 997008712405705171.",,
SRC-A4A435A92C0E,museum_record,Hebrew Bowl B9005,,,"Penn Museum Online Collections, B9005, web object 140769",,
SRC-A4EF037CBA76,museum_record,Eine Zauberschale aus Nippur,"Frau Professor Hilprecht Collection of Babylonian Antiquities, Friedrich Schiller University Jena",,"Museen Thüringen, ‘Eine Zauberschale aus Nippur,’ HS 3019, portal record dc00000866, accessed 4 September 2026.",,
SRC-A4FB9CD506C0,museum_record,קערת השבעה מס' 179,National Library of Israel,,"National Library of Israel, קערת השבעה מס' 179, Ms. Heb. 9467.117, MMS 997008712403305171.",,
SRC-A510BA7DD444,other,"Loitsumalja, incantation bowl VK5738:3",Museovirasto,2021,"Loitsumalja, incantation bowl VK5738:3 (2021). Repository location indexed by OpenAlex W4393678116.",10.5281/zenodo.10269214,
SRC-A53D9913109D,museum_record,קערת השבעה מס' 12,National Library of Israel,,"National Library of Israel, קערת השבעה מס' 12, Ms. Heb. 9467.45, MMS 997008712402905171.",,
SRC-A56992E5AE90,museum_record,קערת השבעה מס' 42,National Library of Israel,,"National Library of Israel, קערת השבעה מס' 42, Ms. Heb. 9467.167, MMS 997008712395605171.",,
SRC-A573D5D315DB,museum_record,קערת השבעה מס' 129,National Library of Israel,,"National Library of Israel, קערת השבעה מס' 129, Ms. Heb. 9467.119, MMS 997008712546205171.",,
SRC-A5DC9FB9EBC5,museum_record,קערת השבעה מס' 128,National Library of Israel,,"National Library of Israel, קערת השבעה מס' 128, Ms. Heb. 9467.115, MMS 997008712546305171.",,
SRC-A6A2C7BD19A7,database,Hebrew Incantation Bowl,Unknown,2021,"Hebrew Incantation Bowl. USC Digital Library asset 2A3BF1R6N7026, DOI 10.25549/inscriptifact-ouc1sto1540648.",10.25549/inscriptifact-ouc1sto1540648,
SRC-A6EDD648F439,museum_record,Hebrew Bowl B16085,,,"Penn Museum Online Collections, B16085, web object 118820",,
SRC-A76B96C9F741,museum_record,Hebrew Bowl B16033,,,"Penn Museum Online Collections, B16033, web object 4578",,
SRC-A78EB0734EC3,web_page,The Magic Bowls that Protect You from Demons,National Library of Israel,,"National Library of Israel, ‘The Magic Bowls that Protect You from Demons,’ online exhibition feature, accessed 4 September 2026.",,
SRC-A798237CFA2A,museum_record,קערת השבעה מס' 27,National Library of Israel,,"National Library of Israel, קערת השבעה מס' 27, Ms. Heb. 9467.106, MMS 997008712397705171.",,
SRC-A7FC510B232E,repository,Incantation bowl with Aramaic inscription,Sasanian,,Incantation bowl with Aramaic inscription. Internet Archive item mma_incantation_bowl_with_aramaic_inscription_321885.,,
SRC-A8113685A969,article,Who Were the Jewish Magicians?,Avigail Manekin-Bamberger,2020,"Manekin-Bamberger, Avigail. 'Who Were the Jewish Magicians?' Journal of Jewish Studies 71 (2020): 235–254.",,
SRC-A84A167A5779,article,‘Bring to the Gates … upon a Good Smell and upon Good Fragrances’: An Aramaic Incantation Bowl for Success in Business,Dan Levene; Siam Bhayro,2006,"Levene, Dan, and Siam Bhayro. ‘Bring to the Gates … upon a Good Smell and upon Good Fragrances.’ Archiv für Orientforschung 51 (2005/2006): 242–246.",,
SRC-A8946898A981,article,Five Aramaic Incantation Bowls from Tell Baruda ( Choche),"Franco, Fulvio",1979,"Franco, Fulvio. “Five Aramaic Incantation Bowls from Tell Baruda ( Choche).” Mesopotamia 13/14 (1978–1979): 233–49.",,
SRC-A89710493F2C,chapter,Interrelations between Mandaic Lead Rolls and Incantation Bowls,Christa Müller-Kessler,2000,Interrelations between Mandaic Lead Rolls and Incantation Bowls (2000). Crossref DOI 10.1163/9789004496293_016.,10.1163/9789004496293_016,
SRC-A8F8E153B254,museum_record,Hebrew Bowl B2924,,,"Penn Museum Online Collections, B2924, web object 80457",,
SRC-A9023C9395F3,museum_record,Hebrew Bowl B9017,,,"Penn Museum Online Collections, B9017, web object 264352",,
SRC-A90AB34CA3FE,thesis,Who Wrote the Incantation Bowls?,Dorit Kedar,2019,"Kedar, Dorit. Who Wrote the Incantation Bowls? PhD dissertation, Freie Universität Berlin, 2019. DOI: 10.17169/refubium-2273.",10.17169/refubium-2273,
SRC-A9360C4ED277,museum_record,Hebrew Bowl Sherd B6349,,,"Penn Museum Online Collections, B6349, web object 198331",,
SRC-A9423816AA4B,museum_record,Hebrew Bowl B2931,,,"Penn Museum Online Collections, B2931, web object 158633",,
SRC-A9F7DEA0F113,auction_record,Sasanian Judeo-Aramaic Pottery Incantation Bowl w/ Sol — July 2020 sale,Artemis Gallery,2020,"Artemis Gallery. ‘Sasanian Judeo-Aramaic Pottery Incantation Bowl w/ Sol,’ item 153273, Bidsquare product 1845576, sold 16 July 2020.",,
SRC-AA82BA0DE399,article,Additional Notes to the Aramaic Magic Bowl BM 135563,Matthew Morgenstern,2005,Additional Notes to the Aramaic Magic Bowl BM 135563 (2005). Crossref DOI 10.1177/1477835105059093.,10.1177/1477835105059093,
SRC-AA8C3A1B02D4,museum_record,Hebrew Bowl 85-48-903,,,"Penn Museum Online Collections, 85-48-903, web object 170102",,
SRC-AB306F0110B7,article,Remarks on a New Aramaic Incantation Bowl IM 77781,A Faraj,2022,Remarks on a New Aramaic Incantation Bowl IM 77781 (2022). Repository location indexed by OpenAlex W4312000420.,10.1093/jss/fgac026,
SRC-AB3EC0D8A6CF,museum_record,קערת השבעה מס' 55,National Library of Israel,,"National Library of Israel, קערת השבעה מס' 55, Ms. Heb. 9467.31, MMS 997008712408505171.",,
SRC-AB965E1856E2,museum_record,קערת השבעה מס' 29,National Library of Israel,,"National Library of Israel, קערת השבעה מס' 29, Ms. Heb. 9467.114, MMS 997008712397405171.",,
SRC-ABA345A16169,museum_record,Hebrew Bowl B2930,,,"Penn Museum Online Collections, B2930, web object 264467",,
SRC-ABE0A4D150BF,museum_record,Hebrew Bowl B16023,,,"Penn Museum Online Collections, B16023, web object 284364",,
SRC-AC9713C0CEE4,museum_record,Hebrew Bowl B16024,,,"Penn Museum Online Collections, B16024, web object 66944",,
SRC-AD848812B666,museum_record,Incantation bowl with Aramaic inscription,,,"The Metropolitan Museum of Art, object 86.11.259 (https://www.metmuseum.org/art/collection/search/321885)",,
SRC-ADE6F4D6FBB6,museum_record,קערת השבעה מס' 123,National Library of Israel,,"National Library of Israel, קערת השבעה מס' 123, Ms. Heb. 9467.95, MMS 997008712546805171.",,
SRC-AE3E1F2033B2,museum_record,Hebrew Bowl B6344,,,"Penn Museum Online Collections, B6344, web object 262518",,
SRC-AEC0FA1CE6C0,museum_record,קערת השבעה מס' 45,National Library of Israel,,"National Library of Israel, קערת השבעה מס' 45, Ms. Heb. 9467.179, MMS 997008712395305171.",,
SRC-AEC78404B0F5,museum_record,Hebrew Bowl B16051,,,"Penn Museum Online Collections, B16051, web object 127915",,
SRC-AEF474F46045,museum_record,Hebrew Bowl B13193,,,"Penn Museum Online Collections, B13193, web object 255211",,
SRC-AEFFFBEB3F0B,other,An Incantation Bowl of Biblical Verses and a Syriac Incantation Bowl for the protection of a house,A Faraj,2010,An Incantation Bowl of Biblical Verses and a Syriac Incantation Bowl for the protection of a house (2010). Repository location indexed by OpenAlex W2913885665.,,
SRC-AF579119BEDF,museum_record,Hebrew Bowl B2969A,,,"Penn Museum Online Collections, B2969A, web object 5020",,
SRC-AF8BC32A2DE4,museum_record,Hebrew Bowl B2921,,,"Penn Museum Online Collections, B2921, web object 197140",,
SRC-AF90A597E493,museum_record,קערת השבעה מס' 208,National Library of Israel,,"National Library of Israel, קערת השבעה מס' 208, Ms. Heb. 9467.4, MMS 997008712410305171.",,
SRC-AF9EF12C3CB9,book,Mandaic Incantation Texts,Edwin M. Yamauchi,1967,"Yamauchi, Edwin M. Mandaic Incantation Texts. American Oriental Series 49. New Haven: American Oriental Society, 1967.",,
SRC-AFDBED16E322,book,Passionate Curiosities: Tales of Collectors & Collections from the Kelsey Museum,"Lauren E. Talalay and Margaret Cool Root, eds.",2015,"Talalay, Lauren E., and Margaret Cool Root, eds. Passionate Curiosities. Kelsey Museum of Archaeology, 2015, p. 38, object KM 19504.",,
SRC-B018B12C0C03,museum_record,Hebrew Bowl B2947,,,"Penn Museum Online Collections, B2947, web object 181612",,
SRC-B06141CBA2B6,museum_record,Hebrew Bowl B8694,,,"Penn Museum Online Collections, B8694, web object 32204",,
SRC-B07506C4C68D,museum_record,Hebrew Bowl B16075,,,"Penn Museum Online Collections, B16075, web object 237590",,
SRC-B0EC4E0F95AA,museum_record,Hebrew Bowl B16061,,,"Penn Museum Online Collections, B16061, web object 220281",,
SRC-B106D6356C1C,article,Dramatis Personae in the Jewish Magic Texts: Some Differences between Incantation Bowls and Geniza Magic,Shaked [and others; see citation],2006,———. “Dramatis Personae in the Jewish Magic Texts: Some Differences between Incantation Bowls and Geniza Magic.” JSQ 13 (2006): 363– 87.,,
SRC-B1119BB416BF,museum_record,Hebrew Bowl B16013,,,"Penn Museum Online Collections, B16013, web object 74183",,
SRC-B16F06368E35,museum_record,incantation bowl: 91720,The British Museum,,"The British Museum, Collections Online, incantation bowl 91720, Segal 007A; accessed 2026-09-04.",,
SRC-B171946A119D,museum_record,Hebrew Bowl B16006,,,"Penn Museum Online Collections, B16006, web object 102142",,
SRC-B1A37FD6D79D,dealer_record,"Terracotta Incantation Bowl with Aramaic Inscription, 500 CE–800 CE",Barakat Gallery,,"Barakat Gallery, ‘Terracotta Incantation Bowl with Aramaic Inscription,’ stock X.0552, online record 54886, accessed 4 September 2026.",,
SRC-B1AA93ACD1E1,article,Two Incantation Bowls Inscribed in Syriac and Aramaic,Markham J. Geller,1976,"Geller, Markham J. ‘Two Incantation Bowls Inscribed in Syriac and Aramaic.’ BSOAS 39, no. 2 (1976): 422–427.",10.1017/S0041977X00050096,
SRC-B208CF7A6267,chapter,Syriac Incantation Bowls and the Mesopotamian Context: A Glimpse into Christian-Jewish Cultural Interactions,Marco Moriggi,2021,Syriac Incantation Bowls and the Mesopotamian Context: A Glimpse into Christian-Jewish Cultural Interactions (2021). Crossref DOI 10.1163/9789004467200_005.,10.1163/9789004467200_005,
SRC-B289E0430BDE,museum_record,Hebrew Bowl 85-48-901,,,"Penn Museum Online Collections, 85-48-901, web object 112781",,
SRC-B28E99A341D0,museum_record,Hebrew Bowl B16057,,,"Penn Museum Online Collections, B16057, web object 1919",,
SRC-B28F4418A956,book,Amulets and Magic Bowls: Aramaic Incantations of Late Antiquity,Joseph Naveh; Shaul Shaked,1987,"Naveh, Joseph, and Shaul Shaked. Amulets and Magic Bowls: Aramaic Incantations of Late Antiquity. Jerusalem: Magnes Press, 1985; 2nd ed., 1987.",,
SRC-B341F40EFEF5,museum_record,Hebrew Bowl B16022,,,"Penn Museum Online Collections, B16022, web object 252830",,
SRC-B418B68EA454,museum_record,קערת השבעה מס' 106,National Library of Israel,,"National Library of Israel, קערת השבעה מס' 106, Ms. Heb. 9467.23, MMS 997008712548505171.",,
SRC-B43A7E0B561D,museum_record,קערת השבעה מס' 199,National Library of Israel,,"National Library of Israel, קערת השבעה מס' 199, Ms. Heb. 9467.198, MMS 997008712397205171.",,
SRC-B43D4B958C6C,database,Hebrew Incantation Bowl,Unknown,2021,"Hebrew Incantation Bowl. USC Digital Library asset 2A3BF1R6N7J5E, DOI 10.25549/inscriptifact-ouc110214169.",10.25549/inscriptifact-ouc110214169,
SRC-B4623876826F,article,A Unique Magic Bowl from Nippur,"Kaufman, Stephen A",1973,"Kaufman, Stephen A. “ A Unique Magic Bowl from Nippur.” JNES 32 (1973): 170–74.",,
SRC-B463271CEBE9,museum_record,Hebrew Bowl B13187,,,"Penn Museum Online Collections, B13187, web object 62761",,
SRC-B4749429C150,auction_record,Sasanian Judeo-Aramaic Pottery Incantation Bowl w/ Sol,Artemis Gallery,2020,"Artemis Gallery. ‘Sasanian Judeo-Aramaic Pottery Incantation Bowl w/ Sol,’ item 153273, Bidsquare product 1675202, offered 12 March 2020.",,
SRC-B47F6370B1D0,article,A Babylonian Jewish Aramaic Incantation Bowl with a List of Deities and Toponyms,Dan Levene; Gideon Bohak,2012,"Levene, Dan, and Gideon Bohak. ‘A Babylonian Jewish Aramaic Incantation Bowl with a List of Deities and Toponyms.’ JSQ 19 (2012): 56–72.",10.1628/094457012799440203,
SRC-B4B294D793B8,article,Une coupe d’incantation,"Lacau, Pierre",1894,"Lacau, Pierre. “Une coupe d’incantation.” Revue d’assyriologie et d’archéologie orientale 3 (1894): 49–51.",,
SRC-B4E152D303C7,museum_record,קערת השבעה מס' 146,National Library of Israel,,"National Library of Israel, קערת השבעה מס' 146, Ms. Heb. 9467.185, MMS 997008712544505171.",,
SRC-B5A4D212B256,museum_record,Hebrew Bowl B2964,,,"Penn Museum Online Collections, B2964, web object 56385",,
SRC-B5ED0698C76C,museum_record,Hebrew Bowl B16014,,,"Penn Museum Online Collections, B16014, web object 206952",,
SRC-B6042669D993,museum_record,קערת השבעה מס' 109,National Library of Israel,,"National Library of Israel, קערת השבעה מס' 109, Ms. Heb. 9467.38, MMS 997008712548205171.",,
SRC-B61FB82385EC,museum_record,Hebrew Bowl 34-3-1,,,"Penn Museum Online Collections, 34-3-1, web object 309982",,
SRC-B6451D1438C3,museum_record,Hebrew Bowl B6353,,,"Penn Museum Online Collections, B6353, web object 36365",,
SRC-B64BA80658BE,museum_record,קערת השבעה מס' 49,National Library of Israel,,"National Library of Israel, קערת השבעה מס' 49, Ms. Heb. 9467.195, MMS 997008712394905171.",,
SRC-B65DDE4B6FCE,museum_record,Hebrew Bowl B16034,,,"Penn Museum Online Collections, B16034, web object 222028",,
SRC-B66F63BA033E,museum_record,Hebrew Bowl B13190,,,"Penn Museum Online Collections, B13190, web object 128125",,
SRC-B6CEC7A8F00B,auction_record,A Jewish Babylonian Aramaic Terracotta Incantation Bowl,Deutsch Auction,,"Deutsch Auction. ‘A Jewish Babylonian Aramaic Terracotta Incantation Bowl.’ Auction 69 Part One, Bidspirit record 87924, accessed 4 September 2026.",,
SRC-B6DFFED94536,museum_record,Hebrew Bowl B16042,,,"Penn Museum Online Collections, B16042, web object 270210",,
SRC-B6E21F06D34B,museum_record,Hebrew Bowl B6346,,,"Penn Museum Online Collections, B6346, web object 51264",,
SRC-B6E38E9A68F4,museum_record,Hebrew Bowl Sherd B6342,,,"Penn Museum Online Collections, B6342, web object 161404",,
SRC-B77B1B8DBC8E,museum_record,Hebrew Bowl B16009,,,"Penn Museum Online Collections, B16009, web object 303320",,
SRC-B891A0061CEA,article,‘Gabriel Is on Their Right’: Angelic Protection in Jewish Magic and Babylonian Lore,Levene [and others; see citation],2014,"———, Dalia Marx, and Siam Bhayro. “‘Gabriel Is on Their Right’: Angelic Protection in Jewish Magic and Babylonian Lore.” Studia Mesopotamica 1 (2014): 185–98.",,
SRC-B92E2E9C97F8,other,An Incantation Bowl of Biblical Verses and a Syriac Incantation Bowl for the protection of a house,A Faraj,2010,An Incantation Bowl of Biblical Verses and a Syriac Incantation Bowl for the protection of a house (2010). OpenAlex W2913885665.,,
SRC-B93E616D7657,museum_record,Hebrew Bowl B16090,,,"Penn Museum Online Collections, B16090, web object 50873",,
SRC-B94E1CE84725,museum_record,קערת השבעה מס' 196,National Library of Israel,,"National Library of Israel, קערת השבעה מס' 196, Ms. Heb. 9467.186, MMS 997008712397805171.",,
SRC-B98CAF306948,repository,Incantation bowl with pseudo-Aramaic inscription,Sasanian,,Incantation bowl with pseudo-Aramaic inscription. Internet Archive item mma_incantation_bowl_with_pseudoaramaic_inscription_321886.,,
SRC-B99BF6B16C6F,museum_record,קערת השבעה מס' 130,National Library of Israel,,"National Library of Israel, קערת השבעה מס' 130, Ms. Heb. 9467.123, MMS 997008712546105171.",,
SRC-BA1BE9814566,museum_record,Hebrew Bowl B16089,,,"Penn Museum Online Collections, B16089, web object 50872",,
SRC-BA3B66DE4490,museum_record,Hebrew Bowl B16005,,,"Penn Museum Online Collections, B16005, web object 80402",,
SRC-BA7AEA03AE5F,museum_record,incantation bowl: 91723,The British Museum,,"The British Museum, Collections Online, incantation bowl 91723, Segal 034A; accessed 2026-09-04.",,
SRC-BAAFF2F10461,museum_record,Hebrew Bowl B9008,,,"Penn Museum Online Collections, B9008, web object 222626",,
SRC-BAD4DDB58937,museum_record,קערת השבעה מס' 201,National Library of Israel,,"National Library of Israel, קערת השבעה מס' 201, Ms. Heb. 9467.206, MMS 997008712396205171.",,
SRC-BB3F246E3292,museum_record,Hebrew Bowl B16056,,,"Penn Museum Online Collections, B16056, web object 13573",,
SRC-BB8D18967A1E,museum_record,Hebrew Bowl B2933,,,"Penn Museum Online Collections, B2933, web object 132910",,
SRC-BBAE031F2345,museum_record,Ugly Object of the Month — October 2018,Suzanne Davis / Kelsey Museum of Archaeology,2018,"Davis, Suzanne. ‘Ugly Object of the Month — October 2018.’ Kelsey Museum Blog, 3 October 2018, KM 33756.",,
SRC-BCBAFEAC30C4,museum_record,קערת השבעה מס' 191,National Library of Israel,,"National Library of Israel, קערת השבעה מס' 191, Ms. Heb. 9467.166, MMS 997008712400305171.",,
SRC-BCC98AAE8C40,web_page,The Ancient Items at the Library: Magical Bowls of Babylonian Jewry,National Library of Israel,,"National Library of Israel, “The Ancient Items at the Library: Magical Bowls of Babylonian Jewry.” Accessed 4 September 2026.",,
SRC-BD180D70F5A2,museum_record,קערת השבעה מס' 135,National Library of Israel,,"National Library of Israel, קערת השבעה מס' 135, Ms. Heb. 9467.143, MMS 997008712545605171.",,
SRC-BDDF7C1BBEDA,museum_record,Hebrew Bowl B8825,,,"Penn Museum Online Collections, B8825, web object 120271",,
SRC-BE41C40E06FA,museum_record,Eine Zauberschale aus Nippur,"Frau Professor Hilprecht Collection of Babylonian Antiquities, Friedrich Schiller University Jena",,"Museen Thüringen, ‘Eine Zauberschale aus Nippur,’ HS 3037, portal record dc00001086, accessed 4 September 2026.",,
SRC-BE430C79E5EB,museum_record,קערת השבעה מס' 61,National Library of Israel,,"National Library of Israel, קערת השבעה מס' 61, Ms. Heb. 9467.72, MMS 997008712407305171.",,
SRC-BE507B10EF2A,museum_record,קערת השבעה מס' 144,National Library of Israel,,"National Library of Israel, קערת השבעה מס' 144, Ms. Heb. 9467.177, MMS 997008712544705171.",,
SRC-BE7030C8987B,chapter,Transmission And Transformation Of Spells: The Case Of The Jewish Babylonian Aramaic Bowls,Shaul Shaked,2011,Transmission And Transformation Of Spells: The Case Of The Jewish Babylonian Aramaic Bowls (2011). OpenAlex W764721192.,10.1163/ej.9789004203518.i-390.53,
SRC-BE76DD94C1E9,museum_record,Hebrew Bowl B16040,,,"Penn Museum Online Collections, B16040, web object 333539",,
SRC-BEF0BA9244E7,museum_record,Hebrew Bowl B16083,,,"Penn Museum Online Collections, B16083, web object 124556",,
SRC-BFA68E533DE7,article,"YHBYH, Incantation Bowls and the Tetragrammaton",Pilar B. Rivett; Robert J. Wilkinson,2026,"YHBYH, Incantation Bowls and the Tetragrammaton (2026). OpenAlex W7157594723.",10.14428/babelao.vol15.2026.92593,
SRC-BFB9C7440688,museum_record,קערת השבעה מס' 78,National Library of Israel,,"National Library of Israel, קערת השבעה מס' 78, Ms. Heb. 9467.132, MMS 997008712403905171.",,
SRC-C0144EA934D5,museum_record,incantation bowl: 91767,The British Museum,,"The British Museum, Collections Online, incantation bowl 91767, Segal 040A; accessed 2026-09-04.",,
SRC-C0613CA57C89,catalogue,Auction 69 Part One,Archaeological Center / Deutsch Auction,,"Deutsch Auction. Auction 69 Part One. Auction catalogue, accessed 4 September 2026.",,
SRC-C0872322A931,museum_record,קערת השבעה מס' 64,National Library of Israel,,"National Library of Israel, קערת השבעה מס' 64, Ms. Heb. 9467.60, MMS 997008712406605171.",,
SRC-C08DD4B81771,museum_record,קערת השבעה מס' 215,National Library of Israel,,"National Library of Israel, קערת השבעה מס' 215, Ms. Heb. 9467.37, MMS 997008712409105171.",,
SRC-C114D361B98D,museum_record,Hebrew Bowl B6359,,,"Penn Museum Online Collections, B6359, web object 119331",,
SRC-C1798B5E29D4,article,Remarks upon a Terra-Cotta Vase,"Rodwell, John Medows",2013,"Rodwell, John Medows. “Remarks upon a Terra-Cotta Vase.” Transactions of the Society for Biblical Archaeology 2 (1873): 114–18 Saar, Ortal-Paz. “ An Incantation Bowl for Sowing Discord.” JSS 58 (2013): 241–56.",,
SRC-C19E7D2FAC8D,museum_record,Hebrew Bowl B13194,,,"Penn Museum Online Collections, B13194, web object 55090",,
SRC-C2ACF825A4A5,museum_record,Hebrew Bowl B2985,,,"Penn Museum Online Collections, B2985, web object 69246",,
SRC-C2F92EEA870B,museum_record,incantation bowl: 127395,The British Museum,,"The British Museum, Collections Online, incantation bowl 127395, Segal 022A; accessed 2026-09-04.",,
SRC-C33884C0693D,museum_record,Hebrew Bowl B2929,,,"Penn Museum Online Collections, B2929, web object 264466",,
SRC-C3467F2E8EA4,museum_record,קערת השבעה מס' 94,National Library of Israel,,"National Library of Israel, קערת השבעה מס' 94, Ms. Heb. 9467.196, MMS 997008712400105171.",,
SRC-C34EA7722F42,museum_record,Hebrew Bowl B2939,,,"Penn Museum Online Collections, B2939, web object 225261",,
SRC-C3627F15C24C,museum_record,Hebrew Bowl B16073,,,"Penn Museum Online Collections, B16073, web object 226862",,
SRC-C39B4EDEA443,museum_record,Hebrew Bowl B16015,,,"Penn Museum Online Collections, B16015, web object 295959",,
SRC-C3CCB4D63BF3,museum_record,Hebrew Bowl B6351,,,"Penn Museum Online Collections, B6351, web object 273067",,
SRC-C402D951B97E,museum_record,קערת השבעה מס' 43,National Library of Israel,,"National Library of Israel, קערת השבעה מס' 43, Ms. Heb. 9467.171, MMS 997008712395505171.",,
SRC-C40FB2ED8EE8,chapter,“Your mysteries are concealed.” A prophylactic Jewish Aramaic magic bowl with some notes on literary influences,Dan Levene,2010,“Your mysteries are concealed.” A prophylactic Jewish Aramaic magic bowl with some notes on literary influences (2010). Repository location indexed by OpenAlex W2589140792.,,
SRC-C45C16AC2B8E,article,An Aramaic Incantation,Gordon [and others; see citation],1934,———. “ An Aramaic Incantation.” Annual of the American Schools of Oriental Research 14 (1934): 141–44.,,
SRC-C47A00437E6E,museum_record,Hebrew Bowl B16007,,,"Penn Museum Online Collections, B16007, web object 329808",,
SRC-C4AD9F24411E,museum_record,Hebrew Bowl B8698,,,"Penn Museum Online Collections, B8698, web object 56707",,
SRC-C508F613E401,repository,A Syriac Incantation Bowl with Christian Formula,"Montgomery, James A.",1918,A Syriac Incantation Bowl with Christian Formula. Internet Archive item jstor-528416.,,
SRC-C54888E36130,museum_record,MS 2053/196 Incantation Bowl: Earliest Hewbrew Text Examples,The Schøyen Collection,,"The Schøyen Collection, MS 2053/196, online collection record.",,
SRC-C5AA2D8C1284,web_page,Jewish Aramaic Incantation Bowls,"University of Edinburgh, Jewish Non-Jewish Relations",,"University of Edinburgh, Jewish Non-Jewish Relations, ‘Jewish Aramaic Incantation Bowls,’ primary-source guide, accessed 4 September 2026.",,
SRC-C5BEBDDA0AE1,museum_record,קערת השבעה מס' 40,National Library of Israel,,"National Library of Israel, קערת השבעה מס' 40, Ms. Heb. 9467.159, MMS 997008712395805171.",,
SRC-C628D3B5E8F9,article,Two Mandaic Incantation Bowls from Nippur,Erica C. D. Hunter,1994,"Hunter, Erica C. D. ‘Two Mandaic Incantation Bowls from Nippur.’ Baghdader Mitteilungen 25 (1994): 605–618, 18N97.",,
SRC-C727595F6971,article,Amulets and Bowls with Magic Inscriptions,Schwab [and others; see citation],1916,———. “ Amulets and Bowls with Magic Inscriptions.” JQR 7 (1916): 619– 28.,,
SRC-C790CF0327BB,museum_record,incantation bowl: 139524,The British Museum,,"The British Museum, Collections Online, incantation bowl 139524, Segal 023A; accessed 2026-09-04.",,
SRC-C8A555E939F4,museum_record,Hebrew Bowl B16074,,,"Penn Museum Online Collections, B16074, web object 297262",,
SRC-C91C9977E144,museum_record,Hebrew Bowl B2965A,,,"Penn Museum Online Collections, B2965A, web object 102194",,
SRC-C9225BD825B5,other,A New Mandaic Incantation Bowl from Babil (IM 91-100147),A Faraj,2017,A New Mandaic Incantation Bowl from Babil (IM 91-100147) (2017). Repository location indexed by OpenAlex W2916424618.,,
SRC-C97C8BFDBF2D,museum_record,קערת השבעה מס' 96,National Library of Israel,,"National Library of Israel, קערת השבעה מס' 96, Ms. Heb. 9467.204, MMS 997008712399605171.",,
SRC-C98D8598819D,museum_record,incantation bowl: 91719,The British Museum,,"The British Museum, Collections Online, incantation bowl 91719, Segal 011A; accessed 2026-09-04.",,
SRC-C9CD63569580,museum_record,Hebrew Bowl B2919,,,"Penn Museum Online Collections, B2919, web object 139403",,
SRC-CA028E12B1F7,museum_record,Hebrew Bowl B16076,,,"Penn Museum Online Collections, B16076, web object 90904",,
SRC-CA4B122C5F4D,article,Bridging the Gaps: A New Jewish Aramaic Incantation Bowl and Its Parallels,Ohad Abudraham,2026,"Abudraham, Ohad. ‘Bridging the Gaps: A New Jewish Aramaic Incantation Bowl and Its Parallels.’ JSS 71, no. 1 (2026): 105–134.",10.1093/jss/fgaf025,
SRC-CB84220DAE0C,article,Babylonian Jewish Society: The Evidence of the Incantation Bowls,Simcha Gross; Avigail Manekin-Bamberger,2022,Babylonian Jewish Society: The Evidence of the Incantation Bowls (2022). Repository location indexed by OpenAlex W4225886557.,10.1353/jqr.2022.0000,
SRC-CB9AA5B27DA9,museum_record,קערת השבעה מס' 51,National Library of Israel,,"National Library of Israel, קערת השבעה מס' 51, Ms. Heb. 9467.203, MMS 997008712394705171.",,
SRC-CC2BEEE1E096,museum_record,MS 1928/19 Zoroastrian Incantations Against Angra Mainu,The Schøyen Collection,,"The Schøyen Collection, MS 1928/19, online collection record.",,
SRC-CC42C0B57D63,museum_record,Hebrew Bowl B8837,,,"Penn Museum Online Collections, B8837, web object 125190",,
SRC-CC5AB88F01DC,museum_record,Hebrew Bowl B16086,,,"Penn Museum Online Collections, B16086, web object 161879",,
SRC-CC6F5DF593C9,museum_record,קערת השבעה מס' 31,National Library of Israel,,"National Library of Israel, קערת השבעה מס' 31, Ms. Heb. 9467.122, MMS 997008712397005171.",,
SRC-CC72F830EAAF,article,What's (in) Your Bowl? Affordances of Incantation Bowls and their Use in Household Medicine,Monika Amsler,2023,What's (in) Your Bowl? Affordances of Incantation Bowls and their Use in Household Medicine (2023). Repository location indexed by OpenAlex W4389103855.,10.1353/hbr.2023.a912651,
SRC-CCB4BB4FAD99,museum_record,MS 2056/12 Zoroastrian Incantations Against Demons,The Schøyen Collection,,"The Schøyen Collection, MS 2056/12, online collection record.",,
SRC-CDD81DFDF1FC,museum_record,Hebrew Bowl B2915,,,"Penn Museum Online Collections, B2915, web object 270745",,
SRC-CE130C1A3F3C,museum_record,קערת השבעה מס' 140,National Library of Israel,,"National Library of Israel, קערת השבעה מס' 140, Ms. Heb. 9467.161, MMS 997008712545105171.",,
SRC-CE4F7C4C919B,dealer_record,Mesopotamian Terracotta Aramaic Incantation Bowl,Artemission,,"Artemission, ‘Mesopotamian Terracotta Aramaic Incantation Bowl,’ item 31.36716, accessed 4 September 2026.",,
SRC-CEF9579585E3,auction_record,Early medieval terracotta Aramean incantation bowl — lot 60577753,Catawiki via Lot-Art,2022,"Catawiki, 8 August 2022, lot 60577753, indexed by Lot-Art.",,
SRC-CFBAC01E2C99,museum_record,Hebrew Bowl B8699,,,"Penn Museum Online Collections, B8699, web object 158478",,
SRC-CFD266DE4958,museum_record,Hebrew Bowl B16002,,,"Penn Museum Online Collections, B16002, web object 202010",,
SRC-CFD877FFC7B9,museum_record,קערת השבעה מס' 165,National Library of Israel,,"National Library of Israel, קערת השבעה מס' 165, Ms. Heb. 9467.62, MMS 997008712407605171.",,
SRC-D00BC51A9417,auction_record,A Terracotta Incantation Bowl with Aramaic Inscription,Auktionshaus Stahl,,"Auktionshaus Stahl. ‘A Terracotta Incantation Bowl with Aramaic Inscription,’ lot 708, record 100788, accessed 4 September 2026.",,
SRC-D018E60187B4,museum_record,Hebrew Bowl B8827,,,"Penn Museum Online Collections, B8827, web object 191681",,
SRC-D04B87AB76D8,museum_record,Hebrew Bowl Sherd B6348,,,"Penn Museum Online Collections, B6348, web object 192680",,
SRC-D0719FDE1C1E,museum_record,קערת השבעה מס' 48,National Library of Israel,,"National Library of Israel, קערת השבעה מס' 48, Ms. Heb. 9467.191, MMS 997008712395005171.",,
SRC-D0EAB49EDDE2,museum_record,Hebrew Bowl B2942,,,"Penn Museum Online Collections, B2942, web object 287049",,
SRC-D1206E301627,museum_record,קערת השבעה מס' 117,National Library of Israel,,"National Library of Israel, קערת השבעה מס' 117, Ms. Heb. 9467.71, MMS 997008712547405171.",,
SRC-D13B12A9C20B,museum_record,קערת השבעה מס' 111,National Library of Israel,,"National Library of Israel, קערת השבעה מס' 111, Ms. Heb. 9467.46, MMS 997008712548005171.",,
SRC-D16E3E4042E1,museum_record,Clay Incantation Bowl / Parthian,University of Michigan History of Art VRC Image Bank,,"University of Michigan History of Art VRC Image Bank. ‘Clay Incantation Bowl / Parthian,’ work record 574086, image record 1366285, accessed 4 September 2026.",,
SRC-D1AD287AC9C9,article,Sur un vase judéo-babylonien du musée Lycklama de Cannes (Provence),"Hyvernat, Henri",1885,"Hyvernat, Henri. “Sur un vase judéo-babylonien du musée Lycklama de Cannes (Provence).” Zeitschrift für Keilschriftforschung und verwandte Gebiete 2 (1885): 113–48.",,
SRC-D2482299BAC7,museum_record,Incantation Bowl,Yale Peabody Museum / Yale Babylonian Collection,,"Yale Peabody Museum, ‘Incantation Bowl,’ Echoes of Egypt, describing YBC 15334, YBC 2359, and YBC 2393 (accessed 2026-09-04).",,
SRC-D26AD3EC2523,museum_record,קערת השבעה מס' 69,National Library of Israel,,"National Library of Israel, קערת השבעה מס' 69, Ms. Heb. 9467.17, MMS 997008712405505171.",,
SRC-D28CDCB2377E,museum_record,Hebrew Bowl B16088,,,"Penn Museum Online Collections, B16088, web object 272782",,
SRC-D3214E640515,museum_record,Hebrew Bowl B13189,,,"Penn Museum Online Collections, B13189, web object 128124",,
SRC-D3B57299DA0C,museum_record,Hebrew Bowl B9015,,,"Penn Museum Online Collections, B9015, web object 223709",,
SRC-D41B75B9DD89,museum_record,Hebrew Bowl B9018,,,"Penn Museum Online Collections, B9018, web object 113787",,
SRC-D444187E44BA,article,More Magic Spells and Formulae,Geller [and others; see citation],1997,———. “More Magic Spells and Formulae.” BSOAS 60 (1997): 327–35.,,
SRC-D4CF2125EF21,article,A Syriac Incantation Bowl with Christian Formula,James A. Montgomery,1918,"Montgomery, James A. ‘A Syriac Incantation Bowl with Christian Formula.’ AJSL 34 (1918): 137–139.",10.1086/369853,
SRC-D5030D381A92,auction_record,Mesopotamian Pottery Incantation Bowl with TL test,Catawiki,2023,"Catawiki. ‘Mesopotamian Pottery Incantation Bowl with TL test,’ lot 67027943, indexed February 2023; listing now redirects.",,
SRC-D55D69F8BD09,museum_record,Bowl with incantation to protect Anush Busai and his family against bad luck,"Royal Ontario Museum label, photographed by Daderot",,"Royal Ontario Museum exhibit label, ‘Bowl with incantation to protect Anush Busai and his family against bad luck,’ photographed 20 November 2011 by Daderot, Wikimedia Commons DSC09712.",,
SRC-D670EE201303,chapter,Appendix C: Alphabetic Texts,Kaufman [and others; see citation],1975,"———. “ Appendix C: Alphabetic Texts.” In Excavations at Nippur: Eleventh Season, ed. McGuire Gibson, 151-52. Chicago: University of Chicago Press, 1975.",,
SRC-D67785A09056,museum_record,Hebrew Bowl Sherd B6361,,,"Penn Museum Online Collections, B6361, web object 141845",,
SRC-D6A39C85BB80,museum_record,קערת השבעה מס' 132,National Library of Israel,,"National Library of Israel, קערת השבעה מס' 132, Ms. Heb. 9467.131, MMS 997008712545905171.",,
SRC-D6DF11669149,museum_record,Hebrew Bowl B16065,,,"Penn Museum Online Collections, B16065, web object 75888",,
SRC-D721A94FA3B2,article,Linguistic Peculiarities in the Aramaic Magic Bowl Texts (review),,2001,Linguistic Peculiarities in the Aramaic Magic Bowl Texts (review) (2001). Crossref DOI 10.1353/jqr.2001.0002.,10.1353/jqr.2001.0002,
SRC-D79B932D0350,museum_record,קערת השבעה מס' 17,National Library of Israel,,"National Library of Israel, קערת השבעה מס' 17, Ms. Heb. 9467.65, MMS 997008712400005171.",,
SRC-D7DD2C56A96B,article,An Aramaic incantation bowl in the Allard Pierson Museum,Klaas Smelik,1978,An Aramaic incantation bowl in the Allard Pierson Museum (1978). OpenAlex W2624188500.,,
SRC-D86BF8DF8E01,article,Studies on Aramaic Magic Bowls and Related Subjects: Introduction,Siam Bhayro,2015,Studies on Aramaic Magic Bowls and Related Subjects: Introduction (2015). Crossref DOI 10.1163/17455227-01301002.,10.1163/17455227-01301002,
SRC-D94E4E0AD015,museum_record,קערת השבעה מס' 91,National Library of Israel,,"National Library of Israel, קערת השבעה מס' 91, Ms. Heb. 9467.184, MMS 997008712401305171.",,
SRC-D954931E2792,museum_record,Hebrew Bowl B16067,,,"Penn Museum Online Collections, B16067, web object 254164",,
SRC-D97F8D33A387,article,Hebrew in the Incantation Bowls,Daniel Frim,2021,"Frim, Daniel. 'Hebrew in the Incantation Bowls.' Journal of Semitic Studies 66 (2021): 27–51.",,
SRC-D9DD3BC6E907,museum_record,קערת השבעה מס' 153,National Library of Israel,,"National Library of Israel, קערת השבעה מס' 153, Ms. Heb. 9467.11, MMS 997008712410005171.",,
SRC-D9FE0348C1C5,web_page,Visiting the Erbil Civilization Museum,Osama S. M. Amin,2016,"Amin, Osama S. M. ‘Visiting the Erbil Civilization Museum.’ World History Foundation, 18 October 2016, object photograph and caption at lines 267–268.",,
SRC-DA1288CA9874,museum_record,Hebrew Bowl B2937,,,"Penn Museum Online Collections, B2937, web object 17299",,
SRC-DA1B2D65B4B0,museum_record,Hebrew Bowl B16037,,,"Penn Museum Online Collections, B16037, web object 130402",,
SRC-DA5B4D0D5E5B,museum_record,incantation bowl: 91760,The British Museum,,"The British Museum, Collections Online, incantation bowl 91760, Segal 024A; accessed 2026-09-04.",,
SRC-DA708912C2D3,catalogue,A Catalogue of Babylonian Incantation Bowls in the Vorderasiatisches Museum (Berlin): Descriptive List and Edition of Selected Texts,Dan Levene; Siam Bhayro; James Nathan Ford; Ortal-Paz Saar; Matthew Morgenstern; Naama Vilozny,2018,"Levene, Dan, Siam Bhayro, James Nathan Ford, Ortal-Paz Saar, Matthew Morgenstern, and Naama Vilozny. A Catalogue of Babylonian Incantation Bowls in the Vorderasiatisches Museum (Berlin): Descriptive List and Edition of Selected Texts. MRLA 7. Leiden: Brill, 2018.",,
SRC-DAB04ADFD27F,museum_record,Hebrew Bowl B2981,,,"Penn Museum Online Collections, B2981, web object 238748",,
SRC-DAB39601BEAD,article,"WikiLeaks, Texts, and Archaeology: The Case of the Schøyen Incantation Bowls",Neil Brodie; Morag M. Kersel,2014,"WikiLeaks, Texts, and Archaeology: The Case of the Schøyen Incantation Bowls (2014). Repository location indexed by OpenAlex W1475945501.",,
SRC-DB6414713F7B,article,Why Biblical Scholars Should Study Aramaic Bowl Spells,Peter T. Lanfer,2015,Why Biblical Scholars Should Study Aramaic Bowl Spells (2015). Crossref DOI 10.1163/17455227-01301003.,10.1163/17455227-01301003,
SRC-DC3E2CFAE157,museum_record,Hebrew Bowl B2951,,,"Penn Museum Online Collections, B2951, web object 332921",,
SRC-DCF3915390DA,museum_record,קערת השבעה מס' 194,National Library of Israel,,"National Library of Israel, קערת השבעה מס' 194, Ms. Heb. 9467.178, MMS 997008712398305171.",,
SRC-DDC815E3BD9F,chapter,The Art of the Aramaic Incantation Bowls,Naama Vilozny,2013,The Art of the Aramaic Incantation Bowls (2013). Crossref DOI 10.1163/9789004229372_003.,10.1163/9789004229372_003,
SRC-DE0167B579CF,museum_record,קערת השבעה מס' 209,National Library of Israel,,"National Library of Israel, קערת השבעה מס' 209, Ms. Heb. 9467.6, MMS 997008712410205171.",,
SRC-DE98B3363294,museum_record,קערת השבעה מס' 102,National Library of Israel,,"National Library of Israel, קערת השבעה מס' 102, Ms. Heb. 9467.96, MMS 997008712398105171.",,
SRC-DEBDF6834918,auction_record,"A Sasanian incantation bowl, 6th–7th century AD — lot 27",Halls Fine Art,2025,"Halls Fine Art, Fine Art and Antiques Auction, 21 May 2025, lot 27, record 166464.",,
SRC-DF02F9A74D90,museum_record,Incantation bowl with pseudo-Aramaic inscription,,,"The Metropolitan Museum of Art, object 86.11.260 (https://www.metmuseum.org/art/collection/search/321886)",,
SRC-DF29C7D96B98,article,Notes on a Recently Published Magic Bowl,M. Morgenstern,2004,Notes on a Recently Published Magic Bowl (2004). Crossref DOI 10.1177/147783510400200204.,10.1177/147783510400200204,
SRC-DF63085B819C,museum_record,Hebrew Bowl B13188,,,"Penn Museum Online Collections, B13188, web object 144684",,
SRC-E03AC9F337A8,museum_record,Hebrew Bowl B2971,,,"Penn Museum Online Collections, B2971, web object 64458",,
SRC-E07567D0FC48,museum_record,קערת השבעה מס' 90,National Library of Israel,,"National Library of Israel, קערת השבעה מס' 90, Ms. Heb. 9467.180, MMS 997008712401505171.",,
SRC-E08CBEB58A31,museum_record,Hebrew Bowl B16025,,,"Penn Museum Online Collections, B16025, web object 137384",,
SRC-E14B9966B61E,chapter,Two Aramaic Incantations,Gordon [and others; see citation],1978,"———. “Two Aramaic Incantations.” In Biblical and Near Eastern Studies: Essays in Honor of William Sanford LaSor , ed. Gary A. Tuttle, 231–44. Grand Rapids: Eerdmans, 1978.",,
SRC-E155E32FC155,repository,Aramaic Bowl Spells Jewish Babylonian Aramaic Bowls,"Shaked, Shual.",2013,Aramaic Bowl Spells Jewish Babylonian Aramaic Bowls. Internet Archive item AramaicBowlSpellsJewishBabylonianAramaicBowls.,,
SRC-E26693A4D198,repository,Virtual Magic Bowl Archive preservation record,University of Exeter,,"University of Exeter Open Research Exeter, ‘Virtual Magic Bowl Archive,’ handle 10871/131583.",,
SRC-E2797DB92056,chapter,A New Mandaic Incantation Bowl from Babil (IM 91-100147),Ali Faraj,2017,"Faraj, Ali. ‘A New Mandaic Incantation Bowl from Babil (IM 91-100147).’ In Afroasiatica Romana, Quaderni di Vicino Oriente XII (2017): 123–132.",,
SRC-E29AEC3E5CF4,article,Aramaic Incantation Bowls,Gordon [and others; see citation],1941,"———. “ Aramaic Incantation Bowls.” Orientalia 10 (1941): 116–41, 272–84, 339–60.",,
SRC-E2C2C68691CB,museum_record,קערת השבעה מס' 50,National Library of Israel,,"National Library of Israel, קערת השבעה מס' 50, Ms. Heb. 9467.199, MMS 997008712394805171.",,
SRC-E2DD336E0B73,chapter,7 Lilith’s Hair and Ashmedai’s Horns: Incantation Bowl Imagery in the Light of Talmudic Descriptions,Naama Vilozny,2015,7 Lilith’s Hair and Ashmedai’s Horns: Incantation Bowl Imagery in the Light of Talmudic Descriptions (2015). Crossref DOI 10.1163/9789004304895_009.,10.1163/9789004304895_009,
SRC-E36A3DBC391F,museum_record,Hebrew Bowl B16062,,,"Penn Museum Online Collections, B16062, web object 287815",,
SRC-E3A54641496B,other,"Shaul Shaked, James Nathan Ford, Siam Bhayro. Aramaic Bowl Spells. Jewish Babylonian Aramaic Bowls. Volume One. With contributions from Matthew Morgenstern, Naama Vilozny, 2013. («Magical and Religious Literature of Late Antiquity», 1 ; «Manuscripts in the Schoyen Collection», 20)","Naiweld, Ron",2014,"Shaul Shaked, James Nathan Ford, Siam Bhayro. Aramaic Bowl Spells. Jewish Babylonian Aramaic Bowls. Volume One. With contributions from Matthew Morgenstern, Naama Vilozny, 2013. («Magical and Religious Literature of Late Antiquity», 1 ; «Manuscripts in the Schoyen Collection», 20) (2014). OpenAlex W7115348737.",,
SRC-E46788C318F6,auction_record,An Aramaic Incantation Bowl — lot 24,Freeman's | Hindman,2022,"Freeman's | Hindman, Antiquities and Ancient Art, Session II, sale 1036, 27 May 2022, lot 24.",,
SRC-E4EE203B27A1,article,"Tulul Kobeba: First Results of Survey and Excavation at a Looted Early Medieval ‘Marsh Arab’ Township in Dhi-Qar Province, Southern Iraq","Simpson, St John",2022,"Simpson, St John. “Tulul Kobeba: First Results of Survey and Excavation at a Looted Early Medieval ‘Marsh Arab’ Township in Dhi-Qar Province, Southern Iraq.” Ash-sharq: Bulletin of the Ancient Near East 6 (2022): 4–57.",,
SRC-E524EB8DFD7A,museum_record,Hebrew Bowl B2966,,,"Penn Museum Online Collections, B2966, web object 205834",,
SRC-E5C2BF660801,museum_record,Hebrew Bowl B8696,,,"Penn Museum Online Collections, B8696, web object 172159",,
SRC-E62506EF1954,museum_record,Hebrew Bowl B9009,,,"Penn Museum Online Collections, B9009, web object 271620",,
SRC-E689BC4C3787,article,Syriac Incantation Bowl from Iraqi Museum,A Faraj,2005,Syriac Incantation Bowl from Iraqi Museum (2005). Repository location indexed by OpenAlex W2915038643.,,
SRC-E6A21F75ED17,museum_record,Hebrew Bowl B2963A,,,"Penn Museum Online Collections, B2963A, web object 3828",,
SRC-E706AD009C79,museum_record,Hebrew Bowl B9012,,,"Penn Museum Online Collections, B9012, web object 58680",,
SRC-E715F5369D95,museum_record,Hebrew Bowl B16072,,,"Penn Museum Online Collections, B16072, web object 156577",,
SRC-E727BD1F6B73,database,Aramaic incantation bowl,Unknown,2021,"Aramaic incantation bowl. USC Digital Library asset 2A3BF1S6UM0K8, DOI 10.25549/inscriptifact-ouc15260334.",10.25549/inscriptifact-ouc15260334,
SRC-E72996E8597F,museum_record,קערת השבעה מס' 74,National Library of Israel,,"National Library of Israel, קערת השבעה מס' 74, Ms. Heb. 9467.124, MMS 997008712404505171.",,
SRC-E73350660418,article,"A Syriac Incantation Bowl in the Finnish National Museum, Helsinki. A Specimen of Eastern Aramaic ""koiné""",Tapani Harviainen,2015,"A Syriac Incantation Bowl in the Finnish National Museum, Helsinki. A Specimen of Eastern Aramaic ""koiné"" (2015). OpenAlex W2283219437.",,
SRC-E75599494684,article,Observations sur un vase judéo-babylonien du British Museum,"Halévy, Joseph",1877,"Halévy, Joseph. “Observations sur un vase judéo-babylonien du British Museum.” Comptes rendus des séances de l’académie des inscriptions et belles-lettres 5 (1877): 288–93.",,
SRC-E7A2136AADE8,auction_record,Aramaic Terracotta Incantation Bowl with Warrior — lot 917,Apollo Art Auctions via Auction Eagle,2026,"Apollo Art Auctions, Fine Antiquities — The Prince Collection, 12 April 2026, lot 917; Auction Eagle record 135362.",,
SRC-E7D5F020B31C,book,Inscriptions mandaïtes des coupes de Khouabir,Henri Pognon,1898,"Pognon, Henri. Inscriptions mandaïtes des coupes de Khouabir. Paris, 1898.",,
SRC-E7EEBC8FD486,museum_record,Hebrew Bowl B16079,,,"Penn Museum Online Collections, B16079, web object 204381",,
SRC-E8293C7C20BE,museum_record,קערת השבעה מס' 24,National Library of Israel,,"National Library of Israel, קערת השבעה מס' 24, Ms. Heb. 9467.94, MMS 997008712398505171.",,
SRC-E8D5BD16B78D,museum_record,קערת השבעה מס' 10,National Library of Israel,,"National Library of Israel, קערת השבעה מס' 10, Ms. Heb. 9467.36, MMS 997008712403405171.",,
SRC-E9305F7152A0,museum_record,קערת השבעה מס' 181,National Library of Israel,,"National Library of Israel, קערת השבעה מס' 181, Ms. Heb. 9467.125, MMS 997008712401805171.",,
SRC-E94437DF5962,auction_record,Incantation Bowl — Auction 32 lot 154,Kedem Auction House,2013,"Kedem Auction House. ‘Incantation Bowl.’ Auction 32: Objects, Judaica, Israeliana, Archeology and Medals, lot 154, 2 July 2013.",,
SRC-E961C60043EC,book,A Corpus of Magic Bowls: Incantation Texts in Jewish Aramaic from Late Antiquity,Levene [and others; see citation],2003,"———. A Corpus of Magic Bowls: Incantation Texts in Jewish Aramaic from Late Antiquity. London: Kegan Paul, 2003.",,
SRC-E9B37D7AB940,museum_record,Hebrew Bowl B8693,,,"Penn Museum Online Collections, B8693, web object 84603",,
SRC-E9E6B626C293,museum_record,Hebrew Bowl B8702,,,"Penn Museum Online Collections, B8702, web object 107955",,
SRC-EA31BF5F4DAE,museum_record,Hebrew Bowl B6337,,,"Penn Museum Online Collections, B6337, web object 320170",,
SRC-EA3884EEFFFA,database,Aramaic incantation bowl (Syriac inscription),Unknown,2021,"Aramaic incantation bowl (Syriac inscription). USC Digital Library asset 2A3BF1S6UGAKP, DOI 10.25549/inscriptifact-ouc15260313.",10.25549/inscriptifact-ouc15260313,
SRC-EA77F3374BA8,museum_record,קערת השבעה מס' 82,National Library of Israel,,"National Library of Israel, קערת השבעה מס' 82, Ms. Heb. 9467.148, MMS 997008712403005171.",,
SRC-EAA1816C2A9E,article,Yet Again on the Unique Incantation Bowl BM 135563,Matthew Morgenstern,2013,Yet Again on the Unique Incantation Bowl BM 135563 (2013). Crossref DOI 10.7817/jameroriesoci.133.1.0111.,10.7817/jameroriesoci.133.1.0111,
SRC-EAE1F2F2F522,museum_record,Hebrew Bowl B8697,,,"Penn Museum Online Collections, B8697, web object 283813",,
SRC-EB09D527BB22,museum_record,Hebrew Bowl B13191,,,"Penn Museum Online Collections, B13191, web object 188383",,
SRC-EB27DA285DC5,chapter,"Aramaic Incantation Bowls at the State Hermitage Museum, St. Petersburg",Tatyana Fain; James Nathan Ford; Alexey Lyavdansky,2016,"Fain, Tatyana, James Nathan Ford, and Alexey Lyavdansky. ‘Aramaic Incantation Bowls at the State Hermitage Museum, St. Petersburg.’ In Babel und Bibel 9 (Winona Lake: Eisenbrauns, 2016), 283–316.",,
SRC-EB27F206924F,museum_record,Hebrew Bowl B16054,,,"Penn Museum Online Collections, B16054, web object 182721",,
SRC-EBB5C4047332,other,Classifying The Scripts of Aramaic Incantation Bowls,Said Nammneh; Nour Atamni; Boraq Madi; Daria Vasyutinsky Shapira; Irina Rabaev; Jihad El‐Sana; Shoshana Boardman,2023,Classifying The Scripts of Aramaic Incantation Bowls (2023). OpenAlex W4385470128.,10.1145/3604951.3605510,
SRC-EBF76D62E26E,museum_record,Hebrew Bowl B16060,,,"Penn Museum Online Collections, B16060, web object 330994",,
SRC-EBFE9A058C45,museum_record,Hebrew Bowl B9007,,,"Penn Museum Online Collections, B9007, web object 80460",,
SRC-EC32A6CBE741,museum_record,קערת השבעה מס' 113,National Library of Israel,,"National Library of Israel, קערת השבעה מס' 113, Ms. Heb. 9467.55, MMS 997008712547805171.",,
SRC-ED44B9676EC5,museum_record,קערת השבעה מס' 198,National Library of Israel,,"National Library of Israel, קערת השבעה מס' 198, Ms. Heb. 9467.194, MMS 997008712397305171.",,
SRC-ED9C9D8C07C1,article,The Jewish Babylonian Aramaic Magic Bowl BM 91767 Reconsidered,Morgenstern [and others; see citation],2007,———. “The Jewish Babylonian Aramaic Magic Bowl BM 91767 Reconsidered.” Le Muséon 120 (2007): 5–27.,,
SRC-ED9F1C93E14A,museum_record,Hebrew Bowl B6338,,,"Penn Museum Online Collections, B6338, web object 90763",,
SRC-EF1521B0C736,museum_record,incantation bowl: 91755,The British Museum,,"The British Museum, Collections Online, incantation bowl 91755, Segal 015A; accessed 2026-09-04.",,
SRC-EF4978FB3663,museum_record,Ceramic bowl with Aramaic magic inscription,British Museum,,"British Museum, ‘Ceramic bowl with Aramaic magic inscription,’ registration 1881,0714.6, republished by Google Arts & Culture.",,
SRC-EFB44E76D7E2,museum_record,קערת השבעה מס' 150,National Library of Israel,,"National Library of Israel, קערת השבעה מס' 150, Ms. Heb. 9467.201, MMS 997008712544105171.",,
SRC-F09573688FD1,article,"Five earthenware Mandaic incantation bowls in Ābgīne Museum, Tehrān",Ibrāhīm Šafiʿī,2025,"Šafiʿī, Ibrāhīm. ‘Five Earthenware Mandaic Incantation Bowls in Ābgīne Museum, Tehrān.’ Journal of Semitic Studies 70.1 (2025): 1–30, object 108–S.",10.1093/jss/fgae027,
SRC-F0BA9F31CC33,museum_record,קערת השבעה מס' 72,National Library of Israel,,"National Library of Israel, קערת השבעה מס' 72, Ms. Heb. 9467.100, MMS 997008712404905171.",,
SRC-F10F0651AE14,museum_record,קערת השבעה מס' 148,National Library of Israel,,"National Library of Israel, קערת השבעה מס' 148, Ms. Heb. 9467.193, MMS 997008712544305171.",,
SRC-F168D061C401,catalogue,The Book of Psalms: Incantation Bowls — large-print labels,The Morgan Library & Museum,2025,"The Morgan Library & Museum. ‘Incantation Bowls,’ large-print exhibition label for Penn Museum B2923, accessed 4 September 2026.",,
SRC-F182BDCFD377,chapter,A SYRIAC MAGIC BOWL,Gaby Abousamra,2012,A SYRIAC MAGIC BOWL (2012). Crossref DOI 10.31826/9781463233143-015.,10.31826/9781463233143-015,
SRC-F183B7163F77,museum_record,Hebrew Bowl B16049,,,"Penn Museum Online Collections, B16049, web object 135414",,
SRC-F1A8F3131394,museum_record,incantation bowl: 91730,The British Museum,,"The British Museum, Collections Online, incantation bowl 91730, Segal 017A; accessed 2026-09-04.",,
SRC-F1C5AEABA349,museum_record,קערת השבעה מס' 190,National Library of Israel,,"National Library of Israel, קערת השבעה מס' 190, Ms. Heb. 9467.162, MMS 997008712400405171.",,
SRC-F20148C5DA92,catalogue,Apollo Art Auctions catalogue 10068,Apollo Art Auctions,2025,"Apollo Art Auctions, auction catalogue 10068, lots 270–273, indexed by The Saleroom, 2025.",,
SRC-F23AC44C9882,museum_record,Hebrew Bowl B13195,,,"Penn Museum Online Collections, B13195, web object 617",,
SRC-F271D7D7C938,museum_record,Hebrew Bowl B6336,,,"Penn Museum Online Collections, B6336, web object 216760",,
SRC-F2D3309F16E7,museum_record,incantation bowl: 91769,The British Museum,,"The British Museum, Collections Online, incantation bowl 91769, Segal 098M; accessed 2026-09-04.",,
SRC-F2EC88B0A4EB,museum_record,קערת השבעה מס' 186,National Library of Israel,,"National Library of Israel, קערת השבעה מס' 186, Ms. Heb. 9467.145, MMS 997008712400805171.",,
SRC-F34FABD38A6D,auction_record,Mesopotamian Terracotta Aramaic Incantation Bowl Fragment — lot 42,Jasper52 via Lot-Art,2021,"Jasper52, auction of 29 December 2021, lot 42, ‘Mesopotamian Terracotta Aramaic Incantation Bowl Fragment.’",,
SRC-F42955665921,article,Coupes à inscriptions magiques,Moïse Schwab,1891,"Schwab, Moïse. ‘Coupes à inscriptions magiques.’ Proceedings of the Society of Biblical Archaeology 13 (1891): 583–595.",,
SRC-F43806E84747,chapter,Magic and Society in Late Sasanian Iraq,Michael G. Morony,2003,"Morony, Michael G. 'Magic and Society in Late Sasanian Iraq.' 2003.",,
SRC-F43CD7126732,museum_record,קערת השבעה מס' 93,National Library of Israel,,"National Library of Israel, קערת השבעה מס' 93, Ms. Heb. 9467.192, MMS 997008712400905171.",,
SRC-F46C267EB36A,chapter,An Aramaic Incantation Text,"Myhrman, David W",1909,"Myhrman, David W. “ An Aramaic Incantation Text.” In Hilprecht Anniversary Volume: Studies in Assyriology and Archaeology Dedicated to Her46 Aramaic Incantation Bowls mann V. Hilprecht upon the Twenty-Fifth Anniversary of His Doctorate and His Fiftieth Birthday (July 28), 342–51. Leipzig: Hinrichs, 1909.",,
SRC-F4CEF1B0DCD4,museum_record,Hebrew Bowl B2936,,,"Penn Museum Online Collections, B2936, web object 250839",,
SRC-F52A70CBD17C,museum_record,Hebrew Bowl B8835,,,"Penn Museum Online Collections, B8835, web object 304291",,
SRC-F560269FB83C,article,Aramaic Incantation Texts between Orality and Textuality,Charles G. Häberl,2015,"Häberl, Charles G. 'Aramaic Incantation Texts between Orality and Textuality.' 2015.",,
SRC-F5776C7FE120,museum_record,קערת השבעה מס' 6,National Library of Israel,,"National Library of Israel, קערת השבעה מס' 6, Ms. Heb. 9467.15, MMS 997008712405105171.",,
SRC-F5816C7D10FC,museum_record,קערת השבעה מס' 137,National Library of Israel,,"National Library of Israel, קערת השבעה מס' 137, Ms. Heb. 9467.149, MMS 997008712545405171.",,
SRC-F58EBEF863E7,chapter,Peculiarità linguistiche in una coppa magica aramaic inedita,Moriggi [and others; see citation],2005,"———. “Peculiarità linguistiche in una coppa magica aramaic inedita.” In Proceedings of the 10th Meeting of Hamito-Semitic (Afroasiatic) Linguistics (Florence, 18–20 April 2001) , ed. Pelio Fronzaroli and Paolo Marrassini, 257–66. Quaderni di semitistica 25. Florence: Università de Firenze, 2005.",,
SRC-F5D33A091B32,museum_record,incantation bowl: 91727,The British Museum,,"The British Museum, Collections Online, incantation bowl 91727, Segal 009A; accessed 2026-09-04.",,
SRC-F5FD4D31B37A,museum_record,קערת השבעה מס' 39,National Library of Israel,,"National Library of Israel, קערת השבעה מס' 39, Ms. Heb. 9467.155, MMS 997008712395905171.",,
SRC-F5FF2B133C4D,museum_record,קערת השבעה מס' 92,National Library of Israel,,"National Library of Israel, קערת השבעה מס' 92, Ms. Heb. 9467.188, MMS 997008712401105171.",,
SRC-F60F3515766A,museum_record,Hebrew Bowl B16104,,,"Penn Museum Online Collections, B16104, web object 311846",,
SRC-F611FA1D3950,museum_record,קערת השבעה מס' 167,National Library of Israel,,"National Library of Israel, קערת השבעה מס' 167, Ms. Heb. 9467.70, MMS 997008712407205171.",,
SRC-F632FCD638E0,book,"Rabbis, Sorcerers, Kings, and Priests: The Culture of the Talmud in Ancient Iran",Jason Sion Mokhtarian,2015,"Mokhtarian, Jason Sion. Rabbis, Sorcerers, Kings, and Priests: The Culture of the Talmud in Ancient Iran. Berkeley: University of California Press, 2015.",,
SRC-F724A8B2B2B5,museum_record,קערת השבעה מס' 177,National Library of Israel,,"National Library of Israel, קערת השבעה מס' 177, Ms. Heb. 9467.109, MMS 997008712403805171.",,
SRC-F7F68B42D30F,museum_record,Hebrew Bowl B2970,,,"Penn Museum Online Collections, B2970, web object 79917",,
SRC-F86E6F06D5CF,article,"An Aramaic Incantation Bowl from Borsippa. Another specimen of Eastern Aramaic ""koiné"". Appendix: A Cryptographic bowl text or an original fake?",Tapani Harviainen,2015,"An Aramaic Incantation Bowl from Borsippa. Another specimen of Eastern Aramaic ""koiné"". Appendix: A Cryptographic bowl text or an original fake? (2015). OpenAlex W2180139610.",,
SRC-F8E3CCD9D82A,museum_record,קערת השבעה מס' 112,National Library of Israel,,"National Library of Israel, קערת השבעה מס' 112, Ms. Heb. 9467.50, MMS 997008712547905171.",,
SRC-F9041DB8EE3E,museum_record,קערת השבעה מס' 81,National Library of Israel,,"National Library of Israel, קערת השבעה מס' 81, Ms. Heb. 9467.144, MMS 997008712403205171.",,
SRC-F9433CD2204F,museum_record,Hebrew Bowl Sherd B6362,,,"Penn Museum Online Collections, B6362, web object 180736",,
SRC-F9AF1A2B801F,museum_record,Hebrew Bowl B2917,,,"Penn Museum Online Collections, B2917, web object 34750",,
SRC-F9F85D27F191,museum_record,קערת השבעה מס' 164,National Library of Israel,,"National Library of Israel, קערת השבעה מס' 164, Ms. Heb. 9467.58, MMS 997008712407805171.",,
SRC-FA0E7F8FF22E,museum_record,Hebrew Bowl B16008,,,"Penn Museum Online Collections, B16008, web object 281212",,
SRC-FA220943A803,auction_record,Collection of Aramaic Terracotta Incantation Bowls — lot 1200,Apollo Art Auctions via LiveAuctioneers,2026,"Apollo Art Auctions, Fine Ancient Art and Antiquities, 21 June 2026, lot 1200, LiveAuctioneers item 232753114.",,
SRC-FA6415CB9660,museum_record,קערת השבעה מס' 114,National Library of Israel,,"National Library of Israel, קערת השבעה מס' 114, Ms. Heb. 9467.59, MMS 997008712547705171.",,
SRC-FA9299496E5D,article,Jewish Divorce Formulae in Syriac Incantation Bowls,Marco Moriggi,2015,Jewish Divorce Formulae in Syriac Incantation Bowls (2015). Crossref DOI 10.1163/17455227-01301007.,10.1163/17455227-01301007,
SRC-FB14E097C4E0,museum_record,Hebrew Bowl B16027,,,"Penn Museum Online Collections, B16027, web object 220768",,
SRC-FBBE3A9CAA77,article,Magic Formulae and Women's History,Avigail Manekin-Bamberger,2025,"Manekin-Bamberger, Avigail. 'Magic Formulae and Women's History.' Jewish Quarterly Review 115 (2025): 1–32. DOI: 10.1353/jqr.2025.a952518.",10.1353/jqr.2025.a952518,
SRC-FC095519D7D0,museum_record,קערת השבעה מס' 178,National Library of Israel,,"National Library of Israel, קערת השבעה מס' 178, Ms. Heb. 9467.113, MMS 997008712403605171.",,
SRC-FC3EE21D1928,museum_record,קערת השבעה מס' 121,National Library of Israel,,"National Library of Israel, קערת השבעה מס' 121, Ms. Heb. 9467.87, MMS 997008712547005171.",,
SRC-FC77989995C8,catalogue,Archaeological Center Auction 57,Archaeological Center Ltd.,,"Archaeological Center Ltd. Auction 57. Auction catalogue, lots 440–442, accessed 4 September 2026.",,
SRC-FCC6EBF75BF3,museum_record,Hebrew Bowl B2963,,,"Penn Museum Online Collections, B2963, web object 40422",,
SRC-FCDCB20DEAE2,museum_record,Hebrew Bowl B2978,,,"Penn Museum Online Collections, B2978, web object 158041",,
SRC-FCEA7A2A5380,auction_record,At Auction: Aramaic Terracotta Magical Incantation Bowl,Invaluable,2026,"Invaluable, TimeLine Auctions Antiquities Sale day 1, 8 September 2026, lot 213, record 731d538396.",,
SRC-FCF261C5597C,museum_record,Incantation Bowl — X 831,The Menil Collection,,"The Menil Collection, “Incantation Bowl,” accession X 831. Accessed 4 September 2026.",,
SRC-FCFB8F2D8D96,museum_record,Hebrew Bowl B9004,,,"Penn Museum Online Collections, B9004, web object 288383",,
SRC-FD7C9081F047,article,Syriac Incantation Bowl from Iraqi Museum,A Faraj,2005,Syriac Incantation Bowl from Iraqi Museum (2005). OpenAlex W2915038643.,,
SRC-FDF316738255,chapter,Die Inschriften auf den babylonischen Thongefässen,"Chwolson, Daniel",1992,"Chwolson, Daniel. “Die Inschriften auf den babylonischen Thongefässen.” In Corpus Inscriptionum Hebraicarum, col. 103–20. Saint Petersburg: H. Schmitzdorff, 1882. 42 Aramaic Incantation Bowls Cook, Edward M. “ An Aramaic Incantation Bowl from Khafaje.” BASOR 285 (1992): 79–81.",,
SRC-FE425474F5BC,museum_record,קערת השבעה מס' 104,National Library of Israel,,"National Library of Israel, קערת השבעה מס' 104, Ms. Heb. 9467.13, MMS 997008712548705171.",,
SRC-FF18D9451680,museum_record,Hebrew Bowl B16038,,,"Penn Museum Online Collections, B16038, web object 151160",,
SRC-FF4308945F0F,article,An Aramaic Incantation Bowl from Khafaje,Edward M. Cook,1992,"Cook, Edward M. ‘An Aramaic Incantation Bowl from Khafaje.’ BASOR 285 (1992): 79–81.",10.2307/1357216,
SRC-FFAB3848F559,museum_record,קערת השבעה מס' 176,National Library of Israel,,"National Library of Israel, קערת השבעה מס' 176, Ms. Heb. 9467.105, MMS 997008712404005171.",,
SRC-FFD168B85204,museum_record,Hebrew Bowl B6335,,,"Penn Museum Online Collections, B6335, web object 200237",,
SRC-FFDF4474C458,book,Aramaic Bowl Spells: Jewish Babylonian Aramaic Bowls Volume One,Shaul Shaked; James Nathan Ford; Siam Bhayro,2013,Aramaic Bowl Spells: Jewish Babylonian Aramaic Bowls Volume One (2013). OpenAlex W8938722.,,
SRC-FFE3830F7B87,museum_record,Hebrew Bowl B314,,,"Penn Museum Online Collections, B314, web object 97118",,
SRC-FORD2002-JANES,article,Another Look at Mandaic Incantation Bowl BM 91715,J. N. Ford,2002,"Ford, J. N. 2002. Another Look at Mandaic Incantation Bowl BM 91715. Journal of the Ancient Near Eastern Society 29: 31–47.",,
SRC-FORD2014-AUOR,article,Notes on Some Recently Published Magic Bowls in the Schøyen Collection and Two New Parallels,James Nathan Ford,2014,"Ford, J. N. 2014. Notes on Some Recently Published Magic Bowls in the Schøyen Collection and Two New Parallels. Aula Orientalis 32/2: 235–263.",,
