id,object_id,source_id,text_type,language,script,editor,locator,rights_status,content_status,content,access_citation,access_locator,access_url,access_status
TXT-00BE8F14150E,IBI-49D8C1227586,SRC-73C44B143A9D,summary,English,,Daniel James Waller,"p. 162, distribution table, Shaked 2015: 109-110",open_license,withheld_consult_the_edition,,"Waller, Daniel James, with contributions by Dorota Molin. The Bible in the Bowls: A Catalogue of Biblical Quotations in Published Jewish Babylonian Aramaic Magic Bowls. Cambridge: Open Book Publishers, 2022. DOI: 10.11647/OBP.0305.","p. 162, distribution table, Shaked 2015: 109-110",https://doi.org/10.11647/OBP.0305,available
TXT-056D935068B7,IBI-0BF39B9EA89F,SRC-73C44B143A9D,summary,English,,Daniel James Waller,"p. 158, distribution table, JBA 113",open_license,withheld_consult_the_edition,,"Waller, Daniel James, with contributions by Dorota Molin. The Bible in the Bowls: A Catalogue of Biblical Quotations in Published Jewish Babylonian Aramaic Magic Bowls. Cambridge: Open Book Publishers, 2022. DOI: 10.11647/OBP.0305.","p. 158, distribution table, JBA 113",https://doi.org/10.11647/OBP.0305,available
TXT-0644079A29FB,IBI-9E632A3F0295,SRC-73C44B143A9D,summary,English,,Daniel James Waller,"p. 155, distribution table, M 102",open_license,withheld_consult_the_edition,,"Waller, Daniel James, with contributions by Dorota Molin. The Bible in the Bowls: A Catalogue of Biblical Quotations in Published Jewish Babylonian Aramaic Magic Bowls. Cambridge: Open Book Publishers, 2022. DOI: 10.11647/OBP.0305.","p. 155, distribution table, M 102",https://doi.org/10.11647/OBP.0305,available
TXT-080BA6B9D6AA,IBI-80A2CB091A04,SRC-73C44B143A9D,summary,English,,Daniel James Waller,"p. 157, distribution table, JBA 31",open_license,withheld_consult_the_edition,,"Waller, Daniel James, with contributions by Dorota Molin. The Bible in the Bowls: A Catalogue of Biblical Quotations in Published Jewish Babylonian Aramaic Magic Bowls. Cambridge: Open Book Publishers, 2022. DOI: 10.11647/OBP.0305.","p. 157, distribution table, JBA 31",https://doi.org/10.11647/OBP.0305,available
TXT-0826E57BFD02,IBI-49D1BAB76E01,SRC-943673B56FB8,translation,English,,James A. Montgomery,"text 11 translation, printed pp. 170; PDF pp. 176",public_domain,included,"Salvation from Heaven for this Newanduch bath Kaphni, that she be saved (2) by the love of Heaven from the Lilith and the Tormentor. Amen. Amen. Again, fly and refrain (3) and remove from Newanduch b. K., the Lilith and the Tormentor and Fever and Barrenness (4) and Abortion; in the name of him who controls the Demons and Devils and Liliths, and in the name of “I-am-that-I-am.”

For the binding of (5) Bagdana, their king and ruler, the king of Demons and [Devils], the [great] ruler of Liliths. I adjure thee, Lilith Halbas, granddaughter of Lilith Zarni, [dwelling] in the house and dwelling of Newanduch b. K. and [plaguing] boys and girls, (7) that thou be smitten in the courses (?) of thy heart and with the lance of ..., who is powerful ... over you.

Behold I have written for thee (i. e. a divorce), and behold I have separated thee [from N. b. K. etc.], [like the Demons] (8) who write divorces for their wives, and do not return to them. Take thy divorce from Newanduch b. K. and do not appear to her, neither by night nor by day, and do not lie [with her]. And do not (9) kill her sons and daughters. In the name of Memintas (?) keeper of Habgezig (?). Yo, Yad, Yat, Yat, Yat. By the seal on which is carved and engraved the Ineffable Name, since the days of the world, the six days of creation.","Montgomery, James A. Aramaic Incantation Texts from Nippur. University Museum, Babylonian Section, Publications 3. Philadelphia, 1913.","text 11 translation, printed pp. 170; PDF pp. 176",https://archive.org/details/aramaicincantati00mont,available
TXT-084E67A8B31A,IBI-A11621D03F66,SRC-73C44B143A9D,summary,English,,Daniel James Waller,"p. 157, distribution table, JBA 67",open_license,withheld_consult_the_edition,,"Waller, Daniel James, with contributions by Dorota Molin. The Bible in the Bowls: A Catalogue of Biblical Quotations in Published Jewish Babylonian Aramaic Magic Bowls. Cambridge: Open Book Publishers, 2022. DOI: 10.11647/OBP.0305.","p. 157, distribution table, JBA 67",https://doi.org/10.11647/OBP.0305,available
TXT-089DEF9EC0AF,IBI-E2E80DC27E79,SRC-73C44B143A9D,summary,English,,Daniel James Waller,"p. 154, distribution table, Isbell 35",open_license,withheld_consult_the_edition,,"Waller, Daniel James, with contributions by Dorota Molin. The Bible in the Bowls: A Catalogue of Biblical Quotations in Published Jewish Babylonian Aramaic Magic Bowls. Cambridge: Open Book Publishers, 2022. DOI: 10.11647/OBP.0305.","p. 154, distribution table, Isbell 35",https://doi.org/10.11647/OBP.0305,available
TXT-09E27D32CF5B,IBI-A7A540CDFF87,SRC-73C44B143A9D,summary,English,,Daniel James Waller,"p. 154, distribution table, Isbell 66",open_license,withheld_consult_the_edition,,"Waller, Daniel James, with contributions by Dorota Molin. The Bible in the Bowls: A Catalogue of Biblical Quotations in Published Jewish Babylonian Aramaic Magic Bowls. Cambridge: Open Book Publishers, 2022. DOI: 10.11647/OBP.0305.","p. 154, distribution table, Isbell 66",https://doi.org/10.11647/OBP.0305,available
TXT-0C22B904A8D3,IBI-AE853E6EB337,SRC-73C44B143A9D,summary,English,,Daniel James Waller,"p. 156, distribution table, VA 2509",open_license,withheld_consult_the_edition,,"Waller, Daniel James, with contributions by Dorota Molin. The Bible in the Bowls: A Catalogue of Biblical Quotations in Published Jewish Babylonian Aramaic Magic Bowls. Cambridge: Open Book Publishers, 2022. DOI: 10.11647/OBP.0305.","p. 156, distribution table, VA 2509",https://doi.org/10.11647/OBP.0305,available
TXT-10391807F6E6,IBI-5A78EABCD168,SRC-73C44B143A9D,summary,English,,Daniel James Waller,"p. 155, distribution table, M 138",open_license,withheld_consult_the_edition,,"Waller, Daniel James, with contributions by Dorota Molin. The Bible in the Bowls: A Catalogue of Biblical Quotations in Published Jewish Babylonian Aramaic Magic Bowls. Cambridge: Open Book Publishers, 2022. DOI: 10.11647/OBP.0305.","p. 155, distribution table, M 138",https://doi.org/10.11647/OBP.0305,available
TXT-107AC4DF040F,IBI-A9469781DBBE,SRC-1B966F866CDF,translation,English,,C. D. Isbell,"Isbell 1975, bowl 22, p. 69",copyrighted,withheld_consult_the_edition,,"Center for Online Judaic Studies. ‘Aramaic Magic Bowl: The Expulsion of Lilith,’ citing C. D. Isbell, Corpus of the Aramaic Incantation Bowls (1975), bowl 22, p. 69; accessed 4 September 2026.","Isbell 1975, bowl 22, p. 69",https://cojs.org/aramaic_magic_bowl-_the_expulsion_of_lilith/,available
TXT-108E51920488,IBI-EAD314664C90,SRC-73C44B143A9D,summary,English,,Daniel James Waller,"p. 158, distribution table, JBA 101",open_license,withheld_consult_the_edition,,"Waller, Daniel James, with contributions by Dorota Molin. The Bible in the Bowls: A Catalogue of Biblical Quotations in Published Jewish Babylonian Aramaic Magic Bowls. Cambridge: Open Book Publishers, 2022. DOI: 10.11647/OBP.0305.","p. 158, distribution table, JBA 101",https://doi.org/10.11647/OBP.0305,available
TXT-10911EB84498,IBI-B205D4EC9A30,SRC-73C44B143A9D,summary,English,,Daniel James Waller,"p. 157, distribution table, JBA 15",open_license,withheld_consult_the_edition,,"Waller, Daniel James, with contributions by Dorota Molin. The Bible in the Bowls: A Catalogue of Biblical Quotations in Published Jewish Babylonian Aramaic Magic Bowls. Cambridge: Open Book Publishers, 2022. DOI: 10.11647/OBP.0305.","p. 157, distribution table, JBA 15",https://doi.org/10.11647/OBP.0305,available
TXT-1108F97B5555,IBI-85A9ED12421A,SRC-73C44B143A9D,summary,English,,Daniel James Waller,"p. 157, distribution table, JBA 55",open_license,withheld_consult_the_edition,,"Waller, Daniel James, with contributions by Dorota Molin. The Bible in the Bowls: A Catalogue of Biblical Quotations in Published Jewish Babylonian Aramaic Magic Bowls. Cambridge: Open Book Publishers, 2022. DOI: 10.11647/OBP.0305.","p. 157, distribution table, JBA 55",https://doi.org/10.11647/OBP.0305,available
TXT-126EB349BA6C,IBI-5632A258703A,SRC-73C44B143A9D,summary,English,,Daniel James Waller,"p. 159, distribution table, IM 56544",open_license,withheld_consult_the_edition,,"Waller, Daniel James, with contributions by Dorota Molin. The Bible in the Bowls: A Catalogue of Biblical Quotations in Published Jewish Babylonian Aramaic Magic Bowls. Cambridge: Open Book Publishers, 2022. DOI: 10.11647/OBP.0305.","p. 159, distribution table, IM 56544",https://doi.org/10.11647/OBP.0305,available
TXT-13502B101C25,IBI-586A5A88B7DC,SRC-73C44B143A9D,summary,English,,Daniel James Waller,"p. 153, distribution table, Isbell 12",open_license,withheld_consult_the_edition,,"Waller, Daniel James, with contributions by Dorota Molin. The Bible in the Bowls: A Catalogue of Biblical Quotations in Published Jewish Babylonian Aramaic Magic Bowls. Cambridge: Open Book Publishers, 2022. DOI: 10.11647/OBP.0305.","p. 153, distribution table, Isbell 12",https://doi.org/10.11647/OBP.0305,available
TXT-158E3A95C068,IBI-5F60BF45DDD7,SRC-73C44B143A9D,summary,English,,Daniel James Waller,"p. 155, distribution table, CAMIB 71",open_license,withheld_consult_the_edition,,"Waller, Daniel James, with contributions by Dorota Molin. The Bible in the Bowls: A Catalogue of Biblical Quotations in Published Jewish Babylonian Aramaic Magic Bowls. Cambridge: Open Book Publishers, 2022. DOI: 10.11647/OBP.0305.","p. 155, distribution table, CAMIB 71",https://doi.org/10.11647/OBP.0305,available
TXT-15B7174C261F,IBI-6A5B95130C25,SRC-4071AE0F749A,summary,English,,Incantation Bowl Index summary,pp. 215–230; newly published Davidovitz Collection bowl,unknown,included,A favor charm intended to obtain popularity and economic success for its client.,"Ford, James Nathan. “‘My Foes Loved Me’: A New Incantation Bowl for Popularity and Success.” Mehqarim be-Lashon 20 (2023): 215–230 (Hebrew).",pp. 215–230; newly published Davidovitz Collection bowl,https://cris.iucc.ac.il/en/publications/%D7%A9%D7%95%D7%A0%D7%90%D7%99%D7%99-%D7%90%D7%94%D7%91%D7%95%D7%A0%D7%99-%D7%A7%D7%A2%D7%A8%D7%AA-%D7%94%D7%A9%D7%91%D7%A2%D7%94-%D7%97%D7%93%D7%A9%D7%94-%D7%9C%D7%A4%D7%95%D7%A4%D7%95%D7%9C%D7%A8%D7%99%D7%95%D7%AA-%D7%95%D7%94%D7%A6%D7%9C%D7%97%D7%94/,partial
TXT-16014AEE31EE,IBI-C478C77AFCC6,SRC-24B0EC105BC9,summary,English,,Incantation Bowl Index summary,"text 2, pp. 198–201; BM 117877",open_license,included,Very fragmentary spell probably related to a dialogue between a magician and a demonic egg.,"Moriggi, Marco. “Relics of Syriac Magic: Another Syriac Bowl for Prwkzʿd br Kwmy and a Syriac Incantation Fragment in the British Museum.” Folia Orientalia 61 (2024): 193–202. https://doi.org/10.24425/for.2024.152391.","text 2, pp. 198–201; BM 117877",https://doi.org/10.24425/for.2024.152391,available
TXT-16B010342B7B,IBI-9AB5883DFA15,SRC-73C44B143A9D,summary,English,,Daniel James Waller,"p. 154, distribution table, Isbell 42",open_license,withheld_consult_the_edition,,"Waller, Daniel James, with contributions by Dorota Molin. The Bible in the Bowls: A Catalogue of Biblical Quotations in Published Jewish Babylonian Aramaic Magic Bowls. Cambridge: Open Book Publishers, 2022. DOI: 10.11647/OBP.0305.","p. 154, distribution table, Isbell 42",https://doi.org/10.11647/OBP.0305,available
TXT-16FE081FA88F,IBI-C4D30211498C,SRC-73C44B143A9D,summary,English,,Daniel James Waller,"p. 159, distribution table, IM 212103",open_license,withheld_consult_the_edition,,"Waller, Daniel James, with contributions by Dorota Molin. The Bible in the Bowls: A Catalogue of Biblical Quotations in Published Jewish Babylonian Aramaic Magic Bowls. Cambridge: Open Book Publishers, 2022. DOI: 10.11647/OBP.0305.","p. 159, distribution table, IM 212103",https://doi.org/10.11647/OBP.0305,available
TXT-170B0B28AA97,IBI-CDCC7E23EA8D,SRC-73C44B143A9D,summary,English,,Daniel James Waller,"p. 161, distribution table, T 27987",open_license,withheld_consult_the_edition,,"Waller, Daniel James, with contributions by Dorota Molin. The Bible in the Bowls: A Catalogue of Biblical Quotations in Published Jewish Babylonian Aramaic Magic Bowls. Cambridge: Open Book Publishers, 2022. DOI: 10.11647/OBP.0305.","p. 161, distribution table, T 27987",https://doi.org/10.11647/OBP.0305,available
TXT-175BB22827DA,IBI-4CDAFE6C01A3,SRC-73C44B143A9D,summary,English,,Daniel James Waller,"p. 158, distribution table, JBA 103",open_license,withheld_consult_the_edition,,"Waller, Daniel James, with contributions by Dorota Molin. The Bible in the Bowls: A Catalogue of Biblical Quotations in Published Jewish Babylonian Aramaic Magic Bowls. Cambridge: Open Book Publishers, 2022. DOI: 10.11647/OBP.0305.","p. 158, distribution table, JBA 103",https://doi.org/10.11647/OBP.0305,available
TXT-1A6EAC4A62BC,IBI-C8B0B8A4E26E,SRC-73C44B143A9D,summary,English,,Daniel James Waller,"p. 162, distribution table, Schwab 1891: 592",open_license,withheld_consult_the_edition,,"Waller, Daniel James, with contributions by Dorota Molin. The Bible in the Bowls: A Catalogue of Biblical Quotations in Published Jewish Babylonian Aramaic Magic Bowls. Cambridge: Open Book Publishers, 2022. DOI: 10.11647/OBP.0305.","p. 162, distribution table, Schwab 1891: 592",https://doi.org/10.11647/OBP.0305,available
TXT-1F0603B07BF2,IBI-E7EC27018B71,SRC-73C44B143A9D,summary,English,,Daniel James Waller,"p. 160, distribution table, MS 2053/7",open_license,withheld_consult_the_edition,,"Waller, Daniel James, with contributions by Dorota Molin. The Bible in the Bowls: A Catalogue of Biblical Quotations in Published Jewish Babylonian Aramaic Magic Bowls. Cambridge: Open Book Publishers, 2022. DOI: 10.11647/OBP.0305.","p. 160, distribution table, MS 2053/7",https://doi.org/10.11647/OBP.0305,available
TXT-1F3AD7613C9B,IBI-19E101F5D705,SRC-73C44B143A9D,summary,English,,Daniel James Waller,"p. 154, distribution table, AMB 11",open_license,withheld_consult_the_edition,,"Waller, Daniel James, with contributions by Dorota Molin. The Bible in the Bowls: A Catalogue of Biblical Quotations in Published Jewish Babylonian Aramaic Magic Bowls. Cambridge: Open Book Publishers, 2022. DOI: 10.11647/OBP.0305.","p. 154, distribution table, AMB 11",https://doi.org/10.11647/OBP.0305,available
TXT-2008DC3CDAFF,IBI-9864B55DD2CF,SRC-73C44B143A9D,summary,English,,Daniel James Waller,"p. 154, distribution table, Isbell 55",open_license,withheld_consult_the_edition,,"Waller, Daniel James, with contributions by Dorota Molin. The Bible in the Bowls: A Catalogue of Biblical Quotations in Published Jewish Babylonian Aramaic Magic Bowls. Cambridge: Open Book Publishers, 2022. DOI: 10.11647/OBP.0305.","p. 154, distribution table, Isbell 55",https://doi.org/10.11647/OBP.0305,available
TXT-25A500E13966,IBI-CD3CA4C7B203,SRC-73C44B143A9D,summary,English,,Daniel James Waller,"p. 154, distribution table, Isbell 50",open_license,withheld_consult_the_edition,,"Waller, Daniel James, with contributions by Dorota Molin. The Bible in the Bowls: A Catalogue of Biblical Quotations in Published Jewish Babylonian Aramaic Magic Bowls. Cambridge: Open Book Publishers, 2022. DOI: 10.11647/OBP.0305.","p. 154, distribution table, Isbell 50",https://doi.org/10.11647/OBP.0305,available
TXT-25BBE8EC4EF1,IBI-4AE5624CAB18,SRC-73C44B143A9D,summary,English,,Daniel James Waller,"p. 161, distribution table, T 15608",open_license,withheld_consult_the_edition,,"Waller, Daniel James, with contributions by Dorota Molin. The Bible in the Bowls: A Catalogue of Biblical Quotations in Published Jewish Babylonian Aramaic Magic Bowls. Cambridge: Open Book Publishers, 2022. DOI: 10.11647/OBP.0305.","p. 161, distribution table, T 15608",https://doi.org/10.11647/OBP.0305,available
TXT-2651558ECDBF,IBI-C2906E4D88F3,SRC-73C44B143A9D,summary,English,,Daniel James Waller,"p. 155, distribution table, CAMIB 40",open_license,withheld_consult_the_edition,,"Waller, Daniel James, with contributions by Dorota Molin. The Bible in the Bowls: A Catalogue of Biblical Quotations in Published Jewish Babylonian Aramaic Magic Bowls. Cambridge: Open Book Publishers, 2022. DOI: 10.11647/OBP.0305.","p. 155, distribution table, CAMIB 40",https://doi.org/10.11647/OBP.0305,available
TXT-283DB6F8098C,IBI-11FC2F150C46,SRC-73C44B143A9D,summary,English,,Daniel James Waller,"p. 158, distribution table, JBA 73",open_license,withheld_consult_the_edition,,"Waller, Daniel James, with contributions by Dorota Molin. The Bible in the Bowls: A Catalogue of Biblical Quotations in Published Jewish Babylonian Aramaic Magic Bowls. Cambridge: Open Book Publishers, 2022. DOI: 10.11647/OBP.0305.","p. 158, distribution table, JBA 73",https://doi.org/10.11647/OBP.0305,available
TXT-2A20CC634C78,IBI-A40CFF8CFA46,SRC-73C44B143A9D,summary,English,,Daniel James Waller,"p. 160, distribution table, MS 2053/159",open_license,withheld_consult_the_edition,,"Waller, Daniel James, with contributions by Dorota Molin. The Bible in the Bowls: A Catalogue of Biblical Quotations in Published Jewish Babylonian Aramaic Magic Bowls. Cambridge: Open Book Publishers, 2022. DOI: 10.11647/OBP.0305.","p. 160, distribution table, MS 2053/159",https://doi.org/10.11647/OBP.0305,available
TXT-2C11BDEE2B80,IBI-4500756E262F,SRC-943673B56FB8,translation,English,,James A. Montgomery,"text 12 translation, printed pp. 174-175; PDF pp. 180-181",public_domain,included,"Salvation from Heaven for Dadbeh bar Asmanduch and for Sarkoi (2) bath Dada his wife, and for their sons and daughters and their house (3) and their property, that they may have offspring and may live and be established and be preserved (4) from Demons and Devils and Plagues and Satans and Curses and Liliths and Tormentors, which may appear (5) to them. I adjure thee, the angel which descends from heaven—there being kneaded (something) in the shape of a horn, on which honey is poured—(6) the angel who does the will of his Lord and who walks upon the (throne-) steps of his Lord še’û, and who is praised in the heavens (7) še’û, and his praise is in earth semû;—they are filled with glory, who endure and keep pure since the days of eternity, and their feet (8) are not seen in their dances by the whole world, and they sit and stand in their place, blowing like the blast, lightening like the lightning. (9) These will frustrate and ban all Familiars and Countercharms and Necklace-spirits and Curses and Invocations and Knockings and Rites and Words and Demons (10) and Devils and Plagues and Liliths and Idol-spirits and Tormentors and everything whatsoever evil, that they shall flee and depart from Dadbeh b. A. and from Sarkoi (11) b. Dada his wife and from Honik and Yasmin and Kufithai and Mehduch and Abraham and Pannoi and Sili the children of Sarkoi and from their house and from (12) their property and from their dwelling, wherein they dwell, from this day and forever, in the name of Yhwh Sebaoth. Amen, Amen, Selah. “Yhwh keep thee from all evil, keep thy soul.”

Exterior

(13). Of the inner room, of the hall.","Montgomery, James A. Aramaic Incantation Texts from Nippur. University Museum, Babylonian Section, Publications 3. Philadelphia, 1913.","text 12 translation, printed pp. 174-175; PDF pp. 180-181",https://archive.org/details/aramaicincantati00mont,available
TXT-2CCE5A5FE8F4,IBI-69CFC1400A1D,SRC-73C44B143A9D,summary,English,,Daniel James Waller,"p. 155, distribution table, M 142",open_license,withheld_consult_the_edition,,"Waller, Daniel James, with contributions by Dorota Molin. The Bible in the Bowls: A Catalogue of Biblical Quotations in Published Jewish Babylonian Aramaic Magic Bowls. Cambridge: Open Book Publishers, 2022. DOI: 10.11647/OBP.0305.","p. 155, distribution table, M 142",https://doi.org/10.11647/OBP.0305,available
TXT-2FFE7621CC7E,IBI-90C14612734A,SRC-73C44B143A9D,summary,English,,Daniel James Waller,"p. 161, distribution table, Müller-Kessler 1994: B2",open_license,withheld_consult_the_edition,,"Waller, Daniel James, with contributions by Dorota Molin. The Bible in the Bowls: A Catalogue of Biblical Quotations in Published Jewish Babylonian Aramaic Magic Bowls. Cambridge: Open Book Publishers, 2022. DOI: 10.11647/OBP.0305.","p. 161, distribution table, Müller-Kessler 1994: B2",https://doi.org/10.11647/OBP.0305,available
TXT-322978D8C1EC,IBI-ABDE8A973358,SRC-943673B56FB8,translation,English,,James A. Montgomery,"text 20 translation, printed pp. 201; PDF pp. 207",public_domain,included,"Tardi bath Oni (2) Hormisdar Tardi. In the name of AAAAAA, exorcised and sealed (3) are the Demon and the Devil and the Satan and the Curse-spirit and the evil Liliths (4) which appear by night and appear by day, and appear (to) Tardi bath [Oni, etc.]. (5) In the name of Gabriel, Michael, and Rophiel. Amen, Amen, Amen, Amen, Hallelia, Selah. According to AAAAAA.","Montgomery, James A. Aramaic Incantation Texts from Nippur. University Museum, Babylonian Section, Publications 3. Philadelphia, 1913.","text 20 translation, printed pp. 201; PDF pp. 207",https://archive.org/details/aramaicincantati00mont,available
TXT-38224C3D66B4,IBI-F6ED61BF3D88,SRC-943673B56FB8,translation,English,,James A. Montgomery,"text 26 translation, printed pp. 209; PDF pp. 215",public_domain,included,"""Hear, Israel: YYYY our God is one YYYY."" ""According to the mouth of YYYY they encamped, and according to the mouth of YYYY they marched (2). The observance of YYYY they observed according to the word of Yhwh through Moses."" ""And YYYY said to Satan: YYYY rebuke (3) thee, Satan, YYYY rebuke thee, who chose Jerusalem. Is not this a brand plucked from the fire?""

Again, bound and held art thou, (4) evil Spirit, and mighty Lilith, that thou appear not to Berik-Yahbeh bar Maine and this Ispandarmed bath H..dora, (5) neither by day nor by night, nor at any evening or morning, nor at any time whatsoever, nor at any seasons whatsoever. But flee (6) from their presence and take thy divorce and thy separation and thy writ of dismissal. [I have divorced] thee, [even as demons write] divorces for their wives and return not (to them). (7, 8) ...","Montgomery, James A. Aramaic Incantation Texts from Nippur. University Museum, Babylonian Section, Publications 3. Philadelphia, 1913.","text 26 translation, printed pp. 209; PDF pp. 215",https://archive.org/details/aramaicincantati00mont,available
TXT-38AC53C83E75,IBI-160D40AE5C30,SRC-73C44B143A9D,summary,English,,Daniel James Waller,"p. 160, distribution table, MS 1927/9",open_license,withheld_consult_the_edition,,"Waller, Daniel James, with contributions by Dorota Molin. The Bible in the Bowls: A Catalogue of Biblical Quotations in Published Jewish Babylonian Aramaic Magic Bowls. Cambridge: Open Book Publishers, 2022. DOI: 10.11647/OBP.0305.","p. 160, distribution table, MS 1927/9",https://doi.org/10.11647/OBP.0305,available
TXT-3E1804061592,IBI-3A55DF064E39,SRC-73C44B143A9D,summary,English,,Daniel James Waller,"p. 161, distribution table, T 28001",open_license,withheld_consult_the_edition,,"Waller, Daniel James, with contributions by Dorota Molin. The Bible in the Bowls: A Catalogue of Biblical Quotations in Published Jewish Babylonian Aramaic Magic Bowls. Cambridge: Open Book Publishers, 2022. DOI: 10.11647/OBP.0305.","p. 161, distribution table, T 28001",https://doi.org/10.11647/OBP.0305,available
TXT-3E30FFF9E19F,IBI-12E9DEF48BE8,SRC-73C44B143A9D,summary,English,,Daniel James Waller,"p. 159, distribution table, HS 3027",open_license,withheld_consult_the_edition,,"Waller, Daniel James, with contributions by Dorota Molin. The Bible in the Bowls: A Catalogue of Biblical Quotations in Published Jewish Babylonian Aramaic Magic Bowls. Cambridge: Open Book Publishers, 2022. DOI: 10.11647/OBP.0305.","p. 159, distribution table, HS 3027",https://doi.org/10.11647/OBP.0305,available
TXT-427A42CEB660,IBI-8516931DE44E,SRC-4955445F0A7A,translation,English,,C. D. Isbell,"Isbell 1975, bowl 23, pp. 71–72",copyrighted,withheld_consult_the_edition,,"Center for Online Judaic Studies. ‘Aramaic Magic Bowl: The Protection of the Family,’ citing C. D. Isbell, Corpus of the Aramaic Incantation Bowls (1975), bowl 23, pp. 71–72; accessed 4 September 2026.","Isbell 1975, bowl 23, pp. 71–72",https://cojs.org/aramaic_magic_bowl-_the_protection_of_the_family/,available
TXT-436F40C8AB38,IBI-AF04A429BAE6,SRC-73C44B143A9D,summary,English,,Daniel James Waller,"p. 159, distribution table, Aaron E",open_license,withheld_consult_the_edition,,"Waller, Daniel James, with contributions by Dorota Molin. The Bible in the Bowls: A Catalogue of Biblical Quotations in Published Jewish Babylonian Aramaic Magic Bowls. Cambridge: Open Book Publishers, 2022. DOI: 10.11647/OBP.0305.","p. 159, distribution table, Aaron E",https://doi.org/10.11647/OBP.0305,available
TXT-440D21790760,IBI-9CDD9096F957,SRC-C5AA2D8C1284,summary,English,,Incantation Bowl Index summary,illustrated bowl transcription and translation; identified as M59 via Levene dissertation pp. 39–40,unknown,included,"Protective spell for Ardoi son of Kirkshidukh, invoking angelic and divine authority against demons and harmful beings; includes Zechariah 3:2.","University of Edinburgh, Jewish Non-Jewish Relations, ‘Jewish Aramaic Incantation Bowls,’ primary-source guide, accessed 4 September 2026.",illustrated bowl transcription and translation; identified as M59 via Levene dissertation pp. 39–40,,available
TXT-4580CE82B0C0,IBI-EB3CA24423AE,SRC-73C44B143A9D,summary,English,,Daniel James Waller,"p. 159, distribution table, IM 212092",open_license,withheld_consult_the_edition,,"Waller, Daniel James, with contributions by Dorota Molin. The Bible in the Bowls: A Catalogue of Biblical Quotations in Published Jewish Babylonian Aramaic Magic Bowls. Cambridge: Open Book Publishers, 2022. DOI: 10.11647/OBP.0305.","p. 159, distribution table, IM 212092",https://doi.org/10.11647/OBP.0305,available
TXT-4673AA342F32,IBI-11735829BDED,SRC-73C44B143A9D,summary,English,,Daniel James Waller,"p. 158, distribution table, JBA 87",open_license,withheld_consult_the_edition,,"Waller, Daniel James, with contributions by Dorota Molin. The Bible in the Bowls: A Catalogue of Biblical Quotations in Published Jewish Babylonian Aramaic Magic Bowls. Cambridge: Open Book Publishers, 2022. DOI: 10.11647/OBP.0305.","p. 158, distribution table, JBA 87",https://doi.org/10.11647/OBP.0305,available
TXT-46C616D62E15,IBI-C3B04E20C369,SRC-943673B56FB8,translation,English,,James A. Montgomery,"text 10 translation, printed pp. 165; PDF pp. 171",public_domain,included,"This amulet is for the salvation of this Newanduch bath Kaphni, and Kaphni her husband bar Sarkoi, and Zadoi her son, and her house and her whole threshold, in the name of Yah, Yahu, Ah, ... (2) Sealed, and countersealed are this house and this threshold ... in the name of LLZRyon and Sabiel and Gabriel and Eliel ... (3) And sealed are these, Zadoi and Newanduch, with that seal with which the First Adam sealed Seth his son and he was preserved from Demons (4) and Devils and Tormentors and Satans. Again sealed and countersealed are these, the son of Sarkoi and Newanduch his wife b. (5) K. and Zadoi her son, with that seal with which Noah sealed the ark from the waters of the Deluge. (6) And may they fly and cease and go forth and remove from them and from their house and their abode and their bed-chamber, from this day and forever.","Montgomery, James A. Aramaic Incantation Texts from Nippur. University Museum, Babylonian Section, Publications 3. Philadelphia, 1913.","text 10 translation, printed pp. 165; PDF pp. 171",https://archive.org/details/aramaicincantati00mont,available
TXT-47D066DF23A2,IBI-967FFF92E37F,SRC-73C44B143A9D,summary,English,,Daniel James Waller,"p. 158, distribution table, JBA 116",open_license,withheld_consult_the_edition,,"Waller, Daniel James, with contributions by Dorota Molin. The Bible in the Bowls: A Catalogue of Biblical Quotations in Published Jewish Babylonian Aramaic Magic Bowls. Cambridge: Open Book Publishers, 2022. DOI: 10.11647/OBP.0305.","p. 158, distribution table, JBA 116",https://doi.org/10.11647/OBP.0305,available
TXT-49BF92F67FDD,IBI-77314E5A3199,SRC-73C44B143A9D,summary,English,,Daniel James Waller,"p. 159, distribution table, IM 9736",open_license,withheld_consult_the_edition,,"Waller, Daniel James, with contributions by Dorota Molin. The Bible in the Bowls: A Catalogue of Biblical Quotations in Published Jewish Babylonian Aramaic Magic Bowls. Cambridge: Open Book Publishers, 2022. DOI: 10.11647/OBP.0305.","p. 159, distribution table, IM 9736",https://doi.org/10.11647/OBP.0305,available
TXT-4A2B4F981C0C,IBI-D97F4DC17DD3,SRC-73C44B143A9D,summary,English,,Daniel James Waller,"p. 162, distribution table, Ford/Ten-Ami 2012",open_license,withheld_consult_the_edition,,"Waller, Daniel James, with contributions by Dorota Molin. The Bible in the Bowls: A Catalogue of Biblical Quotations in Published Jewish Babylonian Aramaic Magic Bowls. Cambridge: Open Book Publishers, 2022. DOI: 10.11647/OBP.0305.","p. 162, distribution table, Ford/Ten-Ami 2012",https://doi.org/10.11647/OBP.0305,available
TXT-4B54DB3A9ECC,IBI-023E77FA4EA0,SRC-73C44B143A9D,summary,English,,Daniel James Waller,"p. 160, distribution table, M 164",open_license,withheld_consult_the_edition,,"Waller, Daniel James, with contributions by Dorota Molin. The Bible in the Bowls: A Catalogue of Biblical Quotations in Published Jewish Babylonian Aramaic Magic Bowls. Cambridge: Open Book Publishers, 2022. DOI: 10.11647/OBP.0305.","p. 160, distribution table, M 164",https://doi.org/10.11647/OBP.0305,available
TXT-4CA54D8CD1EA,IBI-5C355EF43D8D,SRC-943673B56FB8,translation,English,,James A. Montgomery,"text 8 translation, printed pp. 155-156; PDF pp. 161-162",public_domain,included,"In the name of the Lord of salvations.

Designated is this bowl for the sealing of the house of this Geyonai bar Mamai, that there flee (2) from him the evil Lilith, in the name of ‘Yhwh El has scattered’; the Lilith, the male Lilis and the female Liliths, the Hag (ghost?) and the Ghul, (3) the three of you, the four of you and the five of you; [naked] are you sent forth, nor are you clad, with your hair dishevelled and let fly behind your backs. It is made known to you, (4) whose father is named Palhas and whose mother Pelahdad: Hear and obey and come forth from the house and the dwelling of this Geyonai b. M. and from Rasnoi his wife (5) bath Marath.

And again, you shall not appear to them in his (sic) house nor in their dwelling nor in their bedchamber, because it is announced to you, whose father is named Palhas and whose mother (6) Pelahdad,—because it is announced to you that Rabbi Joshua bar Perahia has sent against you the ban. I adjure you [by the glory (= name)] of Palhas your father (7) and by the name of Pelahdad your mother. A divorce-writ has come down to us from heaven and there is found written in it for your advisement and your terrification, in the name of Palsa-Pelisa (‘Divorcer-Divorced’), who renders to thee thy divorce and thy separation, your divorces (8) and your separations. Thou, Lilith, male Lili and female Lilith, Hag and Ghul, be in the ban ... [of Rabbi] Joshua b. P.

And thus has spoken to us Rabbi Joshua b. P.: (9) A divorce writ has come for you (thee?) from across the sea, and there is found written in it [against you], whose father is named Palhas and whose mother Pelahdad, ... they hear from the firmament (10) ... Hear and they and go from the house and from the dwelling of this Geyonai b. M. and from Rasnoi his wife b. M.

And again, you shall not appear to them (11) either in dream by night nor in slumber by day, because you are sealed with the signet of El Shaddai and with the signet of the house of Joshua b. Perahia and by the Seven (?) which are before him. Thou Lilith, male Lili and female Lilith, Hag and Ghul, I adjure you by the Strong One of Abraham, by the Rock of Isaac, by the Shaddai of Jacob, by Yah (?) his name ... by Yah his memorial ... I adjure (13) you to turn away from this Rasnoi b. M. and from Geyonai her husband b. M. Your divorce and writ (?) and letter of separation ... sent through holy Angels ... the Hosts of fire in the spheres, the Chariots of El-Panim before him standing, (14) the Beasts worshipping in the fire of his throne and in the water, the Legions of I-am-that-I-am, this his name ... And by the adjuration of holy Angels, by ...el the great angel, and by ‘Azriel the great angel, (15) and by Kabkabkiel the great angel, and by ‘Akariel the great angel, I uproot the evil Necklace-spirits. Moreover you evil Liliths, evil Counter-charms, ... and the letter of divorce (16). And again, do not return to them from this day and forever. Amen, Amen, Selah. Sealed upon him ... Gabriel (?).

Again (I adjure you), evil Lilith and evil Spirit ... (17) ... or kill ... depart from this Rasnoi b. M. And be they preserved for life! Amen, Amen, Selah, Halleluia.","Montgomery, James A. Aramaic Incantation Texts from Nippur. University Museum, Babylonian Section, Publications 3. Philadelphia, 1913.","text 8 translation, printed pp. 155-156; PDF pp. 161-162",https://archive.org/details/aramaicincantati00mont,available
TXT-4DE4FA77A583,IBI-DC36E80A1951,SRC-943673B56FB8,translation,English,,James A. Montgomery,"text 39 translation, printed pp. 248-249; PDF pp. 254-255",public_domain,included,"Health and arming and sealing and protection (2) be for ... and the body and soul (3) and the unborn child and womb of Bardesa whose mother is the daughter of Dade. (4) Charmed are the Sorcery-spirits in stocks of iron; charmed the Lilith (5) in chains of lead; charmed the empoisoning male Devils and charmed the empoisoning female Liliths; (6) charmed [the arts of?] evil men and hostile Beasts, (7) and evil Mysteries and the (magic) Circle of malignant Masters and Sages and Doctors, and the melting of Wax figures (8) of him who is alive: from the unborn child and womb of Bardesa whose mother is Terme b. D.

Charmed the Lilith that appears to her (9) in ...; charmed the Lilith that appears to her in [shape?] of Tata her sister’s daughter; charmed all the defiling Ghosts (10) that have entered, which appear to her in Dreams of night and in Visions of day; charmed and sealed with the seal of (11) King Solomon.

Again: Health and arming and sealing be for the womb and the parturition of Bardesa (12) whose mother is Terme b. D.","Montgomery, James A. Aramaic Incantation Texts from Nippur. University Museum, Babylonian Section, Publications 3. Philadelphia, 1913.","text 39 translation, printed pp. 248-249; PDF pp. 254-255",https://archive.org/details/aramaicincantati00mont,available
TXT-4E7E84DC3D0C,IBI-070B31F47013,SRC-73C44B143A9D,summary,English,,Daniel James Waller,"p. 159, distribution table, Aaron B",open_license,withheld_consult_the_edition,,"Waller, Daniel James, with contributions by Dorota Molin. The Bible in the Bowls: A Catalogue of Biblical Quotations in Published Jewish Babylonian Aramaic Magic Bowls. Cambridge: Open Book Publishers, 2022. DOI: 10.11647/OBP.0305.","p. 159, distribution table, Aaron B",https://doi.org/10.11647/OBP.0305,available
TXT-4F551289D88F,IBI-6C4D8112FFE2,SRC-943673B56FB8,translation,English,,James A. Montgomery,"text 22 translation, printed pp. 203-204; PDF pp. 209-210",public_domain,included,"Sealed and countersealed are the house and threshold of Dodi bath Ahath from all evil Plagues, from all evil Spirits, (2) and from the Tormentors, and from the Liliths, and from all Injurers, that ye approach not to her, to the house and threshold of (3) Dodi b. A., which is sealed with three signets and countersealed with seven seals from every kind of Lilith and from all (4) Injurers, that ye approach not to her, to the house and threshold of Dodi [b. A.], and from all evil Spirits and from all evil Injurers, (5) from this day and forever. Amen, Amen, Selah.","Montgomery, James A. Aramaic Incantation Texts from Nippur. University Museum, Babylonian Section, Publications 3. Philadelphia, 1913.","text 22 translation, printed pp. 203-204; PDF pp. 209-210",https://archive.org/details/aramaicincantati00mont,available
TXT-503EFA18BFA9,IBI-84F6B8FD30B3,SRC-943673B56FB8,translation,English,,James A. Montgomery,"text 19 translation, printed pp. 196-197; PDF pp. 202-203",public_domain,included,"In thy name, O Lord of salvations, the great Saviour (2) of love.

Charmed and sealed and countersealed is the whole (3) person and the bedchamber of this Mesarsia, surnamed (4) Goldsmith, bar Mahlaphta, with the seven spells which may not be loosed, and with the eight seals (5) which may not be broken.

In thy name, lord Ibbol, the great king of the Bagdani; and in thy name, our lady Ibboleth, (6) the great queen of the goddesses (she-demons?), and in the name of Talasbogi the great lord of the Bagdani; and in the name of Sahnudmuk; (7) and in the name of Ibbol son of Palag; and in the name of Angaros; and in the name of the Lord, the Word and Leader and Armasa (Hermes); and in the name of Azpa and ‘Alim; (8) and in the name of Nakderos the lord of ...; and in the name of Seraphiel, lord of judgment and of (divine) beck; and in the name of the 60 male gods (9) and the 80 female goddesses; and in the name of Ardisaba (or Ardi) the most ancient of his colleagues; and in the name of Anad the great lord ... (10) cast above (him) iron and bronze, and fastened to him fetters (?) of lead and the 70 exalted priests of Bagdana; and in the name of Bagdana son of Habal (destruction). (11) ...; and in the name of Palnini and Mandinsan and Menirnas ...; and in the name of Iras son of Hanas; and in the name of Abrakis (Abraxas); and in the name of Agzariel, who is without compassion; (12) and in the name of Arzan and ..., rôs berôs delterôs; and in the name ... to Ariel he sent a message: “Lift up” ( ?), ... to the great Ruler before him; and in the name of ...; and in the name of lord Ibbol (13) the great angel of the Blast-demons, and in the name of the great God and the great Lord of the Bagdani; in the name of Arion son of Zand: Ye are charmed and armed and equipped.

Against all Demons, Devils and evil Satans, this charm (14) and bowl is sure and its seals established against them, from whose charm none ever goes forth and from whose control none sallies forth.

In the name of these charms are bound there Demon and Danhis and the evil Lilith (15) which are in the body of this Mesarsia, surnamed Goldsmith, b. M., by charms in earth and by seals in heaven.

Again, (ye are) charmed with a charm and sealed a second time away from the body of this Mesarsia, (16) etc., Amen.

Again, charmed are the Demon and Devil and Danhis and Amulet-spirit and Idol-spirit, which are upon the body of this Mesarsia, etc., by Ibbol, (17) and sealed by Ibboleth.

Again, charmed by Sinas and Mana, and sealed by fire.

Again, charmed by the great gods and sealed by Arion son of Zand.

Again, charmed by the seal of the family of Hanun, and sealed by the great ... of Zeuza (Zeus).

Again, charmed by the true God, and sealed by the great Ruler (18) who is before him, away from the body of this Mesarsia, etc.

In the name of Patragenos, Okinos (Okeanos), Sunka, Kosa, Kapa, Azaziel ... (19) ... his constellation (?), that this Mesarsia, etc., be sealed from the top ( ?) of his head to the toes of his feet ... they shall not be, nor this house of Mesarsia, (20) etc., shall they enter nor approach, nor appear therein, neither by night nor by day, from this day and forever. ...","Montgomery, James A. Aramaic Incantation Texts from Nippur. University Museum, Babylonian Section, Publications 3. Philadelphia, 1913.","text 19 translation, printed pp. 196-197; PDF pp. 202-203",https://archive.org/details/aramaicincantati00mont,available
TXT-50E004F04033,IBI-E135C0EA9CED,SRC-943673B56FB8,translation,English,,James A. Montgomery,"text 5 translation, printed pp. 138-139; PDF pp. 144-145",public_domain,included,"Wholly charmed and sealed and bound and enchanted [are ye], that ye go away and be sealed and depart from the house [and property?] of Farruch bar Pusbi and Newanduch bath Pusbi and Abanduch bath Pusbi, and that there depart from them (2) all evil Liliths and all Demons and Devils and Spells and Idol-spirits, and the Vow and the Curse and the Invocation, and evil Arts and mighty Works and everything hostile. Ye are bound with the seven spells and sealed (3) with the seven seals in the name of Eldedabya Abi Ponan, lord of spoil and curse ... I conjure against you in the name of the great Prince, that thou keep Farruch b. P. and Newanduch b. P. (4) from the Evil Eye and from the mighty Satan, and from ... and from the many Satyrs in the road of Hamad, in the name of Yhwh, ’H, B’H. Amen, Amen, Selah. (5) “According to the mouth of Yhwh they would encamp, and according to the mouth of Yhwh they would march; the observance of Yhwh they kept according to the mouth of Yhwh by Moses.” “And Yhwh said to Satan: Yhwh rebuke thee, Satan, Yhwh rebuke (6) thee who chose Jerusalem. Is not this a brand plucked from the fire?” Amen, Amen, Selah.","Montgomery, James A. Aramaic Incantation Texts from Nippur. University Museum, Babylonian Section, Publications 3. Philadelphia, 1913.","text 5 translation, printed pp. 138-139; PDF pp. 144-145",https://archive.org/details/aramaicincantati00mont,available
TXT-50E9AECCDBEF,IBI-CF7556423B9D,SRC-943673B56FB8,translation,English,,James A. Montgomery,"text 14 translation, printed pp. 183; PDF pp. 189",public_domain,included,"[This bowl] in thy name do I make, Yhwh, the great God. May this bowl be for the sealing of Hormizduch bath Mehduch. I adjure thee ... (2) evil, in the name of holy Agrabis, in the name of MS MS, in the name of SP SP YHWK YHWK, who removed his chariot to (above?) the Red Sea ... (3) David, the Psalm of the Red Sea. Again I adjure you by him who lodged his Shekina in the temple of light and hail, and his ... (4) ... the exalted king. Halleluia, Halleluia. Oh avaunt, oh avaunt, avaunt! And in the name of Michael and Gabriel ... (5) in the name of Sariel, in the name of Seraphiel, Suriel and Sarsamiel, Gadriel, Peniel, Nahriel. And all Blast-demons (6) and evil Injurers, whose names are recorded in this bowl and whose names are not recorded in this bowl,--oh, (7) oh, avaunt, sit down there! And ye shall be cast down, sitting within the glowing light and fiery flame (8). Amen, Amen, Selah.","Montgomery, James A. Aramaic Incantation Texts from Nippur. University Museum, Babylonian Section, Publications 3. Philadelphia, 1913.","text 14 translation, printed pp. 183; PDF pp. 189",https://archive.org/details/aramaicincantati00mont,available
TXT-5108222057C7,IBI-28AFCD028373,SRC-943673B56FB8,translation,English,,James A. Montgomery,"text 3 translation, printed pp. 127-128; PDF pp. 133-134",public_domain,included,"In thy name, O Lord of salvations, the great Saviour of love.

Designated is this spell and mystery and strong seal for the sealing of the household of this (2) Ardoi bar Hormizduch, that from him may depart and remove the evil Demon and the evil Satan, who is called SP‘SḲ, the Mighty Destroyer, who kills (3) a man from the side of his wife and a woman from the side of her husband, and sons and daughters from their father and from their mother,—by day and by night omo, omo, walking. (4) I adjure thee that thou do not kill off this Ardoi b. H. from Ahath his wife, and that thou do not kill off Ahath bath Parkoi from Ardoi her husband, (5) and that thou do not kill off their sons and their daughters, whether those they have or those they shall have, from this day and forever, neither by night nor by day. In the name of Z‘Z‘Z‘, ḤSR, ḤSR, ḤSR, P‘SP‘SP‘, TMR, TMR, (6) TMR, NḲṬ, ZHZHZH, ḤSR, P‘S, TMR, ḲḲ, ’STW, YWPT, YWPTYH, from the burning fire, SḲSYN, SYN, SYN, SḲYWN; SḲ, his name ḲS his name. This is the great name before which the angel of death is afraid, (7) and when he hears it, frightened he flees and is swallowed up before it and (just so) before this Ardoi b. H. shall he fear and flee ... [and from] Ahath his wife, bath P., and from all their sons and from (8) all their daughters, whether those they have or those they shall have. PWṬSS, Amen. In the name of ḲḲ, ’STW, YWPT, YWPTYH, from the burning fire, SḲSN, SḲSYN, SḲYWN, ... [This is] the great name before which the angel of death is afraid and when (9) he hears it, frightened he flees and is swallowed up before it and before this household. Moreover now in this great name of which is afraid [the angel of death, etc.—he shall flee from Ardoi b. H.] and from Ahath his wife b. P., (10) and from sons and daughters, those they have and those they shall have. PWṬSS, Amen. In the name of ’STW, YWPT, etc. [This is the great name] before which the angel of death is afraid, and when he hears it (11) frightened he flees and is swallowed up; so moreover now on the authority of this great name shall fear and flee and go forth the evil Demon ... (from Ardoi, etc.). PWṬSS. According as it is said: “And Yhwh said to Satan: Yhwh rebuke thee, Satan; Yhwh rebuke thee, who chooses Jerusalem. [Is not this a brand plucked from the burning? Amen. Amen.]”","Montgomery, James A. Aramaic Incantation Texts from Nippur. University Museum, Babylonian Section, Publications 3. Philadelphia, 1913.","text 3 translation, printed pp. 127-128; PDF pp. 133-134",https://archive.org/details/aramaicincantati00mont,available
TXT-516648F4EF97,IBI-90E4425BBD7D,SRC-73C44B143A9D,summary,English,,Daniel James Waller,"p. 159, distribution table, IM 212093",open_license,withheld_consult_the_edition,,"Waller, Daniel James, with contributions by Dorota Molin. The Bible in the Bowls: A Catalogue of Biblical Quotations in Published Jewish Babylonian Aramaic Magic Bowls. Cambridge: Open Book Publishers, 2022. DOI: 10.11647/OBP.0305.","p. 159, distribution table, IM 212093",https://doi.org/10.11647/OBP.0305,available
TXT-539B928D32D7,IBI-EADE8579FC26,SRC-73C44B143A9D,summary,English,,Daniel James Waller,"p. 155, distribution table, M 156",open_license,withheld_consult_the_edition,,"Waller, Daniel James, with contributions by Dorota Molin. The Bible in the Bowls: A Catalogue of Biblical Quotations in Published Jewish Babylonian Aramaic Magic Bowls. Cambridge: Open Book Publishers, 2022. DOI: 10.11647/OBP.0305.","p. 155, distribution table, M 156",https://doi.org/10.11647/OBP.0305,available
TXT-53B7499929CD,IBI-3CC67931DF0F,SRC-73C44B143A9D,summary,English,,Daniel James Waller,"p. 160, distribution table, MS 2053/257",open_license,withheld_consult_the_edition,,"Waller, Daniel James, with contributions by Dorota Molin. The Bible in the Bowls: A Catalogue of Biblical Quotations in Published Jewish Babylonian Aramaic Magic Bowls. Cambridge: Open Book Publishers, 2022. DOI: 10.11647/OBP.0305.","p. 160, distribution table, MS 2053/257",https://doi.org/10.11647/OBP.0305,available
TXT-549C03E7ADC8,IBI-CC392D32764E,SRC-73C44B143A9D,summary,English,,Daniel James Waller,"p. 155, distribution table, M 155",open_license,withheld_consult_the_edition,,"Waller, Daniel James, with contributions by Dorota Molin. The Bible in the Bowls: A Catalogue of Biblical Quotations in Published Jewish Babylonian Aramaic Magic Bowls. Cambridge: Open Book Publishers, 2022. DOI: 10.11647/OBP.0305.","p. 155, distribution table, M 155",https://doi.org/10.11647/OBP.0305,available
TXT-5512E1EC66FC,IBI-D2D12615DAA7,SRC-73C44B143A9D,summary,English,,Daniel James Waller,"p. 156, distribution table, VA 2484",open_license,withheld_consult_the_edition,,"Waller, Daniel James, with contributions by Dorota Molin. The Bible in the Bowls: A Catalogue of Biblical Quotations in Published Jewish Babylonian Aramaic Magic Bowls. Cambridge: Open Book Publishers, 2022. DOI: 10.11647/OBP.0305.","p. 156, distribution table, VA 2484",https://doi.org/10.11647/OBP.0305,available
TXT-55949A050F32,IBI-319F3DE276D8,SRC-73C44B143A9D,summary,English,,Daniel James Waller,"p. 153, distribution table, Isbell 09",open_license,withheld_consult_the_edition,,"Waller, Daniel James, with contributions by Dorota Molin. The Bible in the Bowls: A Catalogue of Biblical Quotations in Published Jewish Babylonian Aramaic Magic Bowls. Cambridge: Open Book Publishers, 2022. DOI: 10.11647/OBP.0305.","p. 153, distribution table, Isbell 09",https://doi.org/10.11647/OBP.0305,available
TXT-55E4A055004E,IBI-0585D0CB4219,SRC-73C44B143A9D,summary,English,,Daniel James Waller,"p. 160, distribution table, MS 1927/2",open_license,withheld_consult_the_edition,,"Waller, Daniel James, with contributions by Dorota Molin. The Bible in the Bowls: A Catalogue of Biblical Quotations in Published Jewish Babylonian Aramaic Magic Bowls. Cambridge: Open Book Publishers, 2022. DOI: 10.11647/OBP.0305.","p. 160, distribution table, MS 1927/2",https://doi.org/10.11647/OBP.0305,available
TXT-58FA58A4F4FA,IBI-A3736CD7D997,SRC-943673B56FB8,translation,English,,James A. Montgomery,"text 40 translation, printed pp. 252-253; PDF pp. 258-259",public_domain,included,"In the name of Life!—that health (2) and armament be to the body and wife and male sons (3) and female daughters, and the house and abode, the mansion (4) and the barn of the cattle, the ass, bull and goat, the property of (5) Xaro bar Mehanos, from Life.

I swear and adjure you (6) by Life.

...

(12) and I have broken you in the gate of Xaro b. M., the man and his wife. [Health and protection, etc., from] the Liliths, when they appear in the house of Xaro (13) b. M., from Life. And health and armament and healing and guarding [be to] the male sons and female daughters and the house (14) and dwelling and mansion and the barn of the ass, bull and goat, the live (?) property of [Xaro b. M.], from Life. And health and armament (15) be to the body and the male sons and female daughters and the house and dwelling and mansion of (16) Merathe daughter of Hindu, from Life. And health be to the body of Xaro ... and the wife and male sons [and female daughters and the house and dwelling] and mansion and building and cattle (17) of Xaro b. M., from Life.

Charmed art thou, Lilith Buznai, and all the goddesses ... and the three hundred and sixty Tribes, (18) by the word of the granddaughter of the angel Buznai, by the adjuration (?) of Life, and by the command of ... who is (?) with the mighty Buznai, (19) by the seal of the angel Darwa (?), whose word none transgresses. Charmed are a[ll the gods ... and] temple-spirits and shrine-spirits (20) and goddesses from the body and the wife and sons and daughters and the house and dwelling and mansion and barn of Xaro b. (21) M. Charmed, shut up and confined and hobbled is the Ish[tar] ..., and the three hundred and sixty Tribes, (22) which I have dismissed from him ... one after [the other. Charmed] are all Amulet-spirits which lodge in their houses (23) and devastate them. Charmed [and hobbled] and suppressed and covered is the Satan (?) and the Plague ... [from] the body (24) of the man and his wife ... and the male sons and the female daughters, (25) the house and dwelling and mansion and the barn for cattle, of Xaro b. M., from Life. (26) And Life is victorious!","Montgomery, James A. Aramaic Incantation Texts from Nippur. University Museum, Babylonian Section, Publications 3. Philadelphia, 1913.","text 40 translation, printed pp. 252-253; PDF pp. 258-259",https://archive.org/details/aramaicincantati00mont,available
TXT-5AD1D8AE244B,IBI-F49584A8B7FB,SRC-539BB677443B,translation,English,,Summary of W. S. McCullough,DA 5 translation,copyrighted,withheld_consult_the_edition,,"McCullough, W. S. Jewish and Mandaean Incantation Bowls in the Royal Ontario Museum. Toronto: University of Toronto Press, 1967, DA 5.",DA 5 translation,https://www.markfoster.net/rn/texts/two_mandaean_incantation_bowls.pdf,available
TXT-5CAB2E69B94E,IBI-7884182D0362,SRC-73C44B143A9D,summary,English,,Daniel James Waller,"p. 158, distribution table, JBA 90",open_license,withheld_consult_the_edition,,"Waller, Daniel James, with contributions by Dorota Molin. The Bible in the Bowls: A Catalogue of Biblical Quotations in Published Jewish Babylonian Aramaic Magic Bowls. Cambridge: Open Book Publishers, 2022. DOI: 10.11647/OBP.0305.","p. 158, distribution table, JBA 90",https://doi.org/10.11647/OBP.0305,available
TXT-6547604AFE7C,IBI-214D07893EE2,SRC-73C44B143A9D,summary,English,,Daniel James Waller,"p. 161, distribution table, JNF 124",open_license,withheld_consult_the_edition,,"Waller, Daniel James, with contributions by Dorota Molin. The Bible in the Bowls: A Catalogue of Biblical Quotations in Published Jewish Babylonian Aramaic Magic Bowls. Cambridge: Open Book Publishers, 2022. DOI: 10.11647/OBP.0305.","p. 161, distribution table, JNF 124",https://doi.org/10.11647/OBP.0305,available
TXT-658B013C80B0,IBI-5CB5A9A5E46E,SRC-943673B56FB8,translation,English,,James A. Montgomery,"text 29 translation, printed pp. 218-219; PDF pp. 224-225",public_domain,included,"[This bowl is appointed in the name of?] (2) Yhwh Sebaoth for the salvation [and sealing? of Metanis] (3) bath Resan ... (4) ... and sealed (5) for Metanis b. R.,—an amulet in the name of Yhwh Sebaoth for Metanis b. R. And bound (6) from her, from her children, from her house, from all her dwelling, are the evil Plagues and evil Demons and the evil and the decent Lilith and the Necklace-spirits and ... Menstruation and Tormentors and the Hags of the wild and Impurities and Epilepsy (?).

We adjure you (8) whatsoever evil thing lodges in the house and dwelling of Haliphai bar Sissin ... and Darsi the foreigner and Astroba ... (9) ... Leprosy, Plague, Stroke, the kindly and ... Lili, and the Demons, ghostly Shades, and all Goblins and evil Injurers whose names I have mentioned and whose names [I have not] (10) mentioned: I exorcise and adjure and make fast and bind and make fast (sic) upon you, in the name of MW, of ḲṢ, ŠṢ, MṢ, BṢ, KṢ, KṢ, BṢ, ... (11) I-am-that-I-am, the great God, Mesoah his name. He is God, the Lord of all Salvation, whose throne is established between the ethers and his eternity (world?) is established for ... (12) in Yhwh and for his praise and the faith in him and his service. He is the great, the mighty God.","Montgomery, James A. Aramaic Incantation Texts from Nippur. University Museum, Babylonian Section, Publications 3. Philadelphia, 1913.","text 29 translation, printed pp. 218-219; PDF pp. 224-225",https://archive.org/details/aramaicincantati00mont,available
TXT-6594AB7C98BC,IBI-90E3D2265AC0,SRC-CCB4BB4FAD99,summary,English,,The Schøyen Collection / credited specialist,Text field in online record,copyrighted,withheld_consult_the_edition,,"The Schøyen Collection, MS 2056/12, online collection record.",Text field in online record,,available
TXT-674CC03B2E76,IBI-AB9C12C9719A,SRC-73C44B143A9D,summary,English,,Daniel James Waller,"p. 158, distribution table, HS 3003",open_license,withheld_consult_the_edition,,"Waller, Daniel James, with contributions by Dorota Molin. The Bible in the Bowls: A Catalogue of Biblical Quotations in Published Jewish Babylonian Aramaic Magic Bowls. Cambridge: Open Book Publishers, 2022. DOI: 10.11647/OBP.0305.","p. 158, distribution table, HS 3003",https://doi.org/10.11647/OBP.0305,available
TXT-686135FE096F,IBI-E501E80DA715,SRC-73C44B143A9D,summary,English,,Daniel James Waller,"p. 158, distribution table, JBA 104",open_license,withheld_consult_the_edition,,"Waller, Daniel James, with contributions by Dorota Molin. The Bible in the Bowls: A Catalogue of Biblical Quotations in Published Jewish Babylonian Aramaic Magic Bowls. Cambridge: Open Book Publishers, 2022. DOI: 10.11647/OBP.0305.","p. 158, distribution table, JBA 104",https://doi.org/10.11647/OBP.0305,available
TXT-68C179444D91,IBI-C06FF61EAB69,SRC-73C44B143A9D,summary,English,,Daniel James Waller,"p. 160, distribution table, MS 2053/216",open_license,withheld_consult_the_edition,,"Waller, Daniel James, with contributions by Dorota Molin. The Bible in the Bowls: A Catalogue of Biblical Quotations in Published Jewish Babylonian Aramaic Magic Bowls. Cambridge: Open Book Publishers, 2022. DOI: 10.11647/OBP.0305.","p. 160, distribution table, MS 2053/216",https://doi.org/10.11647/OBP.0305,available
TXT-6A770AD31C62,IBI-8059813DF1C5,SRC-73C44B143A9D,summary,English,,Daniel James Waller,"p. 154, distribution table, Isbell 52",open_license,withheld_consult_the_edition,,"Waller, Daniel James, with contributions by Dorota Molin. The Bible in the Bowls: A Catalogue of Biblical Quotations in Published Jewish Babylonian Aramaic Magic Bowls. Cambridge: Open Book Publishers, 2022. DOI: 10.11647/OBP.0305.","p. 154, distribution table, Isbell 52",https://doi.org/10.11647/OBP.0305,available
TXT-6BE070988FB3,IBI-E50FA737EDB0,SRC-73C44B143A9D,summary,English,,Daniel James Waller,"p. 159, distribution table, M 1",open_license,withheld_consult_the_edition,,"Waller, Daniel James, with contributions by Dorota Molin. The Bible in the Bowls: A Catalogue of Biblical Quotations in Published Jewish Babylonian Aramaic Magic Bowls. Cambridge: Open Book Publishers, 2022. DOI: 10.11647/OBP.0305.","p. 159, distribution table, M 1",https://doi.org/10.11647/OBP.0305,available
TXT-6D4968FC0817,IBI-035BA4ABBE6D,SRC-25F456A40523,summary,English,,Incantation Bowl Index summary,pp. 323–336; AC-MSEF,open_license,included,Protects Aspa son of Hoba and his wife by expelling a lilith through an invoked divorce formula.,"Martínez Borobio, Emiliano. “A Magical Bowl in Judaeo-Aramaic.” Isimu 6 (2003): 323–336. https://doi.org/10.15366/isimu2003.6.018.",pp. 323–336; AC-MSEF,https://doi.org/10.15366/isimu2003.6.018,available
TXT-700C8C257358,IBI-DE76B61B6C76,SRC-73C44B143A9D,summary,English,,Daniel James Waller,"p. 160, distribution table, MS 2053/130",open_license,withheld_consult_the_edition,,"Waller, Daniel James, with contributions by Dorota Molin. The Bible in the Bowls: A Catalogue of Biblical Quotations in Published Jewish Babylonian Aramaic Magic Bowls. Cambridge: Open Book Publishers, 2022. DOI: 10.11647/OBP.0305.","p. 160, distribution table, MS 2053/130",https://doi.org/10.11647/OBP.0305,available
TXT-7315DDB1F6D5,IBI-591F2729082B,SRC-73C44B143A9D,summary,English,,Daniel James Waller,"p. 161, distribution table, ZRL 48",open_license,withheld_consult_the_edition,,"Waller, Daniel James, with contributions by Dorota Molin. The Bible in the Bowls: A Catalogue of Biblical Quotations in Published Jewish Babylonian Aramaic Magic Bowls. Cambridge: Open Book Publishers, 2022. DOI: 10.11647/OBP.0305.","p. 161, distribution table, ZRL 48",https://doi.org/10.11647/OBP.0305,available
TXT-73FFA9AF79DF,IBI-DF07D8BFA2A2,SRC-73C44B143A9D,summary,English,,Daniel James Waller,"p. 160, distribution table, S-446",open_license,withheld_consult_the_edition,,"Waller, Daniel James, with contributions by Dorota Molin. The Bible in the Bowls: A Catalogue of Biblical Quotations in Published Jewish Babylonian Aramaic Magic Bowls. Cambridge: Open Book Publishers, 2022. DOI: 10.11647/OBP.0305.","p. 160, distribution table, S-446",https://doi.org/10.11647/OBP.0305,available
TXT-7428C0689A9A,IBI-04E65150CB94,SRC-8EBCA8FEF9B5,summary,English,,Discovery-campaign summary of auction translation,"Auction 32, lot 153",copyrighted,included,"The text identifies itself as an amulet for the house, dwelling, threshold, and shop of Ḥušaʾa son of Šīlta, asking that grace and mercy be released upon his buying and selling as rain is released from heaven.","Kedem Auction House. ‘Incantation Bowl.’ Auction 32, lot 153, 2 July 2013.","Auction 32, lot 153",https://www.kedem-auctions.com/en/incantation-bowl,partial
TXT-7560B197F009,IBI-FB4728FAE732,SRC-73C44B143A9D,summary,English,,Daniel James Waller,"p. 158, distribution table, JBA 75",open_license,withheld_consult_the_edition,,"Waller, Daniel James, with contributions by Dorota Molin. The Bible in the Bowls: A Catalogue of Biblical Quotations in Published Jewish Babylonian Aramaic Magic Bowls. Cambridge: Open Book Publishers, 2022. DOI: 10.11647/OBP.0305.","p. 158, distribution table, JBA 75",https://doi.org/10.11647/OBP.0305,available
TXT-75B0A4ADF0B4,IBI-5337D0961A00,SRC-36BB3396A927,summary,English,,Incantation Bowl Index summary,lot 47; record 23199669,unknown,included,"Prophylactic Mandaic incantation for Amkur and his son, with an exterior expression interpreted as referring to burning fever.","Gazette Drouot, ‘Mandaean Magic Cup of Amkur and His Son,’ lot 47, record 23199669, observed 4 September 2026; citing Maria Gorea, Semitica 51 (2003), 73–78 and illustration p. 90.",lot 47; record 23199669,https://www.gazette-drouot.com/en/lots/23199669-mandaean-magic-cup-of-amkur---,partial
TXT-75D14D6207FD,IBI-F36B9EC67F96,SRC-73C44B143A9D,summary,English,,Daniel James Waller,"p. 156, distribution table, JBA 08",open_license,withheld_consult_the_edition,,"Waller, Daniel James, with contributions by Dorota Molin. The Bible in the Bowls: A Catalogue of Biblical Quotations in Published Jewish Babylonian Aramaic Magic Bowls. Cambridge: Open Book Publishers, 2022. DOI: 10.11647/OBP.0305.","p. 156, distribution table, JBA 08",https://doi.org/10.11647/OBP.0305,available
TXT-765BB4BF3763,IBI-88103E2EB680,SRC-943673B56FB8,translation,English,,James A. Montgomery,"text 13 translation, printed pp. 178-179; PDF pp. 184-185",public_domain,included,"Closed are the mouths of all races, legions (2) and tongues from Bahmanduch bath Samai. (3) And the angel Rahmiel and the angel Habbiel and the angel Hanniniel, (4) these angels, pity and love and compassionate and embrace Bahmanduch (5) b. S. Before all the sons of Adam whom he begat by Eve, we will enter in before them; from their clothing they will clothe her and from their garments they will garb her, the garment of the grace of God. (7) With her they will sit, on this side and on that, driving away (demons?), as is right. In the name of Yhwh-in-Yah, El-El the great, (8) the awful, whose word is panacea, this mystery is confirmed, made fast and sure forever and ever.

Exterior

(9) Hark a voice in the mysteries ! Hark the voice of ..., the voice of a woman, a virgin travailing and not bearing. Quickly be enamored, (10) be enamored and come Ephra bar Saborduch to the marrow of his house and to the marrow of Bahmanduch b. S. (11) his wife; as (she was) a virgin (?) travailing and bearing not, so (may she be) fresh myrtle for crowns. Amen, Amen. (12) And made fast and sure is salvation from Heaven for Bahmanduch b. S. (13) A preparation (?) ... leaven, press it (?) ... Amen, Amen, Selah. Salvation and peace from Heaven, forever and ever and ever.","Montgomery, James A. Aramaic Incantation Texts from Nippur. University Museum, Babylonian Section, Publications 3. Philadelphia, 1913.","text 13 translation, printed pp. 178-179; PDF pp. 184-185",https://archive.org/details/aramaicincantati00mont,available
TXT-78E8770D63B4,IBI-F11690D2FBFA,SRC-73C44B143A9D,summary,English,,Daniel James Waller,"p. 161, distribution table, De Menil",open_license,withheld_consult_the_edition,,"Waller, Daniel James, with contributions by Dorota Molin. The Bible in the Bowls: A Catalogue of Biblical Quotations in Published Jewish Babylonian Aramaic Magic Bowls. Cambridge: Open Book Publishers, 2022. DOI: 10.11647/OBP.0305.","p. 161, distribution table, De Menil",https://doi.org/10.11647/OBP.0305,available
TXT-79609432FBA4,IBI-01CFAFC981BF,SRC-AFDBED16E322,summary,English,,Incantation Bowl Index summary,"p. 38, object KM 19504",unknown,included,Protective spell against illness for a woman named Ngray.,"Talalay, Lauren E., and Margaret Cool Root, eds. Passionate Curiosities. Kelsey Museum of Archaeology, 2015, p. 38, object KM 19504.","p. 38, object KM 19504",https://lsa.umich.edu/content/dam/kelsey-assets/kelsey-publications/pdfs/passionate-curiosities.pdf,available
TXT-79C98518B2AE,IBI-220D24A5C807,SRC-73C44B143A9D,summary,English,,Daniel James Waller,"p. 157, distribution table, JBA 56",open_license,withheld_consult_the_edition,,"Waller, Daniel James, with contributions by Dorota Molin. The Bible in the Bowls: A Catalogue of Biblical Quotations in Published Jewish Babylonian Aramaic Magic Bowls. Cambridge: Open Book Publishers, 2022. DOI: 10.11647/OBP.0305.","p. 157, distribution table, JBA 56",https://doi.org/10.11647/OBP.0305,available
TXT-79E0883FA0C2,IBI-B16BA47EFA4E,SRC-73C44B143A9D,summary,English,,Daniel James Waller,"p. 158, distribution table, JBA 108",open_license,withheld_consult_the_edition,,"Waller, Daniel James, with contributions by Dorota Molin. The Bible in the Bowls: A Catalogue of Biblical Quotations in Published Jewish Babylonian Aramaic Magic Bowls. Cambridge: Open Book Publishers, 2022. DOI: 10.11647/OBP.0305.","p. 158, distribution table, JBA 108",https://doi.org/10.11647/OBP.0305,available
TXT-7A9B3086FD35,IBI-39B896F4912E,SRC-73C44B143A9D,summary,English,,Daniel James Waller,"p. 153, distribution table, Isbell 08",open_license,withheld_consult_the_edition,,"Waller, Daniel James, with contributions by Dorota Molin. The Bible in the Bowls: A Catalogue of Biblical Quotations in Published Jewish Babylonian Aramaic Magic Bowls. Cambridge: Open Book Publishers, 2022. DOI: 10.11647/OBP.0305.","p. 153, distribution table, Isbell 08",https://doi.org/10.11647/OBP.0305,available
TXT-7ACD59F28851,IBI-0EC7827D64A8,SRC-73C44B143A9D,summary,English,,Daniel James Waller,"p. 154, distribution table, AMB 09",open_license,withheld_consult_the_edition,,"Waller, Daniel James, with contributions by Dorota Molin. The Bible in the Bowls: A Catalogue of Biblical Quotations in Published Jewish Babylonian Aramaic Magic Bowls. Cambridge: Open Book Publishers, 2022. DOI: 10.11647/OBP.0305.","p. 154, distribution table, AMB 09",https://doi.org/10.11647/OBP.0305,available
TXT-7AFEB50C34D6,IBI-E18000741DAB,SRC-73C44B143A9D,summary,English,,Daniel James Waller,"p. 159, distribution table, HS 3030",open_license,withheld_consult_the_edition,,"Waller, Daniel James, with contributions by Dorota Molin. The Bible in the Bowls: A Catalogue of Biblical Quotations in Published Jewish Babylonian Aramaic Magic Bowls. Cambridge: Open Book Publishers, 2022. DOI: 10.11647/OBP.0305.","p. 159, distribution table, HS 3030",https://doi.org/10.11647/OBP.0305,available
TXT-7CA269D4637B,IBI-A9F0F3BFB1CC,SRC-73C44B143A9D,summary,English,,Daniel James Waller,"p. 154, distribution table, AMB 12b",open_license,withheld_consult_the_edition,,"Waller, Daniel James, with contributions by Dorota Molin. The Bible in the Bowls: A Catalogue of Biblical Quotations in Published Jewish Babylonian Aramaic Magic Bowls. Cambridge: Open Book Publishers, 2022. DOI: 10.11647/OBP.0305.","p. 154, distribution table, AMB 12b",https://doi.org/10.11647/OBP.0305,available
TXT-7D65C6D24A99,IBI-44AFA550086A,SRC-73C44B143A9D,summary,English,,Daniel James Waller,"p. 158, distribution table, JBA 114",open_license,withheld_consult_the_edition,,"Waller, Daniel James, with contributions by Dorota Molin. The Bible in the Bowls: A Catalogue of Biblical Quotations in Published Jewish Babylonian Aramaic Magic Bowls. Cambridge: Open Book Publishers, 2022. DOI: 10.11647/OBP.0305.","p. 158, distribution table, JBA 114",https://doi.org/10.11647/OBP.0305,available
TXT-7DBC5A7924A5,IBI-035BA4ABBE6D,SRC-25F456A40523,transliteration,Jewish Babylonian Aramaic,Jewish square script,Emiliano Martínez Borobio,"pp. 324–325, lines 1–10",open_license,withheld_consult_the_edition,,"Martínez Borobio, Emiliano. “A Magical Bowl in Judaeo-Aramaic.” Isimu 6 (2003): 323–336. https://doi.org/10.15366/isimu2003.6.018.","pp. 324–325, lines 1–10",https://doi.org/10.15366/isimu2003.6.018,available
TXT-7F7B76BB4F3F,IBI-3ECE3C33AE7F,SRC-73C44B143A9D,summary,English,,Daniel James Waller,"p. 160, distribution table, S-442",open_license,withheld_consult_the_edition,,"Waller, Daniel James, with contributions by Dorota Molin. The Bible in the Bowls: A Catalogue of Biblical Quotations in Published Jewish Babylonian Aramaic Magic Bowls. Cambridge: Open Book Publishers, 2022. DOI: 10.11647/OBP.0305.","p. 160, distribution table, S-442",https://doi.org/10.11647/OBP.0305,available
TXT-809171D23704,IBI-724AC11312AB,SRC-539BB677443B,translation,English,,W. S. McCullough,DA 4 translation,copyrighted,withheld_consult_the_edition,,"McCullough, W. S. Jewish and Mandaean Incantation Bowls in the Royal Ontario Museum. Toronto: University of Toronto Press, 1967, DA 5.",DA 4 translation,https://www.markfoster.net/rn/texts/two_mandaean_incantation_bowls.pdf,available
TXT-81C032EE5796,IBI-0B9D7E67D854,SRC-73C44B143A9D,summary,English,,Daniel James Waller,"p. 154, distribution table, MSF 22",open_license,withheld_consult_the_edition,,"Waller, Daniel James, with contributions by Dorota Molin. The Bible in the Bowls: A Catalogue of Biblical Quotations in Published Jewish Babylonian Aramaic Magic Bowls. Cambridge: Open Book Publishers, 2022. DOI: 10.11647/OBP.0305.","p. 154, distribution table, MSF 22",https://doi.org/10.11647/OBP.0305,available
TXT-84169EC6466C,IBI-C2E332F154A0,SRC-943673B56FB8,translation,English,,James A. Montgomery,"text 24 translation, printed pp. 205; PDF pp. 211",public_domain,included,"Salvation from Heaven be for Hindu bath Mahlaphta, (2) that she be saved by the love of Heaven from Fever (?) and from Sweating, from (?) (3) ... Amen, Selah.

Salvation from Heaven be for Kaki bath Mahlaphta (4) that there cease from her disturbing Dreams and the evil Spirit and evil Satans. Amen, Amen, Selah, Hallelui.

Salvation (5) for Zarinkas bath Mahlaphta, that she be saved by the love of Heaven, to wit Zarinkas, that she bring to the birth her child ... Amen, Amen, Amen, Selah. ...","Montgomery, James A. Aramaic Incantation Texts from Nippur. University Museum, Babylonian Section, Publications 3. Philadelphia, 1913.","text 24 translation, printed pp. 205; PDF pp. 211",https://archive.org/details/aramaicincantati00mont,available
TXT-849659D7F721,IBI-6E087B8C539F,SRC-943673B56FB8,translation,English,,James A. Montgomery,"text 35 translation, printed pp. 236-237; PDF pp. 242-243",public_domain,included,"Appointed is this bowl for the sealing and guarding (2) of the house and sons and property and body of Maiducht (3) bath Kumboi, that she may be guarded from Demons, Plagues and Devils and Satans (4) and Seducers and Diaboli, and from any Vows and Invocations and Rites of mankind; in the name of (5) arši, ardi and mâri; Michael and Nuriel and Saltiel and Mantariel and Hithmiel. (6) And they were commissioned along with Moses to wardship, and they will guard this Maiducht b. (7) K. from all hostile Devils and affrighting Demons, and from every Curse and Vow of mankind, of men (8) and of women, and of Idol-spirits who (are known) and who are not (known) by name. And in the name of ..., Hamariel and Sariel (9) ... of Yah-Adon-Kamya; nâyâ, ô, ô! Commanded, commanded is it in the name of these angels and letters which will guard (10) and seal this Maiducht b. K. from everything evil, for the ages forever, Amen. Sealed and guarded is Maiducht b. K. from (11) the Tormentor and evil Dreams and the Curse and the Vow; and charmed the Tormentor and Lilith and Ban-spirit who thwarts her in her hand and foot; and may it not approach Maiducht (12) b. K.

And guarded be the house and wife and son and property of Dinoi son of Ispandarmed from the Tormentor and evil Dreams and the Curse and the Vow. Amen.","Montgomery, James A. Aramaic Incantation Texts from Nippur. University Museum, Babylonian Section, Publications 3. Philadelphia, 1913.","text 35 translation, printed pp. 236-237; PDF pp. 242-243",https://archive.org/details/aramaicincantati00mont,available
TXT-85E5C8AAA288,IBI-0EA741BCC672,SRC-73C44B143A9D,summary,English,,Daniel James Waller,"p. 155, distribution table, CAMIB 65",open_license,withheld_consult_the_edition,,"Waller, Daniel James, with contributions by Dorota Molin. The Bible in the Bowls: A Catalogue of Biblical Quotations in Published Jewish Babylonian Aramaic Magic Bowls. Cambridge: Open Book Publishers, 2022. DOI: 10.11647/OBP.0305.","p. 155, distribution table, CAMIB 65",https://doi.org/10.11647/OBP.0305,available
TXT-8688F0F8EE55,IBI-358AAAF4ED2B,SRC-73C44B143A9D,summary,English,,Daniel James Waller,"p. 161, distribution table, SD 34",open_license,withheld_consult_the_edition,,"Waller, Daniel James, with contributions by Dorota Molin. The Bible in the Bowls: A Catalogue of Biblical Quotations in Published Jewish Babylonian Aramaic Magic Bowls. Cambridge: Open Book Publishers, 2022. DOI: 10.11647/OBP.0305.","p. 161, distribution table, SD 34",https://doi.org/10.11647/OBP.0305,available
TXT-87766F8C4DB9,IBI-CD3E783556B1,SRC-943673B56FB8,translation,English,,James A. Montgomery,"text 36 translation, printed pp. 238; PDF pp. 244",public_domain,included,"... designated is this bowl ... turned away ... (2) of that Murderess, daughter of Murderess. Go away, go away, and depart from before ... The lord (3) Sames (the Sun) has charged me against thee, Sin (the Moon) has sent me, Bel has commanded me, Nannai has said to me, and ... and Nirig (Nergal) (4) has given me power to go against the evil spirit, against Dodib, whom they call the Strangler, who kills the young (5) in the womb of their mothers, and they are called ""Slayer,"" and their fathers ""Destroyer."" Go from the presence of these holy angels (6) that sons may come to birth to their mothers and little children to their fathers. Because he has given me a name by which I shall drive thee forth, Evil Spirit. Go from the presence of (7) [these angels] and depart from this engraved seal, and go to the bridal chamber and eat ...; moreover drink a libation and [depart from ... daughter of ...]-izduch and her ... (8) Amen, Amen, Selah.","Montgomery, James A. Aramaic Incantation Texts from Nippur. University Museum, Babylonian Section, Publications 3. Philadelphia, 1913.","text 36 translation, printed pp. 238; PDF pp. 244",https://archive.org/details/aramaicincantati00mont,available
TXT-888D3780BD56,IBI-A4F154B0CB2E,SRC-455442AA727F,summary,English,,Incantation Bowl Index summary,Artefact of the Month 26; IsIAO 5206,unknown,included,Fragmentary protection text describing hostile beings with animal traits and blood-drinking imagery.,"Moriggi, Marco. “What Will Save the Household?” Artefact of the Month 26, Centre for the Study of Manuscript Cultures, updated 16 June 2023.",Artefact of the Month 26; IsIAO 5206,,available
TXT-889DD1293A16,IBI-325647D3DF8D,SRC-943673B56FB8,translation,English,,James A. Montgomery,"text 28 translation, printed pp. 213; PDF pp. 219",public_domain,included,"In thy name, O Lord of heaven and earth. Appointed is this bowl to the account of Anur ... bar Parkoi, that he be inflamed and kindled and burn (2) after Ahath bath Nebazak. Amen.

Everlasting presses which have only been pressed upon (?) ... a man in his heart. (3) Take hrk, and hot herbs (?) which they call sunwort (?), mtlln and peppers ... them and the rites of love which thou (?) hast sprinkled upon ... (4) She shall sprinkle them upon this Anur ... b. P. until that he be inflamed and burn after Ahath b. N. ... and in lust and in the mysteries of love, in order that ... (5) ... take pieces from his heart and the charm ... his name (?). In the name of the angel Rahmiel and in the name of Dlibat the passionate, ... the gods, the lords of all the mysteries. Amen, Amen, ...","Montgomery, James A. Aramaic Incantation Texts from Nippur. University Museum, Babylonian Section, Publications 3. Philadelphia, 1913.","text 28 translation, printed pp. 213; PDF pp. 219",https://archive.org/details/aramaicincantati00mont,available
TXT-89C9A89B6B0E,IBI-7AB2CDFBCADC,SRC-73C44B143A9D,summary,English,,Daniel James Waller,"p. 155, distribution table, M 123",open_license,withheld_consult_the_edition,,"Waller, Daniel James, with contributions by Dorota Molin. The Bible in the Bowls: A Catalogue of Biblical Quotations in Published Jewish Babylonian Aramaic Magic Bowls. Cambridge: Open Book Publishers, 2022. DOI: 10.11647/OBP.0305.","p. 155, distribution table, M 123",https://doi.org/10.11647/OBP.0305,available
TXT-8A223F8CB287,IBI-303D33EE1BE4,SRC-73C44B143A9D,summary,English,,Daniel James Waller,"p. 160, distribution table, S-448",open_license,withheld_consult_the_edition,,"Waller, Daniel James, with contributions by Dorota Molin. The Bible in the Bowls: A Catalogue of Biblical Quotations in Published Jewish Babylonian Aramaic Magic Bowls. Cambridge: Open Book Publishers, 2022. DOI: 10.11647/OBP.0305.","p. 160, distribution table, S-448",https://doi.org/10.11647/OBP.0305,available
TXT-8D4F2A62A02F,IBI-071DAEFA6D11,SRC-73C44B143A9D,summary,English,,Daniel James Waller,"p. 156, distribution table, JBA 02",open_license,withheld_consult_the_edition,,"Waller, Daniel James, with contributions by Dorota Molin. The Bible in the Bowls: A Catalogue of Biblical Quotations in Published Jewish Babylonian Aramaic Magic Bowls. Cambridge: Open Book Publishers, 2022. DOI: 10.11647/OBP.0305.","p. 156, distribution table, JBA 02",https://doi.org/10.11647/OBP.0305,available
TXT-8D99212F1C6E,IBI-9BF942623298,SRC-73C44B143A9D,summary,English,,Daniel James Waller,"p. 156, distribution table, JBA 03",open_license,withheld_consult_the_edition,,"Waller, Daniel James, with contributions by Dorota Molin. The Bible in the Bowls: A Catalogue of Biblical Quotations in Published Jewish Babylonian Aramaic Magic Bowls. Cambridge: Open Book Publishers, 2022. DOI: 10.11647/OBP.0305.","p. 156, distribution table, JBA 03",https://doi.org/10.11647/OBP.0305,available
TXT-8FC0C9D9D212,IBI-E8D5C937721A,SRC-73C44B143A9D,summary,English,,Daniel James Waller,"p. 155, distribution table, CAMIB 23",open_license,withheld_consult_the_edition,,"Waller, Daniel James, with contributions by Dorota Molin. The Bible in the Bowls: A Catalogue of Biblical Quotations in Published Jewish Babylonian Aramaic Magic Bowls. Cambridge: Open Book Publishers, 2022. DOI: 10.11647/OBP.0305.","p. 155, distribution table, CAMIB 23",https://doi.org/10.11647/OBP.0305,available
TXT-937A54A350CE,IBI-84068198E4A7,SRC-73C44B143A9D,summary,English,,Daniel James Waller,"p. 153, distribution table, Isbell 10",open_license,withheld_consult_the_edition,,"Waller, Daniel James, with contributions by Dorota Molin. The Bible in the Bowls: A Catalogue of Biblical Quotations in Published Jewish Babylonian Aramaic Magic Bowls. Cambridge: Open Book Publishers, 2022. DOI: 10.11647/OBP.0305.","p. 153, distribution table, Isbell 10",https://doi.org/10.11647/OBP.0305,available
TXT-965EC5A489F5,IBI-079F0B82D514,SRC-943673B56FB8,translation,English,,James A. Montgomery,"text 31 translation, printed pp. 223; PDF pp. 229",public_domain,included,"This bowl is designated for the sealing (2) of the house of this Dadbeh bar Asmanducht, (3) that from him and his house may remove the Tormentor (4) and the Curse and the very evil Dreams. Charmed; fortified and confirmed, (5) corroborated, strengthened and sealed and guarded are these bowls for the sealing (6) of the house of this Dahbeh b. A., that they may not lodge together (with them). In the name of Yahihu (7) NHRBTMW, S, MR'S, MRMR, 'oth Sasbiboth, Astar, Muta. YSHN'H, Ah, Ah, Ah, Ahah, (8) AAAAAAA, Amen, Amen, Selah, Hallulia.

Sealed and guarded shall be the house (9) and wife and sons of this Dadbeh b. A., that there may remove from him and his house the Tormentor and the Curse and evil Dreams. Amen.","Montgomery, James A. Aramaic Incantation Texts from Nippur. University Museum, Babylonian Section, Publications 3. Philadelphia, 1913.","text 31 translation, printed pp. 223; PDF pp. 229",https://archive.org/details/aramaicincantati00mont,available
TXT-97ABC8CB31A1,IBI-917276249B87,SRC-943673B56FB8,translation,English,,James A. Montgomery,"text 4 translation, printed pp. 133-134; PDF pp. 139-140",public_domain,included,"Covers to hold in sacred Angels and all evil Spirits and the tongue of impious Amulet-spirits. Now you are conquered, you are charmed; charmed, you are charmed and sealed in each one of the four (2) corners of his house. You shall not sin against Pabak bar Kufithai, nor shall any do folly against him, against all the people of his house, either by night nor (3) by day; because I have bound you with an evil charm and a sure [seal]. Again, I have charmed you with the charm with which Enoch was charmed by his wicked brothers. Again I charm you with an evil and galling seal. Again, (4) I charm you with the seal with which were charmed the Seven Stars and the Twelve Signs of the Zodiac unto the great day (5) of judgment, and to the great hour of the redemption of your heads: you shall not ..., nor sin against them, against Abuna bar Geribta, and none shall at all do folly against them, namely the people of the household of Pabak (6) b. K., neither by night nor by day, because well sealed is his house and well armed, and with a great wall of bronze have I surrounded it. I, what I desire I grasp, and what I ask I take. (7) You are in the place of Abuna b. G. and in the place of Pabak b. K.","Montgomery, James A. Aramaic Incantation Texts from Nippur. University Museum, Babylonian Section, Publications 3. Philadelphia, 1913.","text 4 translation, printed pp. 133-134; PDF pp. 139-140",https://archive.org/details/aramaicincantati00mont,available
TXT-993D9B4B63BA,IBI-1B3C1020F7B0,SRC-73C44B143A9D,summary,English,,Daniel James Waller,"p. 154, distribution table, AMB 03",open_license,withheld_consult_the_edition,,"Waller, Daniel James, with contributions by Dorota Molin. The Bible in the Bowls: A Catalogue of Biblical Quotations in Published Jewish Babylonian Aramaic Magic Bowls. Cambridge: Open Book Publishers, 2022. DOI: 10.11647/OBP.0305.","p. 154, distribution table, AMB 03",https://doi.org/10.11647/OBP.0305,available
TXT-99F438B7FF0A,IBI-3C9042E76702,SRC-73C44B143A9D,summary,English,,Daniel James Waller,"p. 154, distribution table, Isbell 23",open_license,withheld_consult_the_edition,,"Waller, Daniel James, with contributions by Dorota Molin. The Bible in the Bowls: A Catalogue of Biblical Quotations in Published Jewish Babylonian Aramaic Magic Bowls. Cambridge: Open Book Publishers, 2022. DOI: 10.11647/OBP.0305.","p. 154, distribution table, Isbell 23",https://doi.org/10.11647/OBP.0305,available
TXT-9B274D161444,IBI-1417A2ECD0F9,SRC-73C44B143A9D,summary,English,,Daniel James Waller,"p. 159, distribution table, Aaron F",open_license,withheld_consult_the_edition,,"Waller, Daniel James, with contributions by Dorota Molin. The Bible in the Bowls: A Catalogue of Biblical Quotations in Published Jewish Babylonian Aramaic Magic Bowls. Cambridge: Open Book Publishers, 2022. DOI: 10.11647/OBP.0305.","p. 159, distribution table, Aaron F",https://doi.org/10.11647/OBP.0305,available
TXT-9B5E067FBB4B,IBI-56796E0EB0E2,SRC-73C44B143A9D,summary,English,,Daniel James Waller,"p. 158, distribution table, HS 3005",open_license,withheld_consult_the_edition,,"Waller, Daniel James, with contributions by Dorota Molin. The Bible in the Bowls: A Catalogue of Biblical Quotations in Published Jewish Babylonian Aramaic Magic Bowls. Cambridge: Open Book Publishers, 2022. DOI: 10.11647/OBP.0305.","p. 158, distribution table, HS 3005",https://doi.org/10.11647/OBP.0305,available
TXT-9C1A697131DA,IBI-44BC3FE36601,SRC-943673B56FB8,translation,English,,James A. Montgomery,"text 37 translation, printed pp. 242-243; PDF pp. 248-249",public_domain,included,"Designated is this bowl for the [salvation and] healing (2) of the house and threshold, the wife, [the sons and] daughters, the cattle, (3) [and all that] is his, and whatsoever shall belong to Zaroi son of ... (4) ... confirmed by the virtue of the word of God, the Mystery of heaven and the Mystery of the assembled waters and the Mystery of earth, (5) ... of this house I will enjoin all that is in it,—Arts and the Tormentor (?) (6) ... [and the Image-spirits] of idolatry, and all the Legions and the Amulet-spirits and the Ishtars and all the Demons ... (7) ... and all mighty Liliths. A word ... I declare unto you, which receiving ... the mysteries of Angels in wrath coming against him and with sabres and sword standing before him and ready to kill him. (9) ... against the word heard (?). He sits in the house, eating and devouring, drinking and quaffing, ... (10) [a slayer of ?] children is he, and Master named; ... is he, and Jinn (?) named. Peace ... your father ... (11) ... Peace from the male Gods and from the female Ishtars. And victorious peace is set in ..., and destruction is set in the fire ...","Montgomery, James A. Aramaic Incantation Texts from Nippur. University Museum, Babylonian Section, Publications 3. Philadelphia, 1913.","text 37 translation, printed pp. 242-243; PDF pp. 248-249",https://archive.org/details/aramaicincantati00mont,available
TXT-9DBCCD172AE8,IBI-61A96A00B7B1,SRC-73C44B143A9D,summary,English,,Daniel James Waller,"p. 157, distribution table, JBA 11",open_license,withheld_consult_the_edition,,"Waller, Daniel James, with contributions by Dorota Molin. The Bible in the Bowls: A Catalogue of Biblical Quotations in Published Jewish Babylonian Aramaic Magic Bowls. Cambridge: Open Book Publishers, 2022. DOI: 10.11647/OBP.0305.","p. 157, distribution table, JBA 11",https://doi.org/10.11647/OBP.0305,available
TXT-9E7E14D2EF50,IBI-3E89893C3F16,SRC-73C44B143A9D,summary,English,,Daniel James Waller,"p. 158, distribution table, HS 3022",open_license,withheld_consult_the_edition,,"Waller, Daniel James, with contributions by Dorota Molin. The Bible in the Bowls: A Catalogue of Biblical Quotations in Published Jewish Babylonian Aramaic Magic Bowls. Cambridge: Open Book Publishers, 2022. DOI: 10.11647/OBP.0305.","p. 158, distribution table, HS 3022",https://doi.org/10.11647/OBP.0305,available
TXT-9FDECC815421,IBI-D8319A094023,SRC-943673B56FB8,translation,English,,James A. Montgomery,"text 30 translation, printed pp. 221; PDF pp. 227",public_domain,included,"Bound and sealed are the house and the life of this Ispiza bar Arha, and Yandundisnat bar (2) Ispandarmed, and ... bath Simkoi, from the Sun and Heat, from the Devil, the Satan, the male Demon (3) the female Lilith, evil Spirits, the impious Amulet-spirit, the lilith-Spirit male or female; the Eye of man (or) (4) woman; the Eye of contumely; the Eye which looks right into the heart; the mystery which belongs to the evil Potency, that impious lord; from the evil hateful Potency; from disturbing Vision; from evil Spirits; from that impious Lord, in the name of ...","Montgomery, James A. Aramaic Incantation Texts from Nippur. University Museum, Babylonian Section, Publications 3. Philadelphia, 1913.","text 30 translation, printed pp. 221; PDF pp. 227",https://archive.org/details/aramaicincantati00mont,available
TXT-A0C373F28B2E,IBI-087C6E4D7329,SRC-73C44B143A9D,summary,English,,Daniel James Waller,"p. 153, distribution table, Isbell 19",open_license,withheld_consult_the_edition,,"Waller, Daniel James, with contributions by Dorota Molin. The Bible in the Bowls: A Catalogue of Biblical Quotations in Published Jewish Babylonian Aramaic Magic Bowls. Cambridge: Open Book Publishers, 2022. DOI: 10.11647/OBP.0305.","p. 153, distribution table, Isbell 19",https://doi.org/10.11647/OBP.0305,available
TXT-A190DC0151A1,IBI-41EF9D3D3B97,SRC-73C44B143A9D,summary,English,,Daniel James Waller,"p. 155, distribution table, CAMIB 41",open_license,withheld_consult_the_edition,,"Waller, Daniel James, with contributions by Dorota Molin. The Bible in the Bowls: A Catalogue of Biblical Quotations in Published Jewish Babylonian Aramaic Magic Bowls. Cambridge: Open Book Publishers, 2022. DOI: 10.11647/OBP.0305.","p. 155, distribution table, CAMIB 41",https://doi.org/10.11647/OBP.0305,available
TXT-A1DD770EFDB2,IBI-7B9A81135B29,SRC-73C44B143A9D,summary,English,,Daniel James Waller,"p. 156, distribution table, JBA 01",open_license,withheld_consult_the_edition,,"Waller, Daniel James, with contributions by Dorota Molin. The Bible in the Bowls: A Catalogue of Biblical Quotations in Published Jewish Babylonian Aramaic Magic Bowls. Cambridge: Open Book Publishers, 2022. DOI: 10.11647/OBP.0305.","p. 156, distribution table, JBA 01",https://doi.org/10.11647/OBP.0305,available
TXT-A285D958ECA2,IBI-1B7355F5BA43,SRC-73C44B143A9D,summary,English,,Daniel James Waller,"p. 162, distribution table, Müller-Kessler 2013",open_license,withheld_consult_the_edition,,"Waller, Daniel James, with contributions by Dorota Molin. The Bible in the Bowls: A Catalogue of Biblical Quotations in Published Jewish Babylonian Aramaic Magic Bowls. Cambridge: Open Book Publishers, 2022. DOI: 10.11647/OBP.0305.","p. 162, distribution table, Müller-Kessler 2013",https://doi.org/10.11647/OBP.0305,available
TXT-A3644D2B9EAD,IBI-046C568A20AD,SRC-73C44B143A9D,summary,English,,Daniel James Waller,"p. 161, distribution table, A33965",open_license,withheld_consult_the_edition,,"Waller, Daniel James, with contributions by Dorota Molin. The Bible in the Bowls: A Catalogue of Biblical Quotations in Published Jewish Babylonian Aramaic Magic Bowls. Cambridge: Open Book Publishers, 2022. DOI: 10.11647/OBP.0305.","p. 161, distribution table, A33965",https://doi.org/10.11647/OBP.0305,available
TXT-A383843C3661,IBI-A2E775143F9F,SRC-943673B56FB8,translation,English,,James A. Montgomery,"text 17 translation, printed pp. 190-191; PDF pp. 196-197",public_domain,included,"This day above any day, years and generations of (2) the world, I Komes bath Mahlaphta have divorced (3) separated, dismissed thee, thou Lilith, Lilith of the Desert, (4) Hag and Ghul. The three of you, the four of you, the five of you, (5) naked are ye sent forth, nor are ye clad, with your hair dishevelled behind your backs. (6) It is announced to you, whose mother is Palhan and whose father (Pe)lahdad, ye Liliths: Hear and go forth and do not trouble (7) Komes b. M. in her house. Go ye forth altogether from her house and her dwelling and from Kalletha and Artasria (8) her children. I have warded against you with the curse which Joshua bar Perohia (sic) sent against you. I adjure you by the honor (name) of your father (9) and by the honor of your mother, and take your divorces and separations, thy divorce and thy separation, in the ban which is sent (10) against you by Joshua b. Perahia, for so has spoken to thee Joshua b. P.: A divorce has come to thee from across the sea. There is found written (in it), ye whose mother is (11) Palhan and whose father Pelahdad, ye Liliths: And now flee and go forth and do not trouble Komes b. M. in her house and her dwelling.

I bind (12) and I seal with the seal of El Shaddai and with the seal of Joshua b. Perahia the healer, healing and release from Heaven for Aba and Yazdid and Honik sons of Komes. Thwarted and frustrated are all Injurers, whom we have removed by the ban upon them. Amen, Amen, Selah.","Montgomery, James A. Aramaic Incantation Texts from Nippur. University Museum, Babylonian Section, Publications 3. Philadelphia, 1913.","text 17 translation, printed pp. 190-191; PDF pp. 196-197",https://archive.org/details/aramaicincantati00mont,available
TXT-A48EE14ADE6B,IBI-31C3A4F59439,SRC-73C44B143A9D,summary,English,,Daniel James Waller,"p. 154, distribution table, Isbell 51",open_license,withheld_consult_the_edition,,"Waller, Daniel James, with contributions by Dorota Molin. The Bible in the Bowls: A Catalogue of Biblical Quotations in Published Jewish Babylonian Aramaic Magic Bowls. Cambridge: Open Book Publishers, 2022. DOI: 10.11647/OBP.0305.","p. 154, distribution table, Isbell 51",https://doi.org/10.11647/OBP.0305,available
TXT-A4BE5AE93099,IBI-4804CC31F58D,SRC-73C44B143A9D,summary,English,,Daniel James Waller,"p. 158, distribution table, JBA 109",open_license,withheld_consult_the_edition,,"Waller, Daniel James, with contributions by Dorota Molin. The Bible in the Bowls: A Catalogue of Biblical Quotations in Published Jewish Babylonian Aramaic Magic Bowls. Cambridge: Open Book Publishers, 2022. DOI: 10.11647/OBP.0305.","p. 158, distribution table, JBA 109",https://doi.org/10.11647/OBP.0305,available
TXT-A50D97BFB618,IBI-7BFAF3E1718C,SRC-73C44B143A9D,summary,English,,Daniel James Waller,"p. 155, distribution table, CAMIB 43",open_license,withheld_consult_the_edition,,"Waller, Daniel James, with contributions by Dorota Molin. The Bible in the Bowls: A Catalogue of Biblical Quotations in Published Jewish Babylonian Aramaic Magic Bowls. Cambridge: Open Book Publishers, 2022. DOI: 10.11647/OBP.0305.","p. 155, distribution table, CAMIB 43",https://doi.org/10.11647/OBP.0305,available
TXT-A5DA180FE340,IBI-7DAD76C36F8E,SRC-C54888E36130,translation,English,,The Schøyen Collection / credited specialist,Text field in online record,copyrighted,withheld_consult_the_edition,,"The Schøyen Collection, MS 2053/196, online collection record.",Text field in online record,,available
TXT-A74A2748AA3B,IBI-66700DA0DFDA,SRC-24B0EC105BC9,summary,English,,Incantation Bowl Index summary,"text 1, pp. 194–198; Christie’s lot 348",open_license,included,"Invokes angels to kill demons and protect Prwkzʿd son of Kwmy, his household, and children.","Moriggi, Marco. “Relics of Syriac Magic: Another Syriac Bowl for Prwkzʿd br Kwmy and a Syriac Incantation Fragment in the British Museum.” Folia Orientalia 61 (2024): 193–202. https://doi.org/10.24425/for.2024.152391.","text 1, pp. 194–198; Christie’s lot 348",https://doi.org/10.24425/for.2024.152391,available
TXT-A7C57E62AB2C,IBI-4128C404FC1B,SRC-73C44B143A9D,summary,English,,Daniel James Waller,"p. 162, distribution table, Abousamra 2020",open_license,withheld_consult_the_edition,,"Waller, Daniel James, with contributions by Dorota Molin. The Bible in the Bowls: A Catalogue of Biblical Quotations in Published Jewish Babylonian Aramaic Magic Bowls. Cambridge: Open Book Publishers, 2022. DOI: 10.11647/OBP.0305.","p. 162, distribution table, Abousamra 2020",https://doi.org/10.11647/OBP.0305,available
TXT-A802940EFF2E,IBI-0CDECCBBB862,SRC-73C44B143A9D,summary,English,,Daniel James Waller,"p. 155, distribution table, M 117",open_license,withheld_consult_the_edition,,"Waller, Daniel James, with contributions by Dorota Molin. The Bible in the Bowls: A Catalogue of Biblical Quotations in Published Jewish Babylonian Aramaic Magic Bowls. Cambridge: Open Book Publishers, 2022. DOI: 10.11647/OBP.0305.","p. 155, distribution table, M 117",https://doi.org/10.11647/OBP.0305,available
TXT-AC57CC4BDAF0,IBI-A4F154B0CB2E,SRC-455442AA727F,translation,English,,Marco Moriggi,Artefact of the Month 26,copyrighted,withheld_consult_the_edition,,"Moriggi, Marco. “What Will Save the Household?” Artefact of the Month 26, Centre for the Study of Manuscript Cultures, updated 16 June 2023.",Artefact of the Month 26,,available
TXT-ADBF1A84A200,IBI-BF1E6329F91D,SRC-73C44B143A9D,summary,English,,Daniel James Waller,"p. 157, distribution table, JBA 60",open_license,withheld_consult_the_edition,,"Waller, Daniel James, with contributions by Dorota Molin. The Bible in the Bowls: A Catalogue of Biblical Quotations in Published Jewish Babylonian Aramaic Magic Bowls. Cambridge: Open Book Publishers, 2022. DOI: 10.11647/OBP.0305.","p. 157, distribution table, JBA 60",https://doi.org/10.11647/OBP.0305,available
TXT-AF0E578D3F6C,IBI-653C0F4DAF6F,SRC-73C44B143A9D,summary,English,,Daniel James Waller,"p. 157, distribution table, JBA 42",open_license,withheld_consult_the_edition,,"Waller, Daniel James, with contributions by Dorota Molin. The Bible in the Bowls: A Catalogue of Biblical Quotations in Published Jewish Babylonian Aramaic Magic Bowls. Cambridge: Open Book Publishers, 2022. DOI: 10.11647/OBP.0305.","p. 157, distribution table, JBA 42",https://doi.org/10.11647/OBP.0305,available
TXT-B3586B286076,IBI-AD8EFB15E4A0,SRC-292E3E15363B,translation,English,,Preliminary translation published by The Schøyen Collection,"MS 1911/2, Text field",copyrighted,withheld_consult_the_edition,,"The Schøyen Collection. ‘Incantation Bowl in Mandaic,’ MS 1911/2, accessed 4 September 2026.","MS 1911/2, Text field",https://www.schoyencollection.com/palaeography-collection-introduction/aramaic-hebrew-syriac/4-6-14-mandaic/ms-1911-2,available
TXT-B35DF9497E2B,IBI-3C7C76482C2A,SRC-73C44B143A9D,summary,English,,Daniel James Waller,"p. 159, distribution table, IM 141803",open_license,withheld_consult_the_edition,,"Waller, Daniel James, with contributions by Dorota Molin. The Bible in the Bowls: A Catalogue of Biblical Quotations in Published Jewish Babylonian Aramaic Magic Bowls. Cambridge: Open Book Publishers, 2022. DOI: 10.11647/OBP.0305.","p. 159, distribution table, IM 141803",https://doi.org/10.11647/OBP.0305,available
TXT-B40E7B6820A5,IBI-035BA4ABBE6D,SRC-25F456A40523,translation,English,,Paraphrase of Emiliano Martínez Borobio's English translation,p. 325,open_license,withheld_consult_the_edition,,"Martínez Borobio, Emiliano. “A Magical Bowl in Judaeo-Aramaic.” Isimu 6 (2003): 323–336. https://doi.org/10.15366/isimu2003.6.018.",p. 325,https://doi.org/10.15366/isimu2003.6.018,available
TXT-B42577861F96,IBI-3D640F2A8374,SRC-73C44B143A9D,summary,English,,Daniel James Waller,"p. 160, distribution table, MS 2053/236",open_license,withheld_consult_the_edition,,"Waller, Daniel James, with contributions by Dorota Molin. The Bible in the Bowls: A Catalogue of Biblical Quotations in Published Jewish Babylonian Aramaic Magic Bowls. Cambridge: Open Book Publishers, 2022. DOI: 10.11647/OBP.0305.","p. 160, distribution table, MS 2053/236",https://doi.org/10.11647/OBP.0305,available
TXT-B460100A541E,IBI-544ABA7B7DAA,SRC-943673B56FB8,translation,English,,James A. Montgomery,"text 38 translation, printed pp. 244-245; PDF pp. 250-251",public_domain,included,"Charmed, armed and equipped are the house, (2) the dwelling and mansion and barn, and the sons and daughters, (3) and the cattle and household vessels of Hinduitha (4) bath Dodai and (of) Marada, even her husband and her sons and daughters.

Charmed art thou, (5) Lilith Yannai, and all thy Broods, even the three hundred and sixty (6) Broods, by the word and command of the angel Negoznai, by the mysteries and ordinance (7) of the living God, in the name of the virtue of strong and mighty Deity, and by the seal (8) of the angel Be'odai, whose word none transgresses.

Charmed are all the Gods and Temple-spirits and Shrine-spirits and Idol-spirits (9) and Ishtars from the body of Marabba and Zadoye and Dazaunoye sons of Hinduitha, and from Hinduitha and from her house and her bed and from (10) their [wives] and their sons and their daughters and their cattle.

Charmed and confined and restrained and hobbled is the mighty Istar ... (11) and the three hundred and sixty Broods, which I have dismissed from her one after the other.

Charmed are all the Amulet-spirits that dwell in the houses of men and waste them; (12) charmed and hobbled and suppressed and covered and squeezed under the foot of Marabba bar Hinduitha and under the foot of Zadoye and Dazaunoye sons of Hinduitha, (13) and under the foot of Hinduitha b. D. And life, abundance, health and arming and sealing and protection be to their body, and their wives and their sons and their daughters and their cattle (14) and the people of their houses, both those entering and departing with Marabba and Zadoye and Dazaunoye sons of Hinduitha, and with Hinduitha b. D. their mother, and her daughters.

Exterior

(15) Holy (?) ...","Montgomery, James A. Aramaic Incantation Texts from Nippur. University Museum, Babylonian Section, Publications 3. Philadelphia, 1913.","text 38 translation, printed pp. 244-245; PDF pp. 250-251",https://archive.org/details/aramaicincantati00mont,available
TXT-B5750A98CEFF,IBI-63D2D8082D09,SRC-73C44B143A9D,summary,English,,Daniel James Waller,"p. 161, distribution table, VA 3854",open_license,withheld_consult_the_edition,,"Waller, Daniel James, with contributions by Dorota Molin. The Bible in the Bowls: A Catalogue of Biblical Quotations in Published Jewish Babylonian Aramaic Magic Bowls. Cambridge: Open Book Publishers, 2022. DOI: 10.11647/OBP.0305.","p. 161, distribution table, VA 3854",https://doi.org/10.11647/OBP.0305,available
TXT-B68E81AC8E2E,IBI-7F04261178CB,SRC-943673B56FB8,translation,English,,James A. Montgomery,"text 15 translation, printed pp. 185-186; PDF pp. 191-192",public_domain,included,"In thy name and in thy word, Lord of all healing, God of love.

(2) Salvation of Heaven for the house of Hormiz bar Mama and for the dwelling of Dod(a)i bath (3) Martha and for Bar-gelal bar Dodai and for Bar-sibebi bar Cirazad, even for all her house and dwelling (4).

Lâs min selîḳ: waṭrefê dâs min mena
Enaš lâs lâ selîḳ: waṭrefê dâs enâš (5) menâ
BHYBDYN
Wenaš lâs lâs lâ selîḳ: waṭrefê dâs enâš menâ.

I scan and rhyme (?) against you, Spirits and Goblins (6) and Plagues and Howlers and Strokes and Circlet-spirits and evil Arts and mighty Works and Idol-spirits and the evil Lilith (7) ... And I bind you with bonds of brass and iron and seal you with the figure of a seal of fire, ... (8)

... And I banish you from Hormiz b. M. and Dodai b. [M. and] Bar-gelal b. D. and Bar-sibebi b. C. (9) ... and Mehoi bar Dodai, in the name of Rophiel and Suriel and Gabriel [and ...] and Rahmiel and .hatiel and Suriel ... and Serariel. And by the seal of Yhwh Sebaoth is it established forever. Amen, Amen, Amen.","Montgomery, James A. Aramaic Incantation Texts from Nippur. University Museum, Babylonian Section, Publications 3. Philadelphia, 1913.","text 15 translation, printed pp. 185-186; PDF pp. 191-192",https://archive.org/details/aramaicincantati00mont,available
TXT-B7DACA96CD6E,IBI-C30A015175D7,SRC-73C44B143A9D,summary,English,,Daniel James Waller,"p. 159, distribution table, IM 114987",open_license,withheld_consult_the_edition,,"Waller, Daniel James, with contributions by Dorota Molin. The Bible in the Bowls: A Catalogue of Biblical Quotations in Published Jewish Babylonian Aramaic Magic Bowls. Cambridge: Open Book Publishers, 2022. DOI: 10.11647/OBP.0305.","p. 159, distribution table, IM 114987",https://doi.org/10.11647/OBP.0305,available
TXT-B91E459A48AD,IBI-A8BE9F6FA177,SRC-4C8646D12939,translation,English,,Discovery summary after Jeong and Young,Object of the Month article,copyrighted,withheld_consult_the_edition,,"Jeong, Soobin, and Marie Young. ‘Eine Zauberschale aus der Hilprecht-Sammlung.’ Objekt des Monats, Friedrich Schiller University Jena, 1 April 2024.",Object of the Month article,https://sammlungen.uni-jena.de/aktuelles/archiv-objekt-des-monats/News/detail/565,available
TXT-B9A2752A6436,IBI-A47920BF4C4D,SRC-73C44B143A9D,summary,English,,Daniel James Waller,"p. 159, distribution table, M 4",open_license,withheld_consult_the_edition,,"Waller, Daniel James, with contributions by Dorota Molin. The Bible in the Bowls: A Catalogue of Biblical Quotations in Published Jewish Babylonian Aramaic Magic Bowls. Cambridge: Open Book Publishers, 2022. DOI: 10.11647/OBP.0305.","p. 159, distribution table, M 4",https://doi.org/10.11647/OBP.0305,available
TXT-BA39AC589CE8,IBI-CD463292B7B0,SRC-73C44B143A9D,summary,English,,Daniel James Waller,"p. 161, distribution table, MFL 10895",open_license,withheld_consult_the_edition,,"Waller, Daniel James, with contributions by Dorota Molin. The Bible in the Bowls: A Catalogue of Biblical Quotations in Published Jewish Babylonian Aramaic Magic Bowls. Cambridge: Open Book Publishers, 2022. DOI: 10.11647/OBP.0305.","p. 161, distribution table, MFL 10895",https://doi.org/10.11647/OBP.0305,available
TXT-BA7936D04011,IBI-F504A461BD0B,SRC-73C44B143A9D,summary,English,,Daniel James Waller,"p. 155, distribution table, CAMIB 35",open_license,withheld_consult_the_edition,,"Waller, Daniel James, with contributions by Dorota Molin. The Bible in the Bowls: A Catalogue of Biblical Quotations in Published Jewish Babylonian Aramaic Magic Bowls. Cambridge: Open Book Publishers, 2022. DOI: 10.11647/OBP.0305.","p. 155, distribution table, CAMIB 35",https://doi.org/10.11647/OBP.0305,available
TXT-BAAA937229C0,IBI-2240A84876B0,SRC-73C44B143A9D,summary,English,,Daniel James Waller,"p. 157, distribution table, JBA 10",open_license,withheld_consult_the_edition,,"Waller, Daniel James, with contributions by Dorota Molin. The Bible in the Bowls: A Catalogue of Biblical Quotations in Published Jewish Babylonian Aramaic Magic Bowls. Cambridge: Open Book Publishers, 2022. DOI: 10.11647/OBP.0305.","p. 157, distribution table, JBA 10",https://doi.org/10.11647/OBP.0305,available
TXT-BC5E5C1EE78A,IBI-8746509B00D1,SRC-73C44B143A9D,summary,English,,Daniel James Waller,"p. 156, distribution table, JBA 04",open_license,withheld_consult_the_edition,,"Waller, Daniel James, with contributions by Dorota Molin. The Bible in the Bowls: A Catalogue of Biblical Quotations in Published Jewish Babylonian Aramaic Magic Bowls. Cambridge: Open Book Publishers, 2022. DOI: 10.11647/OBP.0305.","p. 156, distribution table, JBA 04",https://doi.org/10.11647/OBP.0305,available
TXT-BE850C29C323,IBI-AA8DEF952E20,SRC-73C44B143A9D,summary,English,,Daniel James Waller,"p. 162, distribution table, Herman 2021",open_license,withheld_consult_the_edition,,"Waller, Daniel James, with contributions by Dorota Molin. The Bible in the Bowls: A Catalogue of Biblical Quotations in Published Jewish Babylonian Aramaic Magic Bowls. Cambridge: Open Book Publishers, 2022. DOI: 10.11647/OBP.0305.","p. 162, distribution table, Herman 2021",https://doi.org/10.11647/OBP.0305,available
TXT-C0414DCB1953,IBI-5B1343517775,SRC-943673B56FB8,translation,English,,James A. Montgomery,"text 2 translation, printed pp. 121-122; PDF pp. 127-128",public_domain,included,"Again I come, I Pabak bar Kufithai, in my own might, on my person polished armor of iron, my head of iron, my figure of pure fire. (2) I am clad with ‘the garment of Armasa (Hermes), Dabya and the Word, and my strength is in him who created heaven and earth. I have come and I have smitten (3) the evil Fiends and the malignant Adversaries. I have said to them that if at all you sin against Abuna bar Geribta and against Ibba bar Zawithai, I will lay a spell upon you, the spell (4) of the Sea and the spell of the monster Leviathan. (I say) that if at all you sin against Abuna b. G., and against his wife and his sons, I will bend the bow against you (5) and stretch the bow-string at you.

Again, whereinsoever you sin against the house of Pabak and against his property and all the people of his house, in my own right I Abuna bar Geribta—or against Ibba bar Zawithai—(6) will bring down upon you the curse and the proscription and the ban which fell upon Mount Hermon and upon the monster Leviathan and upon Sodom and upon Gomorrha. In order to subdue Devils (7) do I come, I Abuna b. G., and all evil Sacraments and the tongue of impious Charm-spirits; I have come and smitten the Demons and Devils and evil Tormentors, the Gods (Idol-spirits) and female Goddesses—standing in serried rows and encamped in camps.","Montgomery, James A. Aramaic Incantation Texts from Nippur. University Museum, Babylonian Section, Publications 3. Philadelphia, 1913.","text 2 translation, printed pp. 121-122; PDF pp. 127-128",https://archive.org/details/aramaicincantati00mont,available
TXT-C066BC8CF3B4,IBI-5697CFCCA6A5,SRC-73C44B143A9D,summary,English,,Daniel James Waller,"p. 155, distribution table, M 059",open_license,withheld_consult_the_edition,,"Waller, Daniel James, with contributions by Dorota Molin. The Bible in the Bowls: A Catalogue of Biblical Quotations in Published Jewish Babylonian Aramaic Magic Bowls. Cambridge: Open Book Publishers, 2022. DOI: 10.11647/OBP.0305.","p. 155, distribution table, M 059",https://doi.org/10.11647/OBP.0305,available
TXT-C1F4262DBE91,IBI-83915232010B,SRC-73C44B143A9D,summary,English,,Daniel James Waller,"p. 155, distribution table, CAMIB 73",open_license,withheld_consult_the_edition,,"Waller, Daniel James, with contributions by Dorota Molin. The Bible in the Bowls: A Catalogue of Biblical Quotations in Published Jewish Babylonian Aramaic Magic Bowls. Cambridge: Open Book Publishers, 2022. DOI: 10.11647/OBP.0305.","p. 155, distribution table, CAMIB 73",https://doi.org/10.11647/OBP.0305,available
TXT-C3871A52D262,IBI-B6246E14776E,SRC-943673B56FB8,translation,English,,James A. Montgomery,"text 6 translation, printed pp. 141-142; PDF pp. 147-148",public_domain,included,"A press which is pressed down upon Demons and Devils and Satans and impious Amulet-spirits and Familiars and Counter-charms and Liliths male (3) and female, that attach themselves to Adak bar Hathoi and Ahath bath Hathoi—that attach themselves to them, and dwell (4) in their archways, and lurk by their thresholds, and appear to them in one form and another, and that strike and cast down and kill. And this press (5) I press down upon them in days and in months and in all years, and this day out of all days, and this month out of all months, and this year (6) out of all years, and this season out of all seasons. And I come and put a spell for them in the thresholds of this their house, and I seal and bind them. Fastened up are their doors (7) and all their roof.

And this press I press down upon them by means of these seven words, by which heaven and earth are charmed: in the name of the first, Gismin and Marbil; of the second, Gismin and Marbil; of the third, Marbil; of the fourth, Masbar; of the fifth, Morah; of the sixth, Ardibal; of the seventh Kibsin (presses), with which is repressed (9) ... with them are repressed all evil Spirits and impious Amulet spirits and Liliths male and female and Familiars and Counter-charms and Words, that they appear not to Adak b. H. and to Ahath b. H. (10) and to ... neither in dream by night nor in sleep by day, and that they approach neither their right side nor their left, and that they kill not their children, and that they have no power over their property, what they have (11) and what they shall have, from this day and forever.

And whoever will transgress against this press and does not accept these rites, shall split asunder violently and burst in the midst, and the sound of him shall resound with the resonance of brass in the spheres of heaven, (12) and his abode shall be in the seventh (?) hell of the sea, from this day and forever. Amen, Amen, Selah.","Montgomery, James A. Aramaic Incantation Texts from Nippur. University Museum, Babylonian Section, Publications 3. Philadelphia, 1913.","text 6 translation, printed pp. 141-142; PDF pp. 147-148",https://archive.org/details/aramaicincantati00mont,available
TXT-C4296C80CCD2,IBI-9A362DCF2CFA,SRC-0B9E40B67D88,translation,English,,Discovery summary after Gaby Abousamra,article abstract and later citation,copyrighted,withheld_consult_the_edition,,"Abousamra, Gaby. ‘An Incantation Bowl from the Matenadaran.’ Semitica 61 (2019): 139–146. DOI: 10.2143/SE.61.0.3286687.",article abstract and later citation,https://doi.org/10.2143/SE.61.0.3286687,partial
TXT-C4E64CF6D96B,IBI-9078953DB2E7,SRC-B1A37FD6D79D,translation,English,,"Unsigned dealer-listing translation, summarized",listing lines 34–35,copyrighted,withheld_consult_the_edition,,"Barakat Gallery, ‘Terracotta Incantation Bowl with Aramaic Inscription,’ stock X.0552, online record 54886, accessed 4 September 2026.",listing lines 34–35,https://barakatgallery.eu/artworks/54886-terracotta-incantation-bowl-with-aramaic-inscription-500-ce-800-ce/,available
TXT-C52DED1698C9,IBI-E71CB0A6665B,SRC-73C44B143A9D,summary,English,,Daniel James Waller,"p. 157, distribution table, JBA 46",open_license,withheld_consult_the_edition,,"Waller, Daniel James, with contributions by Dorota Molin. The Bible in the Bowls: A Catalogue of Biblical Quotations in Published Jewish Babylonian Aramaic Magic Bowls. Cambridge: Open Book Publishers, 2022. DOI: 10.11647/OBP.0305.","p. 157, distribution table, JBA 46",https://doi.org/10.11647/OBP.0305,available
TXT-C7CD668534DE,IBI-1096AC7149EC,SRC-73C44B143A9D,summary,English,,Daniel James Waller,"p. 157, distribution table, JBA 12",open_license,withheld_consult_the_edition,,"Waller, Daniel James, with contributions by Dorota Molin. The Bible in the Bowls: A Catalogue of Biblical Quotations in Published Jewish Babylonian Aramaic Magic Bowls. Cambridge: Open Book Publishers, 2022. DOI: 10.11647/OBP.0305.","p. 157, distribution table, JBA 12",https://doi.org/10.11647/OBP.0305,available
TXT-C9F528FE5F7C,IBI-3077C088CF69,SRC-73C44B143A9D,summary,English,,Daniel James Waller,"p. 154, distribution table, AMB 13",open_license,withheld_consult_the_edition,,"Waller, Daniel James, with contributions by Dorota Molin. The Bible in the Bowls: A Catalogue of Biblical Quotations in Published Jewish Babylonian Aramaic Magic Bowls. Cambridge: Open Book Publishers, 2022. DOI: 10.11647/OBP.0305.","p. 154, distribution table, AMB 13",https://doi.org/10.11647/OBP.0305,available
TXT-CCA9808385A4,IBI-8A3BAEA23243,SRC-73C44B143A9D,summary,English,,Daniel James Waller,"p. 155, distribution table, M 108",open_license,withheld_consult_the_edition,,"Waller, Daniel James, with contributions by Dorota Molin. The Bible in the Bowls: A Catalogue of Biblical Quotations in Published Jewish Babylonian Aramaic Magic Bowls. Cambridge: Open Book Publishers, 2022. DOI: 10.11647/OBP.0305.","p. 155, distribution table, M 108",https://doi.org/10.11647/OBP.0305,available
TXT-CD9FEB375BDB,IBI-1A2C37C1994B,SRC-73C44B143A9D,summary,English,,Daniel James Waller,"p. 161, distribution table, VA 3853",open_license,withheld_consult_the_edition,,"Waller, Daniel James, with contributions by Dorota Molin. The Bible in the Bowls: A Catalogue of Biblical Quotations in Published Jewish Babylonian Aramaic Magic Bowls. Cambridge: Open Book Publishers, 2022. DOI: 10.11647/OBP.0305.","p. 161, distribution table, VA 3853",https://doi.org/10.11647/OBP.0305,available
TXT-CF262B42E6B3,IBI-013FBB80706C,SRC-943673B56FB8,translation,English,,James A. Montgomery,"text 7 translation, printed pp. 147-149; PDF pp. 153-155",public_domain,included,"In thy name, O Lord of salvations, (2) the great Saviour of love.

I bind to thee and seal (3) and counterseal to thee, the life, house and property of this Yezidad (4) bar Izdanduch; in the name of the great God, and with the seal of Shadda El, (5) and by the splendor of Sebaoth, and by the great glory of the Holy One: that all ... Demons and all mighty Satans remove and betake themselves and go out (6) from the house and from the dwelling and from the whole body of this Yezidad b. I.

(7) Again I bind to thee (Myhrman, to you) and seal and counterseal to thee (M. to you) the life and house and property and bedchamber of Yezidad (8) b. I., in the name of Gabriel and Michael and Raphael, and in the name of the angel ‘Asiel and Ermes (Hermes) the great Lord. [In the name of Yahu-in-Yahu] (9) and the great Abbahu and the great Abrakas (Abraxas), the guardian of good spirits and destroyer of evil spirits, I guard to thee (M. to you) the life, house, dwelling (10) and property of this Yezidad b. I. And I seal to thee (M. to you) the life, house and dwelling of this Merduch bath Banai, that there sin not against you (M. them) all evil Arts (11) and all (magic) Circles and all Necklace-spirits and all Invocations and all Curses and all Losses and all ... and all sore Maladies and all evil Satans and all Idol-spirits and all impious Amulet-spirits and all mighty Tormentors, (12) which under my own hand I banish from this house in the name of Pharnagin bar Pharnagin, before whom trembles the sea and behind whom tremble the mountains, in the name of HH, HH, and in the name of (13) Bar-mesteel, whose proscription is proscribed and none trespasses upon his ward.

Lo, this mystery is for frustrating you, Mysteries, Arts, and enchanted Waters and Hair-spirits, Bowls and Knots and Vows and Necklace-spirits and Invocations and Curses (14) and evil Spirits and impious Amulet-spirits. And now, Demons and Demonesses and Lilis and Liliths and Plagues and evil Satans and all evil Tormentors, which appear—and all evil Injurers—in the likeness of vermin and reptile and in the likeness of beast and bird (15) and in the likeness of man and woman, and in every likeness and in all fashions: Desist and go forth from the house and from the dwelling and from the whole body of this Yezidad b. I. and from Merduch his wife b. B., and from their sons and their daughters and all the people of their house, (16) that ye injure them not with any evil injury, nor bewilder nor amaze them, nor sin against them, nor appear to them either in dream by night or in slumber by day, from this day and forever. Amen, Amen, Selah.

And again I swear and adjure (17) thee: May the great Prince expel thee, he who breaks thy body and removes thy tribe. And by the seventy Men who hold seventy sickles, wherewith to kill all evil Demons and to destroy all impious Tormentors,—are they cast prostrate in troops and thrown on their beds. Amen, Amen, Selah, Halleluia.","Montgomery, James A. Aramaic Incantation Texts from Nippur. University Museum, Babylonian Section, Publications 3. Philadelphia, 1913.","text 7 translation, printed pp. 147-149; PDF pp. 153-155",https://archive.org/details/aramaicincantati00mont,available
TXT-CF544F9AEDC9,IBI-6918D270707A,SRC-73C44B143A9D,summary,English,,Daniel James Waller,"p. 157, distribution table, JBA 09",open_license,withheld_consult_the_edition,,"Waller, Daniel James, with contributions by Dorota Molin. The Bible in the Bowls: A Catalogue of Biblical Quotations in Published Jewish Babylonian Aramaic Magic Bowls. Cambridge: Open Book Publishers, 2022. DOI: 10.11647/OBP.0305.","p. 157, distribution table, JBA 09",https://doi.org/10.11647/OBP.0305,available
TXT-D19E64B9C208,IBI-47A624FD7A32,SRC-73C44B143A9D,summary,English,,Daniel James Waller,"p. 161, distribution table, Moriah 2",open_license,withheld_consult_the_edition,,"Waller, Daniel James, with contributions by Dorota Molin. The Bible in the Bowls: A Catalogue of Biblical Quotations in Published Jewish Babylonian Aramaic Magic Bowls. Cambridge: Open Book Publishers, 2022. DOI: 10.11647/OBP.0305.","p. 161, distribution table, Moriah 2",https://doi.org/10.11647/OBP.0305,available
TXT-D1F3E51E8316,IBI-74625165CE1F,SRC-943673B56FB8,translation,English,,James A. Montgomery,"text 25 translation, printed pp. 207; PDF pp. 213",public_domain,included,"Salvation from Heaven for Guroi bar Tati and for Ahath bath Doda his wife, that there vanish from them in their dw[elling the Demons and Dev]ils by the mercy of Heaven. Whoever here has dead, who shall become alive to them here, and shall approach (2) and are found to be (actually) dead--from these you are kept and these are kept (from you). In the name: Thou- ... send (to) them, Hadarbadu bar ... (3) .. the contentions of them all. Behold, ... Blessed art thou, Yhwh on account of the name of ... (4) Yophiel thy name, Yehiel they call thee, Sasangiel, Yhwh, and so ... names ... [Ar]masa Metatron Yah, in the name of Tigin, Trigis, Balbis, Sabgas, Sadrapas. These are the angels who bring salvation to all the children of men. They (6) will come and go forth with the salvation of this house and property and dwelling of his, and of his sons and daughters and all the people in his house--(7) of this Guroi b. T. from this day even for the sphere of eternity. Amen, Amen, Selah, Halleluia.","Montgomery, James A. Aramaic Incantation Texts from Nippur. University Museum, Babylonian Section, Publications 3. Philadelphia, 1913.","text 25 translation, printed pp. 207; PDF pp. 213",https://archive.org/details/aramaicincantati00mont,available
TXT-D324B2B661AE,IBI-B74372055B1B,SRC-73C44B143A9D,summary,English,,Daniel James Waller,"p. 159, distribution table, M 5",open_license,withheld_consult_the_edition,,"Waller, Daniel James, with contributions by Dorota Molin. The Bible in the Bowls: A Catalogue of Biblical Quotations in Published Jewish Babylonian Aramaic Magic Bowls. Cambridge: Open Book Publishers, 2022. DOI: 10.11647/OBP.0305.","p. 159, distribution table, M 5",https://doi.org/10.11647/OBP.0305,available
TXT-D40450F0C247,IBI-37106ED2732D,SRC-03395C3A94A7,translation,English,,Discovery summary of museum translation,museum feature paragraphs 44–61,copyrighted,withheld_consult_the_edition,,"Cincinnati Skirball Museum, ‘Mandaic Bowl,’ A/1331, object feature published 17 July 2021.",museum feature paragraphs 44–61,https://csm.huc.edu/2021/07/17/mandaic-bowl/,available
TXT-D423FB558938,IBI-527704D6B074,SRC-943673B56FB8,translation,English,,James A. Montgomery,"text 32 translation, printed pp. 225-226; PDF pp. 231-232",public_domain,included,"This bowl is designated for the sealing of the house and the wife (2) and the children of Dinoi bar Ispandarmed, that there remove from him the Tormentor (3) and evil Dreams.

The bowl I deposit and sink down, a work which has been made (4) like that which Rab Jesus bar Perahia sat and wrote against them,—a ban-writ against all the Demons and Devils (5) and Satans and Liliths and Latbe which are in the house of Dinoi b. I. Again: he wrote against them a ban-writ which is for all time, (6) by the virtue of ’TMDG, Atâtôt Atôt, within T(?), Atôt Atôt the name, a writing within a writing. Through which (words) were subjected (7) heaven and earth and the mountains; and through which the heights were commanded; and through which were fettered Arts, Demons and Devils and Satans and Liliths and Latbe; (8) and through which he passed over from this world and climbed above you to the height (of heaven) and learned all counter-charms, a ruin to destruction, and ... to bring you forth (9) from the house of Dinoi b. I., and from all that is in his house, I have dismissed you by the ban-writ. And charmed and sealed and countersealed is it, even as ancient runes fail not, (10) and (like) ancient men who are not ... Again: charmed and sealed and countersealed is this ban-writ by the virtue of YHYHYHYHYH, YHYH, YHYH, A‘. Amen, Amen, Selah.

(11) Sealed and protected are the house and dwelling of Dinoi b. I. from the Tormentor and evil Dreams and the Curse. And sealed and protected be [his wife and son] (12) from the Tormentor and evil Dreams and Curse and Vows and ... Hallela, Amen.","Montgomery, James A. Aramaic Incantation Texts from Nippur. University Museum, Babylonian Section, Publications 3. Philadelphia, 1913.","text 32 translation, printed pp. 225-226; PDF pp. 231-232",https://archive.org/details/aramaicincantati00mont,available
TXT-D616FF7BACFF,IBI-68A32545462E,SRC-73C44B143A9D,summary,English,,Daniel James Waller,"p. 160, distribution table, M 6",open_license,withheld_consult_the_edition,,"Waller, Daniel James, with contributions by Dorota Molin. The Bible in the Bowls: A Catalogue of Biblical Quotations in Published Jewish Babylonian Aramaic Magic Bowls. Cambridge: Open Book Publishers, 2022. DOI: 10.11647/OBP.0305.","p. 160, distribution table, M 6",https://doi.org/10.11647/OBP.0305,available
TXT-D7DDF391BF6C,IBI-8C33CF70266B,SRC-9BE3105F3F31,translation,English,,The Schøyen Collection / credited specialist,Text field in online record,copyrighted,withheld_consult_the_edition,,"The Schøyen Collection, MS 2053/198, online collection record.",Text field in online record,,available
TXT-DE6C350DE85A,IBI-6F98412BF44D,SRC-73C44B143A9D,summary,English,,Daniel James Waller,"p. 156, distribution table, VA 2416",open_license,withheld_consult_the_edition,,"Waller, Daniel James, with contributions by Dorota Molin. The Bible in the Bowls: A Catalogue of Biblical Quotations in Published Jewish Babylonian Aramaic Magic Bowls. Cambridge: Open Book Publishers, 2022. DOI: 10.11647/OBP.0305.","p. 156, distribution table, VA 2416",https://doi.org/10.11647/OBP.0305,available
TXT-DEA6EEE60517,IBI-5FEA632C514C,SRC-73C44B143A9D,summary,English,,Daniel James Waller,"p. 154, distribution table, Isbell 33",open_license,withheld_consult_the_edition,,"Waller, Daniel James, with contributions by Dorota Molin. The Bible in the Bowls: A Catalogue of Biblical Quotations in Published Jewish Babylonian Aramaic Magic Bowls. Cambridge: Open Book Publishers, 2022. DOI: 10.11647/OBP.0305.","p. 154, distribution table, Isbell 33",https://doi.org/10.11647/OBP.0305,available
TXT-DEDB17209430,IBI-FAA4FDD745DD,SRC-73C44B143A9D,summary,English,,Daniel James Waller,"p. 154, distribution table, Isbell 24",open_license,withheld_consult_the_edition,,"Waller, Daniel James, with contributions by Dorota Molin. The Bible in the Bowls: A Catalogue of Biblical Quotations in Published Jewish Babylonian Aramaic Magic Bowls. Cambridge: Open Book Publishers, 2022. DOI: 10.11647/OBP.0305.","p. 154, distribution table, Isbell 24",https://doi.org/10.11647/OBP.0305,available
TXT-DFB6AFF5D4E5,IBI-DEDC98D3F366,SRC-943673B56FB8,translation,English,,James A. Montgomery,"text 16 translation, printed pp. 188-189; PDF pp. 194-195",public_domain,included,"Salvation from Heaven for Dadbeh bar Asmanduch (2) and for Sarkoi bath Dada his wife and for Honik and Yasmin (3) and Kufithai and Mehduch and Pannoi and Abraham and Silai the children of Sarkoi, (4) and for their house and their property, and that they may have children and may live long and be established, and that (5) no Injurer in the world may touch them.

And in his great name, whereby the holy God is called—wherein are arts ( ?)—(6) which suppresses darkness under light, plague under healing, destruction under construction, injury (7) under ban, anger under repose: suppressed are all the sons of darkness under the throne of God, in whose (?) name (8) are bound, suppressed Devils; gripped likewise are evil Spirits and impious Amulet-spirits and Names and Princes of (9) darkness and the Spirit (breath) of foulness and fatigue and the Tormentors of night and day and Curses and Necklace-charms and Words and Adjurations (10) and Knockings and Rites, the Plague and the she-Plague and the voice of Invocation, and the Spell of poverty and Demons and Devils and Satans (11) and Idol-spirits and Liliths and Arts and mighty Works and the seven Tormentors of night and day. They are bound, suppressed and laid, (12) away from Dadbeh, etc. (as in ll. 1 ff.), (13) and from all their house and from their property and from all their abode, from this day forever. Amen, Amen, (14) Selah. “And Yhwh said to Satan,” etc.","Montgomery, James A. Aramaic Incantation Texts from Nippur. University Museum, Babylonian Section, Publications 3. Philadelphia, 1913.","text 16 translation, printed pp. 188-189; PDF pp. 194-195",https://archive.org/details/aramaicincantati00mont,available
TXT-E198E0CE296A,IBI-390480DC194A,SRC-73C44B143A9D,summary,English,,Daniel James Waller,"p. 156, distribution table, VA 2423",open_license,withheld_consult_the_edition,,"Waller, Daniel James, with contributions by Dorota Molin. The Bible in the Bowls: A Catalogue of Biblical Quotations in Published Jewish Babylonian Aramaic Magic Bowls. Cambridge: Open Book Publishers, 2022. DOI: 10.11647/OBP.0305.","p. 156, distribution table, VA 2423",https://doi.org/10.11647/OBP.0305,available
TXT-E2B02C9590AD,IBI-847BA478D9ED,SRC-73C44B143A9D,summary,English,,Daniel James Waller,"p. 156, distribution table, JBA 06",open_license,withheld_consult_the_edition,,"Waller, Daniel James, with contributions by Dorota Molin. The Bible in the Bowls: A Catalogue of Biblical Quotations in Published Jewish Babylonian Aramaic Magic Bowls. Cambridge: Open Book Publishers, 2022. DOI: 10.11647/OBP.0305.","p. 156, distribution table, JBA 06",https://doi.org/10.11647/OBP.0305,available
TXT-E4907F4D3781,IBI-84940DBA48F7,SRC-73C44B143A9D,summary,English,,Daniel James Waller,"p. 160, distribution table, S-447",open_license,withheld_consult_the_edition,,"Waller, Daniel James, with contributions by Dorota Molin. The Bible in the Bowls: A Catalogue of Biblical Quotations in Published Jewish Babylonian Aramaic Magic Bowls. Cambridge: Open Book Publishers, 2022. DOI: 10.11647/OBP.0305.","p. 160, distribution table, S-447",https://doi.org/10.11647/OBP.0305,available
TXT-E4938A0ECFCF,IBI-60A67A350134,SRC-73C44B143A9D,summary,English,,Daniel James Waller,"p. 157, distribution table, JBA 65",open_license,withheld_consult_the_edition,,"Waller, Daniel James, with contributions by Dorota Molin. The Bible in the Bowls: A Catalogue of Biblical Quotations in Published Jewish Babylonian Aramaic Magic Bowls. Cambridge: Open Book Publishers, 2022. DOI: 10.11647/OBP.0305.","p. 157, distribution table, JBA 65",https://doi.org/10.11647/OBP.0305,available
TXT-E53B5E017E6D,IBI-B54D497CC676,SRC-943673B56FB8,translation,English,,James A. Montgomery,"text 9 translation, printed pp. 161-162; PDF pp. 167-168",public_domain,included,"The bowl I deposit and sink down, and the work (2) I operate, and it is in [the fashion of] Rabbi Joshua (3) bar Perahia. I write for them divorces, for all the Liliths who appear to them, in this (house of ?) (4) Babanos bar Kayomta and of Saradust bath Sirin his wife, in dream by night and in slumber (5) by day; namely a writ of separation and divorce; in virtue of letter (abstracted) from letter, and letters from letters, (6) and of word from words, and of pronunciation from pronunciations; whereby are swallowed up heaven and earth, the mountains are uprooted, and by them the heights melt away.

(7) Oh, Demons, Arts and Devils and Latbe, perish by them from the world! Therefore (?) I have mounted up over them (you?) to the celestial height, and I have brought against you (8) a destroyer to destroy them (you) and to bring you forth from their house and their dwelling and their threshold and all ... place of the bedchamber of Babanos b. K. (9) and of Saradust b. S. his wife. And again, do not appear to them, neither in dream of night nor in sleep of day ... I dismiss you (10) ... letters of separation ...

(11, exterior) In thy name have I wrought, Yhwh, God, Sebaoth, Gabriel and Michael and Raphael. Thy seal is upon this besealment and upon this threshold. Amen, Amen.","Montgomery, James A. Aramaic Incantation Texts from Nippur. University Museum, Babylonian Section, Publications 3. Philadelphia, 1913.","text 9 translation, printed pp. 161-162; PDF pp. 167-168",https://archive.org/details/aramaicincantati00mont,available
TXT-EA06EA02090A,IBI-4C9716400DD6,SRC-CC2BEEE1E096,summary,English,,The Schøyen Collection / credited specialist,Text field in online record,copyrighted,withheld_consult_the_edition,,"The Schøyen Collection, MS 1928/19, online collection record.",Text field in online record,,available
TXT-EA5886D18D42,IBI-4D931CBC1484,SRC-73C44B143A9D,summary,English,,Daniel James Waller,"p. 161, distribution table, XI-t 5178",open_license,withheld_consult_the_edition,,"Waller, Daniel James, with contributions by Dorota Molin. The Bible in the Bowls: A Catalogue of Biblical Quotations in Published Jewish Babylonian Aramaic Magic Bowls. Cambridge: Open Book Publishers, 2022. DOI: 10.11647/OBP.0305.","p. 161, distribution table, XI-t 5178",https://doi.org/10.11647/OBP.0305,available
TXT-EADED9A45D6D,IBI-FC756E58C80D,SRC-73C44B143A9D,summary,English,,Daniel James Waller,"p. 158, distribution table, JBA 98",open_license,withheld_consult_the_edition,,"Waller, Daniel James, with contributions by Dorota Molin. The Bible in the Bowls: A Catalogue of Biblical Quotations in Published Jewish Babylonian Aramaic Magic Bowls. Cambridge: Open Book Publishers, 2022. DOI: 10.11647/OBP.0305.","p. 158, distribution table, JBA 98",https://doi.org/10.11647/OBP.0305,available
TXT-EB42A6505E96,IBI-7705A74EC455,SRC-73C44B143A9D,summary,English,,Daniel James Waller,"p. 155, distribution table, CAMIB 72",open_license,withheld_consult_the_edition,,"Waller, Daniel James, with contributions by Dorota Molin. The Bible in the Bowls: A Catalogue of Biblical Quotations in Published Jewish Babylonian Aramaic Magic Bowls. Cambridge: Open Book Publishers, 2022. DOI: 10.11647/OBP.0305.","p. 155, distribution table, CAMIB 72",https://doi.org/10.11647/OBP.0305,available
TXT-EBA3E70EB404,IBI-EA7636538267,SRC-73C44B143A9D,summary,English,,Daniel James Waller,"p. 154, distribution table, AMB 12a",open_license,withheld_consult_the_edition,,"Waller, Daniel James, with contributions by Dorota Molin. The Bible in the Bowls: A Catalogue of Biblical Quotations in Published Jewish Babylonian Aramaic Magic Bowls. Cambridge: Open Book Publishers, 2022. DOI: 10.11647/OBP.0305.","p. 154, distribution table, AMB 12a",https://doi.org/10.11647/OBP.0305,available
TXT-EECCE4E260D4,IBI-9025903BB357,SRC-8F8BA58FAE9F,summary,English,,Discovery-campaign summary of indexed article metadata,article title and indexed metadata,copyrighted,included,The inscription names Rav Mešaršia son of Qaqay and appears also to concern Dudi daughter of Aḥata; the editors connect Qaqay daughter of Marat with his mother.,"Ford, James Nathan, and Alon Ten-Ami. ‘An Incantation Bowl for Rav Mešaršia Son of Qaqay’ [Hebrew]. Tarbiz 80, no. 2 (2012): 219–230. JSTOR 23607828.",article title and indexed metadata,https://www.jstor.org/stable/23607828,partial
TXT-F367105574E1,IBI-4F498F59E098,SRC-73C44B143A9D,summary,English,,Daniel James Waller,"p. 159, distribution table, IM 76752",open_license,withheld_consult_the_edition,,"Waller, Daniel James, with contributions by Dorota Molin. The Bible in the Bowls: A Catalogue of Biblical Quotations in Published Jewish Babylonian Aramaic Magic Bowls. Cambridge: Open Book Publishers, 2022. DOI: 10.11647/OBP.0305.","p. 159, distribution table, IM 76752",https://doi.org/10.11647/OBP.0305,available
TXT-F51232B095CA,IBI-0486433C4AA1,SRC-73C44B143A9D,summary,English,,Daniel James Waller,"p. 156, distribution table, JBA 07",open_license,withheld_consult_the_edition,,"Waller, Daniel James, with contributions by Dorota Molin. The Bible in the Bowls: A Catalogue of Biblical Quotations in Published Jewish Babylonian Aramaic Magic Bowls. Cambridge: Open Book Publishers, 2022. DOI: 10.11647/OBP.0305.","p. 156, distribution table, JBA 07",https://doi.org/10.11647/OBP.0305,available
TXT-F6B208BDB88C,IBI-5BD2C1B41501,SRC-E94437DF5962,translation,English,,Kedem Auction House,"Auction 32, lot 154",copyrighted,withheld_consult_the_edition,,"Kedem Auction House. ‘Incantation Bowl.’ Auction 32: Objects, Judaica, Israeliana, Archeology and Medals, lot 154, 2 July 2013.","Auction 32, lot 154",https://www.kedem-auctions.com/en/incantation-bowl-0,available
TXT-F7F99BE9B795,IBI-A2DAA0BC88B6,SRC-73C44B143A9D,summary,English,,Daniel James Waller,"p. 161, distribution table, C10-116",open_license,withheld_consult_the_edition,,"Waller, Daniel James, with contributions by Dorota Molin. The Bible in the Bowls: A Catalogue of Biblical Quotations in Published Jewish Babylonian Aramaic Magic Bowls. Cambridge: Open Book Publishers, 2022. DOI: 10.11647/OBP.0305.","p. 161, distribution table, C10-116",https://doi.org/10.11647/OBP.0305,available
TXT-F8E786352375,IBI-85C8219A7F74,SRC-73C44B143A9D,summary,English,,Daniel James Waller,"p. 158, distribution table, JBA 95",open_license,withheld_consult_the_edition,,"Waller, Daniel James, with contributions by Dorota Molin. The Bible in the Bowls: A Catalogue of Biblical Quotations in Published Jewish Babylonian Aramaic Magic Bowls. Cambridge: Open Book Publishers, 2022. DOI: 10.11647/OBP.0305.","p. 158, distribution table, JBA 95",https://doi.org/10.11647/OBP.0305,available
TXT-FCDAA196D774,IBI-7680B927BB2F,SRC-943673B56FB8,translation,English,,James A. Montgomery,"text 1 translation, printed pp. 117-118; PDF pp. 123-124",public_domain,included,"This the amulet of Ephra (2) bar Saborduch, wherein shall be (3) salvation for this Ephra b. S. and also (4) for this Bahmanduch bath Sama, that there be for them (5) salvation, namely for this Ephra b. S. and for this Bahmanduch b. S. (6) Amen, Amen, Selah.

This is an amulet against the Liliths that haunt the house of (7) this Ephra b. S. and this Bahmanduch b. S. (8) I adjure you, all species of Liliths in respect to your posterity, which is begotten by Demons (9) and Liliths to the children of light who go astray: Woe, who rebel and transgress against the proscription of their Lord; woe, from the blast (10) fast-flying; woe, destroying; woe, oppressing with your foul wounds ..., who do violence and trample and scourge and mutilate (11) and break and confuse and hobble and dissolve (the body) like water; woe, ...; and where you stand, (12) and where you stand (sic) fearful and affrighted are ye, bound to my ban,—who appear to mankind, to men in the likeness of women (13) and to women in the likeness of men, and with mankind they lie by night and by day.

With the formula, ṬWM (14) Š‘Š GŠ GŠK, have I written against thee, evil Lilith, whatsoever name be thine. We (15) have written. And his name shall save thee, Ephra, forever and ever.","Montgomery, James A. Aramaic Incantation Texts from Nippur. University Museum, Babylonian Section, Publications 3. Philadelphia, 1913.","text 1 translation, printed pp. 117-118; PDF pp. 123-124",https://archive.org/details/aramaicincantati00mont,available
TXT-FEB8F4355623,IBI-F094DE6A4112,SRC-943673B56FB8,translation,English,,James A. Montgomery,"text 34 translation, printed pp. 231-232; PDF pp. 237-238",public_domain,included,"This bowl is designated for the sealing of the house of Mihr-hormizd bar Mami (2) by power of the virtue of Jesus the healer, by the virtue of my mighty relative. Charmed is the dwelling, and the abode (3) and the house and the wife and the sons and the daughters of Mihr-hormizd, who is surnamed b. M.; charmed and sealed (4) even as Moses commanded the Red Sea and they (the waters) stood up like a wall on both sides. Charmed and sealed, charmed and sealed, (5) by this word which God laid upon the earth and the trees which ... their tops; charmed and sealed with the seal of the mountains and heights; (6) charmed and sealed (with the spell which is) in the heavens and the earth, the sun and the moon, the stars and (zodiacal) signs, and by the word they are charmed and remain in ward. In the name of (7) Michael the healer and Rofiel the reliever, and Gabriel the servant of the Lord.

Charmed and sealed is all evil that is in the body of Mihr-hormizd b. M. (8) and in his house (and) his wife and his sons and his daughters and his cattle and his property and in all his dwelling, by the signet of Arion son of Zand and by the seal of King Solomon son of David, (9) by which were sealed the Oppressors and the Latbe. And we have sealed with the seal of El Saddai and Abraxas the mighty lord, and the great seal with which were sealed heaven and earth and all Demons (10) and foul Knots and Latbe, which contend against him. And a seal is this against Harm and Constraint (?), that they shall not at all enter in. And every Damḳar and Šaiṭ and Šarâ are charmed by the spell of (11) fire and the enchainment of water until the dissolution of heaven and earth. Amen, Amen, Selah. Sealed and guarded be the house and wife and sons and property and body of Mihr-hormizd (12) b. M., and depart from him the Injurer and evil Dreams and the Curse and the Vow and Arts and the Tormentor and Damages and Losses and Failures and Poverty.

And sealed and protected be Bahroi bath Bath-Sahde from the Tormentor and evil Dreams and the Curse and the Vow and Arts and Practices. And charmed be the Tormentor and Lilith and Ban-spirit, who thwarts her in her hand and foot, and may it not approach nor afflict this Bahroi b. B.","Montgomery, James A. Aramaic Incantation Texts from Nippur. University Museum, Babylonian Section, Publications 3. Philadelphia, 1913.","text 34 translation, printed pp. 231-232; PDF pp. 237-238",https://archive.org/details/aramaicincantati00mont,available
TXT-FF9BE72463C0,IBI-D8C1FFD3FBED,SRC-73C44B143A9D,summary,English,,Daniel James Waller,"p. 155, distribution table, CAMIB 26",open_license,withheld_consult_the_edition,,"Waller, Daniel James, with contributions by Dorota Molin. The Bible in the Bowls: A Catalogue of Biblical Quotations in Published Jewish Babylonian Aramaic Magic Bowls. Cambridge: Open Book Publishers, 2022. DOI: 10.11647/OBP.0305.","p. 155, distribution table, CAMIB 26",https://doi.org/10.11647/OBP.0305,available
TXT-FFD2D8183348,IBI-C3A694B7B3C5,SRC-73C44B143A9D,summary,English,,Daniel James Waller,"p. 156, distribution table, JBA 05",open_license,withheld_consult_the_edition,,"Waller, Daniel James, with contributions by Dorota Molin. The Bible in the Bowls: A Catalogue of Biblical Quotations in Published Jewish Babylonian Aramaic Magic Bowls. Cambridge: Open Book Publishers, 2022. DOI: 10.11647/OBP.0305.","p. 156, distribution table, JBA 05",https://doi.org/10.11647/OBP.0305,available
